date,open,high,low,close,amount,end_time,volume,count,buy_amount,buy_volume,null,symbol
2020-01-01 00:00:00,7195.24,7196.25,7178.64,7179.78,95.509133,1577837099999.0,686317.13625177,1127.0,32.773245,235537.29504531,0.0,BTCUSDT
2020-01-01 00:05:00,7179.76,7191.77,7178.2,7191.07,59.365225,1577837399999.0,426481.26036406,631.0,24.766513,177935.618201,0.0,BTCUSDT
2020-01-01 00:10:00,7193.15,7193.53,7180.24,7180.97,48.06851,1577837699999.0,345446.50301879,694.0,19.422283,139596.62168263,0.0,BTCUSDT
2020-01-01 00:15:00,7180.97,7186.4,7177.35,7178.29,32.192929,1577837999999.0,231162.55542356,576.0,12.963258,93091.43327629,0.0,BTCUSDT
2020-01-01 00:20:00,7177.71,7182.46,7175.47,7176.96,49.027397,1577838299999.0,351927.89388145,710.0,22.819744,163817.88115474,0.0,BTCUSDT
2020-01-01 00:25:00,7177.59,7185.56,7176.11,7178.45,47.022328,1577838599999.0,337612.29777385,662.0,22.606108,162317.15701592,0.0,BTCUSDT
2020-01-01 00:30:00,7178.19,7185.44,7177.54,7180.68,35.10983,1577838899999.0,252130.90500262,635.0,19.139541,137447.70846574,0.0,BTCUSDT
2020-01-01 00:35:00,7180.96,7182.53,7176.23,7177.53,24.863496,1577839199999.0,178533.13638991,515.0,10.400679,74689.13949208,0.0,BTCUSDT
2020-01-01 00:40:00,7177.14,7182.45,7176.34,7179.56,23.514132,1577839499999.0,168815.11141275,430.0,14.282154,102530.47311368,0.0,BTCUSDT
2020-01-01 00:45:00,7179.35,7182.99,7179.35,7182.94,21.35885,1577839799999.0,153387.48781809,388.0,13.239753,95080.11545929,0.0,BTCUSDT
2020-01-01 00:50:00,7182.94,7183.98,7175.51,7179.03,42.910971,1577840099999.0,308092.13673214,739.0,20.422548,146652.86619733,0.0,BTCUSDT
2020-01-01 00:55:00,7178.65,7181.75,7175.46,7177.02,32.8721,1577840399999.0,235950.15541644,533.0,13.3173,95592.88054636,0.0,BTCUSDT
2020-01-01 01:00:00,7176.47,7185.86,7175.71,7183.29,30.163076,1577840699999.0,216611.56911648,596.0,13.607985,97723.5160686,0.0,BTCUSDT
2020-01-01 01:05:00,7183.55,7194.04,7182.82,7189.62,44.803327,1577840999999.0,322109.95174577,564.0,31.193218,224247.23205552,0.0,BTCUSDT
2020-01-01 01:10:00,7189.63,7194.04,7188.62,7190.86,28.554119,1577841299999.0,205367.58317887,428.0,11.450175,82359.75026194,0.0,BTCUSDT
2020-01-01 01:15:00,7190.46,7194.27,7189.23,7194.06,24.216078,1577841599999.0,174147.67835753,449.0,9.210245,66240.18705864,0.0,BTCUSDT
2020-01-01 01:20:00,7193.02,7198.0,7190.79,7192.39,34.107575,1577841899999.0,245382.36092326,546.0,15.498763,111511.59548775,0.0,BTCUSDT
2020-01-01 01:25:00,7193.01,7217.0,7191.98,7212.1,193.219399,1577842199999.0,1392268.35865829,1477.0,141.44239,1019053.48118736,0.0,BTCUSDT
2020-01-01 01:30:00,7212.1,7230.0,7211.32,7218.83,273.46807,1577842499999.0,1974637.04622372,1837.0,204.419503,1475997.47530984,0.0,BTCUSDT
2020-01-01 01:35:00,7219.11,7221.95,7210.53,7216.0,60.977766,1577842799999.0,440073.27302928,696.0,25.912918,187028.64162685,0.0,BTCUSDT
2020-01-01 01:40:00,7216.02,7219.11,7207.17,7211.87,52.801416,1577843099999.0,380871.0549271,670.0,27.731478,200051.89521924,0.0,BTCUSDT
2020-01-01 01:45:00,7212.34,7212.67,7205.01,7205.08,47.987055,1577843399999.0,345869.923018,583.0,22.702456,163640.51690998,0.0,BTCUSDT
2020-01-01 01:50:00,7205.08,7211.77,7204.28,7209.35,54.491792,1577843699999.0,392739.251019,668.0,43.092625,310591.99690708,0.0,BTCUSDT
2020-01-01 01:55:00,7209.75,7216.41,7207.39,7216.27,38.26293,1577843999999.0,275874.49091546,519.0,24.459663,176357.76159813,0.0,BTCUSDT
2020-01-01 02:00:00,7215.52,7223.37,7214.09,7217.25,62.727497,1577844299999.0,452754.08488518,809.0,34.324108,247754.4946424,0.0,BTCUSDT
2020-01-01 02:05:00,7217.21,7223.8,7214.27,7217.18,40.37927,1577844599999.0,291472.74386075,450.0,22.141853,159841.97734924,0.0,BTCUSDT
2020-01-01 02:10:00,7217.73,7219.03,7211.41,7211.97,30.653886,1577844899999.0,221159.98976269,440.0,11.447213,82588.05896068,0.0,BTCUSDT
2020-01-01 02:15:00,7212.87,7225.0,7212.15,7224.2,32.415222,1577845199999.0,234036.3096038,410.0,26.242265,189467.38539295,0.0,BTCUSDT
2020-01-01 02:20:00,7224.2,7230.0,7218.97,7229.32,36.710927,1577845499999.0,265247.94179368,540.0,15.180706,109691.04940257,0.0,BTCUSDT
2020-01-01 02:25:00,7229.5,7238.88,7224.91,7228.09,106.131355,1577845799999.0,767622.84737177,1031.0,45.929226,332190.77953536,0.0,BTCUSDT
2020-01-01 02:30:00,7227.12,7236.07,7226.79,7234.76,56.688336,1577846099999.0,409950.24832819,629.0,33.52172,242416.94296405,0.0,BTCUSDT
2020-01-01 02:35:00,7233.83,7235.83,7228.08,7232.21,73.99718,1577846399999.0,535146.9343372,660.0,41.722035,301706.93949934,0.0,BTCUSDT
2020-01-01 02:40:00,7232.75,7237.99,7229.65,7237.63,42.633819,1577846699999.0,308344.14964985,462.0,25.209895,182352.19988289,0.0,BTCUSDT
2020-01-01 02:45:00,7237.42,7237.81,7231.93,7236.13,38.429914,1577846999999.0,278030.89841814,517.0,17.192931,124376.96447313,0.0,BTCUSDT
2020-01-01 02:50:00,7237.21,7244.2,7232.2,7243.65,89.94917,1577847299999.0,651134.69258648,964.0,62.150633,449941.31467835,0.0,BTCUSDT
2020-01-01 02:55:00,7243.07,7244.87,7238.0,7242.85,44.440233,1577847599999.0,321818.54759365,554.0,22.117678,160185.7183068,0.0,BTCUSDT
2020-01-01 03:00:00,7242.66,7245.0,7230.25,7235.33,87.259123,1577847899999.0,631447.62459136,879.0,37.942024,274571.31474658,0.0,BTCUSDT
2020-01-01 03:05:00,7235.18,7235.66,7220.1,7224.98,108.385003,1577848199999.0,783396.65916757,817.0,32.880559,237655.73210438,0.0,BTCUSDT
2020-01-01 03:10:00,7224.98,7229.7,7223.43,7228.5,75.378899,1577848499999.0,544807.5491365,1115.0,58.982924,426315.39696847,0.0,BTCUSDT
2020-01-01 03:15:00,7227.43,7235.5,7227.19,7235.5,76.264249,1577848799999.0,551573.18631218,943.0,37.749267,273025.08551912,0.0,BTCUSDT
2020-01-01 03:20:00,7234.11,7237.41,7232.87,7235.87,33.335067,1577849099999.0,241201.10946398,441.0,18.960326,137194.64025894,0.0,BTCUSDT
2020-01-01 03:25:00,7235.53,7238.77,7231.23,7237.15,59.789927,1577849399999.0,432635.4042669,513.0,21.923535,158638.22394497,0.0,BTCUSDT
2020-01-01 03:30:00,7237.82,7244.33,7237.16,7243.77,60.0435,1577849699999.0,434749.07955829,730.0,39.238168,284107.15196442,0.0,BTCUSDT
2020-01-01 03:35:00,7242.4,7242.48,7226.0,7228.85,81.881714,1577849999999.0,592247.75679263,746.0,32.048259,231821.72249382,0.0,BTCUSDT
2020-01-01 03:40:00,7228.75,7231.99,7220.23,7221.27,61.273717,1577850299999.0,442872.8520779,687.0,19.550564,141333.464166,0.0,BTCUSDT
2020-01-01 03:45:00,7221.27,7227.89,7220.0,7227.5,38.46044,1577850599999.0,277860.78916774,457.0,22.09755,159653.74473906,0.0,BTCUSDT
2020-01-01 03:50:00,7228.18,7228.18,7223.21,7226.06,45.602554,1577850899999.0,329514.40238701,481.0,31.849995,230144.86529585,0.0,BTCUSDT
2020-01-01 03:55:00,7225.58,7230.78,7223.61,7225.01,56.050674,1577851199999.0,405060.88008397,528.0,41.58764,300526.01308976,0.0,BTCUSDT
2020-01-01 04:00:00,7225.0,7229.72,7223.93,7228.58,64.682238,1577851499999.0,467474.8003961,951.0,41.813752,302211.15876344,0.0,BTCUSDT
2020-01-01 04:05:00,7228.09,7229.88,7224.61,7228.14,36.798454,1577851799999.0,265966.2144469,550.0,26.002067,187939.28832884,0.0,BTCUSDT
2020-01-01 04:10:00,7228.31,7228.32,7217.81,7219.09,51.086989,1577852099999.0,368931.80202095,484.0,12.113086,87490.58963907,0.0,BTCUSDT
2020-01-01 04:15:00,7218.61,7223.0,7216.42,7220.77,75.558678,1577852399999.0,545570.9607256,727.0,37.687408,272118.59583915,0.0,BTCUSDT
2020-01-01 04:20:00,7221.89,7222.68,7215.03,7219.49,35.802333,1577852699999.0,258480.4620736,412.0,18.060213,130391.08966751,0.0,BTCUSDT
2020-01-01 04:25:00,7219.76,7224.46,7216.5,7222.23,56.62756,1577852999999.0,408865.9870569,472.0,41.909718,302595.33020472,0.0,BTCUSDT
2020-01-01 04:30:00,7221.21,7230.0,7220.18,7229.15,35.025332,1577853299999.0,253070.20253954,479.0,21.17734,153002.44000865,0.0,BTCUSDT
2020-01-01 04:35:00,7228.08,7229.46,7224.71,7226.07,23.223855,1577853599999.0,167836.02781024,366.0,9.224369,66662.48472504,0.0,BTCUSDT
2020-01-01 04:40:00,7225.62,7225.92,7220.69,7221.92,22.107873,1577853899999.0,159678.77801605,311.0,7.855918,56745.0498607,0.0,BTCUSDT
2020-01-01 04:45:00,7221.84,7228.9,7221.84,7227.98,23.831594,1577854199999.0,172206.24625127,402.0,14.653159,105894.67778112,0.0,BTCUSDT
2020-01-01 04:50:00,7227.97,7228.78,7217.35,7218.73,26.898785,1577854499999.0,194294.66647334,413.0,6.994851,50523.84820653,0.0,BTCUSDT
2020-01-01 04:55:00,7218.95,7220.69,7216.18,7217.27,16.168887,1577854799999.0,116717.70198028,329.0,6.022825,43478.89534317,0.0,BTCUSDT
2020-01-01 05:00:00,7217.26,7227.26,7217.26,7225.67,34.968134,1577855099999.0,252609.4993073,541.0,26.779811,193453.63635103,0.0,BTCUSDT
2020-01-01 05:05:00,7224.66,7228.68,7223.57,7227.14,32.472218,1577855399999.0,234667.25894116,462.0,24.752515,178884.72437966,0.0,BTCUSDT
2020-01-01 05:10:00,7227.4,7229.76,7221.56,7223.95,30.646537,1577855699999.0,221453.89762279,603.0,13.597286,98267.97896135,0.0,BTCUSDT
2020-01-01 05:15:00,7223.14,7223.67,7218.83,7218.88,20.309113,1577855999999.0,146659.00191127,372.0,5.832543,42118.0022785,0.0,BTCUSDT
2020-01-01 05:20:00,7219.24,7222.05,7216.65,7218.3,30.368248,1577856299999.0,219208.79822695,437.0,13.303163,96027.78073255,0.0,BTCUSDT
2020-01-01 05:25:00,7217.75,7223.07,7216.82,7220.18,28.253298,1577856599999.0,204004.34580752,482.0,21.329711,154013.21430874,0.0,BTCUSDT
2020-01-01 05:30:00,7220.17,7222.88,7218.62,7221.76,27.304449,1577856899999.0,197150.58862357,415.0,14.782352,106740.59677692,0.0,BTCUSDT
2020-01-01 05:35:00,7221.46,7224.14,7221.1,7222.53,18.490987,1577857199999.0,133555.86684313,388.0,13.20074,95345.67318215,0.0,BTCUSDT
2020-01-01 05:40:00,7222.28,7222.3,7218.05,7220.6,37.610482,1577857499999.0,271536.7153052,431.0,5.713836,41255.87333634,0.0,BTCUSDT
2020-01-01 05:45:00,7220.31,7227.0,7219.54,7225.98,32.152634,1577857799999.0,232250.46191883,943.0,24.766307,178901.99079728,0.0,BTCUSDT
2020-01-01 05:50:00,7225.79,7228.16,7222.2,7226.99,31.899579,1577858099999.0,230517.47154002,850.0,21.862155,157989.29119314,0.0,BTCUSDT
2020-01-01 05:55:00,7226.99,7226.99,7220.77,7224.21,20.194917,1577858399999.0,145893.34058954,605.0,8.978106,64860.63542829,0.0,BTCUSDT
2020-01-01 06:00:00,7224.24,7228.31,7222.87,7226.84,32.176161,1577858699999.0,232478.94860622,696.0,20.41636,147513.63161242,0.0,BTCUSDT
2020-01-01 06:05:00,7226.69,7229.0,7224.97,7228.99,26.280669,1577858999999.0,189927.47327235,773.0,17.167185,124065.5666916,0.0,BTCUSDT
2020-01-01 06:10:00,7228.87,7231.68,7226.37,7229.31,48.526293,1577859299999.0,350825.29790894,853.0,33.434871,241730.60177746,0.0,BTCUSDT
2020-01-01 06:15:00,7229.31,7236.27,7227.03,7232.57,69.268823,1577859599999.0,500908.47712048,1024.0,38.889639,281264.02824735,0.0,BTCUSDT
2020-01-01 06:20:00,7232.77,7235.36,7230.82,7231.51,81.614612,1577859899999.0,590339.8534082,1062.0,34.499249,249551.88898135,0.0,BTCUSDT
2020-01-01 06:25:00,7231.7,7235.0,7231.5,7233.71,50.768642,1577860199999.0,367193.512758,961.0,25.776031,186431.82333437,0.0,BTCUSDT
2020-01-01 06:30:00,7233.28,7233.89,7227.2,7229.06,83.745461,1577860499999.0,605526.40949818,1018.0,21.702077,156920.41166167,0.0,BTCUSDT
2020-01-01 06:35:00,7229.55,7231.83,7229.06,7230.65,40.778025,1577860799999.0,294825.53992421,666.0,17.874823,129238.49883117,0.0,BTCUSDT
2020-01-01 06:40:00,7230.93,7232.0,7229.63,7229.63,66.474321,1577861099999.0,480681.93135982,888.0,25.31732,183080.33909957,0.0,BTCUSDT
2020-01-01 06:45:00,7229.63,7229.64,7225.18,7228.53,39.506778,1577861399999.0,285518.51502976,577.0,15.864574,114654.68727545,0.0,BTCUSDT
2020-01-01 06:50:00,7228.14,7229.64,7223.14,7223.15,41.741959,1577861699999.0,301630.24192435,598.0,15.054934,108787.72518595,0.0,BTCUSDT
2020-01-01 06:55:00,7223.15,7226.33,7221.51,7225.62,40.585279,1577861999999.0,293192.0448975,602.0,22.403267,161853.88765066,0.0,BTCUSDT
2020-01-01 07:00:00,7225.88,7227.43,7225.0,7226.6,53.851054,1577862299999.0,389135.26650536,860.0,32.514271,234961.13030143,0.0,BTCUSDT
2020-01-01 07:05:00,7226.6,7227.11,7223.32,7226.0,47.961328,1577862599999.0,346562.96312687,889.0,28.273391,204309.90724139,0.0,BTCUSDT
2020-01-01 07:10:00,7226.54,7231.89,7225.23,7231.08,50.720498,1577862899999.0,366637.45636705,682.0,34.658121,250530.32144116,0.0,BTCUSDT
2020-01-01 07:15:00,7230.85,7232.0,7228.61,7231.0,41.539559,1577863199999.0,300361.57311833,627.0,17.385514,125711.19173071,0.0,BTCUSDT
2020-01-01 07:20:00,7231.33,7231.62,7228.47,7229.29,21.16806,1577863499999.0,153045.20680893,353.0,9.866064,71334.96371988,0.0,BTCUSDT
2020-01-01 07:25:00,7229.53,7232.94,7229.33,7231.27,32.3931,1577863799999.0,234243.78289005,462.0,18.099063,130878.44407091,0.0,BTCUSDT
2020-01-01 07:30:00,7231.04,7232.86,7218.0,7220.15,75.222457,1577864099999.0,543543.81017437,662.0,18.400633,132976.71606098,0.0,BTCUSDT
2020-01-01 07:35:00,7220.1,7220.79,7212.19,7212.95,61.428341,1577864399999.0,443251.15853265,631.0,34.342934,247822.65721956,0.0,BTCUSDT
2020-01-01 07:40:00,7213.25,7213.27,7199.11,7199.88,95.151297,1577864699999.0,685716.2660525,1050.0,38.691213,278865.28158313,0.0,BTCUSDT
2020-01-01 07:45:00,7199.88,7209.98,7199.11,7208.62,49.893682,1577864999999.0,359501.86248805,581.0,38.60946,278196.72648012,0.0,BTCUSDT
2020-01-01 07:50:00,7208.39,7214.12,7201.97,7213.74,52.954557,1577865299999.0,381650.37279426,552.0,31.146742,224491.15555038,0.0,BTCUSDT
2020-01-01 07:55:00,7212.72,7213.33,7206.56,7209.83,45.060921,1577865599999.0,324883.21409857,499.0,20.910269,150765.94409306,0.0,BTCUSDT
2020-01-01 08:00:00,7209.83,7210.0,7200.88,7204.36,34.08682,1577865899999.0,245583.53276861,496.0,16.262816,117156.02885021,0.0,BTCUSDT
2020-01-01 08:05:00,7204.37,7206.81,7200.0,7202.99,52.868199,1577866199999.0,380843.68082864,564.0,26.568084,191397.41119951,0.0,BTCUSDT
2020-01-01 08:10:00,7203.0,7203.0,7193.65,7195.21,96.847538,1577866499999.0,697096.37831813,836.0,41.79554,300820.42786693,0.0,BTCUSDT
2020-01-01 08:15:00,7195.21,7195.21,7186.71,7188.24,120.487628,1577866799999.0,866276.15187203,1393.0,45.033971,323776.1234064,0.0,BTCUSDT
2020-01-01 08:20:00,7187.33,7196.77,7187.33,7196.54,57.232649,1577867099999.0,411653.34042829,511.0,32.012918,230256.89417153,0.0,BTCUSDT
2020-01-01 08:25:00,7195.46,7196.51,7188.96,7189.97,63.565791,1577867399999.0,457235.69778488,527.0,21.076319,151594.66772247,0.0,BTCUSDT
2020-01-01 08:30:00,7189.97,7194.95,7185.98,7194.68,58.345208,1577867699999.0,419491.72172316,564.0,33.830108,243246.92752137,0.0,BTCUSDT
2020-01-01 08:35:00,7194.69,7194.69,7191.0,7192.54,47.83515,1577867999999.0,344061.49233499,469.0,17.588185,126511.77316152,0.0,BTCUSDT
2020-01-01 08:40:00,7192.54,7192.54,7182.15,7185.4,68.349265,1577868299999.0,491305.21278308,774.0,29.354659,211035.02075953,0.0,BTCUSDT
2020-01-01 08:45:00,7185.39,7186.04,7180.0,7184.22,129.666483,1577868599999.0,931201.64872168,1236.0,36.672483,263384.1003897,0.0,BTCUSDT
2020-01-01 08:50:00,7184.98,7191.99,7183.93,7191.99,54.629656,1577868899999.0,392739.6875933,641.0,42.032462,302181.88813572,0.0,BTCUSDT
2020-01-01 08:55:00,7191.73,7202.74,7189.25,7200.64,131.631587,1577869199999.0,947277.82386623,836.0,98.659919,710075.72561543,0.0,BTCUSDT
2020-01-01 09:00:00,7200.29,7210.51,7196.65,7197.42,81.861362,1577869499999.0,589753.46663747,842.0,30.5786,220274.09914852,0.0,BTCUSDT
2020-01-01 09:05:00,7197.41,7203.16,7194.33,7194.49,48.786337,1577869799999.0,351116.37113254,496.0,29.912253,215289.62641887,0.0,BTCUSDT
2020-01-01 09:10:00,7195.28,7201.66,7191.91,7193.68,68.155031,1577870099999.0,490431.80575637,810.0,27.664614,199099.36342801,0.0,BTCUSDT
2020-01-01 09:15:00,7194.38,7195.72,7190.02,7195.05,48.386387,1577870399999.0,348029.17110119,611.0,22.904191,164749.52742895,0.0,BTCUSDT
2020-01-01 09:20:00,7194.54,7197.84,7193.75,7195.31,33.101415,1577870699999.0,238196.92546342,410.0,20.082012,144514.01834173,0.0,BTCUSDT
2020-01-01 09:25:00,7195.29,7199.0,7192.66,7196.98,67.393507,1577870999999.0,484965.861688,667.0,37.58967,270520.27904991,0.0,BTCUSDT
2020-01-01 09:30:00,7197.25,7200.85,7197.22,7200.19,22.270721,1577871299999.0,160319.33162057,327.0,15.942934,114769.37659283,0.0,BTCUSDT
2020-01-01 09:35:00,7200.04,7204.0,7197.07,7199.48,54.489081,1577871599999.0,392365.38406442,548.0,25.542665,183947.88871,0.0,BTCUSDT
2020-01-01 09:40:00,7198.79,7200.47,7195.86,7199.63,73.266771,1577871899999.0,527406.89801496,910.0,31.793019,228879.9942621,0.0,BTCUSDT
2020-01-01 09:45:00,7199.63,7199.79,7197.47,7198.56,24.79904,1577872199999.0,178519.13326593,421.0,12.823611,92314.81541343,0.0,BTCUSDT
2020-01-01 09:50:00,7199.51,7199.51,7192.59,7192.88,58.79667,1577872499999.0,423069.94025739,563.0,14.542473,104648.30523577,0.0,BTCUSDT
2020-01-01 09:55:00,7192.88,7193.72,7188.0,7188.77,55.07978,1577872799999.0,396105.3247206,572.0,18.142291,130466.60964393,0.0,BTCUSDT
2020-01-01 10:00:00,7189.07,7195.66,7185.2,7193.31,67.409084,1577873099999.0,484672.17726741,947.0,41.060278,295256.17944062,0.0,BTCUSDT
2020-01-01 10:05:00,7193.31,7199.99,7191.56,7199.18,48.005402,1577873399999.0,345432.11092446,548.0,30.877992,222189.51692809,0.0,BTCUSDT
2020-01-01 10:10:00,7200.0,7204.0,7196.77,7203.0,49.441183,1577873699999.0,356015.55792724,537.0,24.316883,175101.30419735,0.0,BTCUSDT
2020-01-01 10:15:00,7203.98,7206.51,7201.97,7204.74,53.171267,1577873999999.0,383058.07400913,602.0,25.636326,184693.08187441,0.0,BTCUSDT
2020-01-01 10:20:00,7205.68,7206.56,7200.98,7203.89,52.329015,1577874299999.0,376932.08816866,623.0,22.147023,159533.32591589,0.0,BTCUSDT
2020-01-01 10:25:00,7203.89,7206.78,7202.95,7205.95,41.628092,1577874599999.0,299941.08942932,492.0,30.555327,220161.38727418,0.0,BTCUSDT
2020-01-01 10:30:00,7205.95,7206.61,7198.66,7198.68,44.823172,1577874899999.0,322816.32478738,514.0,11.822793,85139.53058093,0.0,BTCUSDT
2020-01-01 10:35:00,7199.27,7205.0,7197.99,7203.16,38.782957,1577875199999.0,279333.74992818,458.0,29.397912,211745.65167492,0.0,BTCUSDT
2020-01-01 10:40:00,7204.02,7208.52,7202.96,7207.9,33.613495,1577875499999.0,242183.38553203,427.0,22.464451,161860.17002752,0.0,BTCUSDT
2020-01-01 10:45:00,7208.39,7210.0,7203.09,7203.09,50.427114,1577875799999.0,363413.70303569,522.0,22.927543,165268.90280917,0.0,BTCUSDT
2020-01-01 10:50:00,7203.09,7203.97,7199.59,7200.91,32.689741,1577876099999.0,235416.93336303,402.0,14.251216,102632.56287365,0.0,BTCUSDT
2020-01-01 10:55:00,7201.24,7203.91,7200.31,7202.0,25.442282,1577876399999.0,183219.04503891,345.0,12.820737,92324.65580757,0.0,BTCUSDT
2020-01-01 11:00:00,7202.01,7203.42,7200.32,7202.83,24.622646,1577876699999.0,177316.85235684,386.0,13.554578,97612.34073987,0.0,BTCUSDT
2020-01-01 11:05:00,7202.83,7208.27,7202.46,7207.84,28.119969,1577876999999.0,202612.35578729,541.0,21.103469,152055.19002598,0.0,BTCUSDT
2020-01-01 11:10:00,7207.83,7209.15,7205.2,7208.0,37.789146,1577877299999.0,272372.37983022,540.0,20.584615,148371.30799818,0.0,BTCUSDT
2020-01-01 11:15:00,7208.0,7208.59,7203.92,7204.62,38.059754,1577877599999.0,274263.88824236,471.0,13.09296,94354.37410752,0.0,BTCUSDT
2020-01-01 11:20:00,7204.96,7229.91,7204.43,7229.71,212.122118,1577877899999.0,1531467.56512932,1757.0,107.132608,773242.9723573,0.0,BTCUSDT
2020-01-01 11:25:00,7229.62,7237.73,7220.44,7222.83,149.695237,1577878199999.0,1082181.32878809,1491.0,79.767777,576698.54273934,0.0,BTCUSDT
2020-01-01 11:30:00,7222.96,7234.57,7221.63,7222.84,82.381744,1577878499999.0,595537.7610149,919.0,41.732481,301698.16078486,0.0,BTCUSDT
2020-01-01 11:35:00,7222.98,7224.83,7218.2,7220.89,63.896406,1577878799999.0,461440.03482125,778.0,36.149144,261060.63206259,0.0,BTCUSDT
2020-01-01 11:40:00,7220.75,7228.76,7218.01,7228.5,50.84527,1577879099999.0,367201.53145866,744.0,33.394453,241183.61529947,0.0,BTCUSDT
2020-01-01 11:45:00,7228.49,7228.97,7211.01,7211.02,114.477984,1577879399999.0,826682.47806307,1081.0,54.019785,390160.53134272,0.0,BTCUSDT
2020-01-01 11:50:00,7211.12,7211.81,7188.61,7193.97,222.572478,1577879699999.0,1601781.24728631,1697.0,97.853903,704129.37553255,0.0,BTCUSDT
2020-01-01 11:55:00,7193.92,7202.11,7191.71,7197.2,52.376729,1577879999999.0,376980.94562324,661.0,27.274263,196311.69140391,0.0,BTCUSDT
2020-01-01 12:00:00,7197.2,7209.71,7196.15,7204.08,79.548131,1577880299999.0,573023.02841991,850.0,49.539104,356851.42814616,0.0,BTCUSDT
2020-01-01 12:05:00,7204.41,7216.3,7203.0,7216.19,54.482368,1577880599999.0,392704.28556352,721.0,30.673131,221110.71227317,0.0,BTCUSDT
2020-01-01 12:10:00,7216.11,7216.76,7204.9,7204.9,80.503132,1577880899999.0,580539.16202605,713.0,43.058306,310508.61859781,0.0,BTCUSDT
2020-01-01 12:15:00,7205.08,7216.76,7203.62,7213.87,52.405199,1577881199999.0,377895.73440251,670.0,27.651217,199395.19681518,0.0,BTCUSDT
2020-01-01 12:20:00,7213.89,7220.9,7213.7,7219.99,53.515896,1577881499999.0,386250.8621656,672.0,25.447624,183675.27962089,0.0,BTCUSDT
2020-01-01 12:25:00,7221.0,7221.14,7210.62,7211.23,47.056817,1577881799999.0,339542.91022334,587.0,20.263983,146218.15383804,0.0,BTCUSDT
2020-01-01 12:30:00,7211.35,7215.01,7206.41,7215.0,51.522328,1577882099999.0,371550.42137925,569.0,34.0017,245225.26276959,0.0,BTCUSDT
2020-01-01 12:35:00,7215.0,7226.42,7214.99,7219.35,155.504209,1577882399999.0,1122792.38923219,1517.0,99.349147,717360.6743157,0.0,BTCUSDT
2020-01-01 12:40:00,7219.44,7225.95,7214.96,7220.3,97.110353,1577882699999.0,701145.65339637,1144.0,50.459936,364359.82903673,0.0,BTCUSDT
2020-01-01 12:45:00,7220.52,7225.29,7215.2,7223.52,31.008436,1577882999999.0,223876.7727223,454.0,17.281185,124771.45383286,0.0,BTCUSDT
2020-01-01 12:50:00,7222.74,7227.88,7218.22,7224.98,62.311695,1577883299999.0,450098.93222259,670.0,33.824844,244327.66903276,0.0,BTCUSDT
2020-01-01 12:55:00,7224.67,7233.33,7222.21,7225.59,103.785016,1577883599999.0,750025.38695698,835.0,72.904768,526903.36427594,0.0,BTCUSDT
2020-01-01 13:00:00,7225.84,7230.5,7219.66,7219.66,64.351247,1577883899999.0,464863.07908474,658.0,26.145433,188907.39234083,0.0,BTCUSDT
2020-01-01 13:05:00,7219.86,7224.76,7215.19,7218.19,88.770958,1577884199999.0,641007.86450839,713.0,38.67159,279233.59314266,0.0,BTCUSDT
2020-01-01 13:10:00,7219.17,7221.3,7216.51,7220.95,53.68071,1577884499999.0,387520.42321312,649.0,39.437012,284698.29249803,0.0,BTCUSDT
2020-01-01 13:15:00,7220.95,7220.98,7213.56,7214.09,49.80116,1577884799999.0,359426.28657854,577.0,21.391854,154391.36974175,0.0,BTCUSDT
2020-01-01 13:20:00,7214.27,7223.69,7212.88,7222.75,57.098644,1577885099999.0,412152.42920392,529.0,45.582271,329024.17484179,0.0,BTCUSDT
2020-01-01 13:25:00,7222.71,7224.62,7218.81,7221.79,41.395047,1577885399999.0,298953.32027122,471.0,22.132151,159843.13758634,0.0,BTCUSDT
2020-01-01 13:30:00,7221.93,7226.39,7220.49,7225.87,38.589154,1577885699999.0,278776.21987221,520.0,24.060833,173825.44647658,0.0,BTCUSDT
2020-01-01 13:35:00,7225.52,7231.89,7225.52,7227.57,46.148164,1577885999999.0,333576.53038738,722.0,24.609511,177895.74777988,0.0,BTCUSDT
2020-01-01 13:40:00,7227.24,7231.41,7222.05,7227.99,47.850328,1577886299999.0,345819.36825382,656.0,26.088201,188558.98802884,0.0,BTCUSDT
2020-01-01 13:45:00,7228.0,7228.0,7221.12,7226.57,50.60831,1577886599999.0,365616.30523647,488.0,19.440012,140456.38079679,0.0,BTCUSDT
2020-01-01 13:50:00,7225.84,7226.98,7221.99,7224.62,29.786517,1577886899999.0,215176.54510957,550.0,14.184129,102471.94679713,0.0,BTCUSDT
2020-01-01 13:55:00,7225.17,7227.17,7216.0,7221.2,44.100663,1577887199999.0,318433.23490409,707.0,21.527648,155447.90109239,0.0,BTCUSDT
2020-01-01 14:00:00,7221.17,7222.87,7217.01,7220.18,45.592678,1577887499999.0,329208.67232167,610.0,30.801363,222418.98562324,0.0,BTCUSDT
2020-01-01 14:05:00,7220.1,7220.1,7208.17,7215.88,65.025868,1577887799999.0,469050.48125834,826.0,36.570674,263824.38061036,0.0,BTCUSDT
2020-01-01 14:10:00,7216.07,7217.98,7209.39,7217.02,38.982107,1577888099999.0,281167.78816134,584.0,17.513579,126331.66755039,0.0,BTCUSDT
2020-01-01 14:15:00,7216.01,7221.83,7215.84,7220.31,26.478537,1577888399999.0,191137.00119306,502.0,12.510809,90316.03864591,0.0,BTCUSDT
2020-01-01 14:20:00,7220.89,7233.23,7220.52,7224.63,52.879821,1577888699999.0,382131.30111211,840.0,21.979744,158833.81183563,0.0,BTCUSDT
2020-01-01 14:25:00,7224.81,7232.44,7223.09,7231.37,35.72462,1577888999999.0,258193.23356321,571.0,20.726824,149810.09514351,0.0,BTCUSDT
2020-01-01 14:30:00,7231.32,7233.98,7221.75,7232.72,104.059967,1577889299999.0,752335.21265271,1061.0,45.029774,325603.39697828,0.0,BTCUSDT
2020-01-01 14:35:00,7232.71,7234.97,7219.89,7224.57,60.032933,1577889599999.0,433840.6381735,725.0,26.455614,191192.23417447,0.0,BTCUSDT
2020-01-01 14:40:00,7224.62,7231.0,7220.18,7226.79,45.052618,1577889899999.0,325527.9909396,587.0,23.781214,171844.83723795,0.0,BTCUSDT
2020-01-01 14:45:00,7226.79,7226.79,7219.89,7220.54,56.08819,1577890199999.0,405084.58973499,694.0,34.906583,252120.37098674,0.0,BTCUSDT
2020-01-01 14:50:00,7220.96,7223.78,7217.2,7220.48,49.31382,1577890499999.0,356098.66798888,606.0,24.16848,174534.40779331,0.0,BTCUSDT
2020-01-01 14:55:00,7221.25,7221.65,7216.51,7221.43,38.483026,1577890799999.0,277820.56030979,524.0,23.08143,166638.92352794,0.0,BTCUSDT
2020-01-01 15:00:00,7221.6,7225.0,7220.96,7223.34,43.047939,1577891099999.0,310958.6644201,703.0,30.725432,221949.62939202,0.0,BTCUSDT
2020-01-01 15:05:00,7223.23,7232.59,7222.97,7226.65,111.048876,1577891399999.0,802714.71578831,760.0,84.969613,614207.69271997,0.0,BTCUSDT
2020-01-01 15:10:00,7227.29,7228.6,7222.02,7224.35,42.224817,1577891699999.0,305075.53598981,575.0,14.491758,104706.08987692,0.0,BTCUSDT
2020-01-01 15:15:00,7224.35,7225.94,7220.6,7222.16,51.997887,1577891999999.0,375612.6047932,611.0,19.624852,141764.59358756,0.0,BTCUSDT
2020-01-01 15:20:00,7221.87,7225.17,7218.29,7222.39,130.709892,1577892299999.0,943898.9673578,986.0,93.47994,675034.9370617,0.0,BTCUSDT
2020-01-01 15:25:00,7222.39,7228.91,7222.24,7228.13,53.487469,1577892599999.0,386473.41941993,807.0,39.254326,283633.97982383,0.0,BTCUSDT
2020-01-01 15:30:00,7228.13,7232.07,7224.19,7232.0,57.899204,1577892899999.0,418574.28221765,786.0,34.269788,247769.29785506,0.0,BTCUSDT
2020-01-01 15:35:00,7232.01,7255.0,7229.43,7252.17,533.639131,1577893199999.0,3864776.7233703,2566.0,423.315098,3065617.2971465,0.0,BTCUSDT
2020-01-01 15:40:00,7252.1,7252.1,7230.99,7236.0,121.269385,1577893499999.0,878069.82657258,1381.0,57.768506,418285.00005495,0.0,BTCUSDT
2020-01-01 15:45:00,7235.39,7240.06,7225.81,7226.95,88.178401,1577893799999.0,637819.02687159,823.0,41.945519,303447.59734175,0.0,BTCUSDT
2020-01-01 15:50:00,7226.95,7228.76,7218.46,7227.79,86.182725,1577894099999.0,622634.83169503,944.0,52.982055,382810.83060528,0.0,BTCUSDT
2020-01-01 15:55:00,7227.83,7234.28,7227.83,7234.19,74.203066,1577894399999.0,536587.77947451,835.0,48.200554,348551.21900234,0.0,BTCUSDT
2020-01-01 16:00:00,7234.2,7238.47,7228.33,7228.33,122.018015,1577894699999.0,882723.66098862,1477.0,50.343573,364219.39809956,0.0,BTCUSDT
2020-01-01 16:05:00,7228.99,7229.36,7223.29,7226.43,115.362154,1577894999999.0,833610.04911697,1051.0,59.34602,428832.00516561,0.0,BTCUSDT
2020-01-01 16:10:00,7225.83,7234.06,7224.3,7231.23,57.462729,1577895299999.0,415406.24930695,617.0,35.664895,257822.93336714,0.0,BTCUSDT
2020-01-01 16:15:00,7230.51,7231.33,7217.36,7217.36,75.175237,1577895599999.0,543035.86730292,921.0,33.580226,242557.53669617,0.0,BTCUSDT
2020-01-01 16:20:00,7217.85,7222.86,7214.0,7219.33,73.152594,1577895899999.0,527990.40760516,752.0,33.770934,243778.35199203,0.0,BTCUSDT
2020-01-01 16:25:00,7219.36,7222.0,7215.12,7218.68,62.667798,1577896199999.0,452429.5266767,618.0,39.402534,284476.66827513,0.0,BTCUSDT
2020-01-01 16:30:00,7218.61,7221.5,7216.77,7219.95,46.003087,1577896499999.0,332110.77364232,547.0,18.616491,134397.88791763,0.0,BTCUSDT
2020-01-01 16:35:00,7220.28,7227.59,7217.49,7225.62,98.557107,1577896799999.0,711761.55672242,907.0,61.670013,445421.90458046,0.0,BTCUSDT
2020-01-01 16:40:00,7225.62,7232.06,7224.93,7228.57,86.737559,1577897099999.0,626983.03069503,632.0,49.069943,354707.84838586,0.0,BTCUSDT
2020-01-01 16:45:00,7228.58,7230.83,7224.97,7225.01,31.333499,1577897399999.0,226419.89001476,376.0,17.002564,122862.24845889,0.0,BTCUSDT
2020-01-01 16:50:00,7225.0,7238.29,7225.0,7236.98,35.914456,1577897699999.0,259678.73893944,551.0,21.739441,157203.11401494,0.0,BTCUSDT
2020-01-01 16:55:00,7236.98,7246.42,7234.2,7245.37,77.548545,1577897999999.0,561399.55618708,1050.0,34.511411,249879.53227139,0.0,BTCUSDT
2020-01-01 17:00:00,7244.34,7248.65,7228.98,7229.81,81.62993,1577898299999.0,590978.47603771,910.0,38.937152,282004.64290514,0.0,BTCUSDT
2020-01-01 17:05:00,7230.34,7236.95,7224.92,7236.95,93.272144,1577898599999.0,674262.10828574,992.0,56.133831,405809.27234359,0.0,BTCUSDT
2020-01-01 17:10:00,7236.99,7249.99,7236.99,7239.93,214.552432,1577898899999.0,1554060.96154701,1381.0,132.175584,957243.31074493,0.0,BTCUSDT
2020-01-01 17:15:00,7239.93,7240.0,7234.57,7235.0,210.393393,1577899199999.0,1523131.342149,1313.0,171.153877,1239103.15046793,0.0,BTCUSDT
2020-01-01 17:20:00,7234.38,7248.78,7232.72,7242.62,107.276472,1577899499999.0,776697.10466867,1145.0,84.165647,609333.42817157,0.0,BTCUSDT
2020-01-01 17:25:00,7243.64,7247.03,7242.63,7244.73,74.222162,1577899799999.0,537745.24846349,578.0,42.012466,304392.59135886,0.0,BTCUSDT
2020-01-01 17:30:00,7244.76,7244.97,7233.58,7234.21,48.522353,1577900099999.0,351234.45324644,536.0,21.409241,154979.97559579,0.0,BTCUSDT
2020-01-01 17:35:00,7234.13,7240.97,7234.13,7235.09,46.347015,1577900399999.0,335462.52670896,520.0,32.308018,233853.57518862,0.0,BTCUSDT
2020-01-01 17:40:00,7234.69,7236.99,7232.87,7233.0,35.1619,1577900699999.0,254393.25680372,432.0,14.442847,104490.35602515,0.0,BTCUSDT
2020-01-01 17:45:00,7233.0,7243.6,7232.99,7238.68,64.734557,1577900999999.0,468654.9406813,759.0,40.58092,293802.68996506,0.0,BTCUSDT
2020-01-01 17:50:00,7237.8,7240.95,7236.14,7237.17,46.33924,1577901299999.0,335429.23162999,573.0,28.281817,204725.89043613,0.0,BTCUSDT
2020-01-01 17:55:00,7237.63,7237.72,7234.0,7236.83,46.758969,1577901599999.0,338321.5439672,670.0,26.661971,192917.42723458,0.0,BTCUSDT
2020-01-01 18:00:00,7237.02,7239.44,7232.02,7232.55,53.50275,1577901899999.0,387139.86944732,622.0,26.006659,188187.23821405,0.0,BTCUSDT
2020-01-01 18:05:00,7232.55,7242.06,7232.02,7241.26,36.10839,1577902199999.0,261311.06436251,485.0,25.65138,185638.71646962,0.0,BTCUSDT
2020-01-01 18:10:00,7242.04,7246.42,7237.37,7244.71,58.662701,1577902499999.0,424754.49455173,893.0,25.488907,184571.4580499,0.0,BTCUSDT
2020-01-01 18:15:00,7243.83,7246.72,7240.2,7241.4,65.226203,1577902799999.0,472448.91608304,678.0,33.39624,241896.78779653,0.0,BTCUSDT
2020-01-01 18:20:00,7241.37,7243.97,7237.45,7241.75,61.813155,1577903099999.0,447559.86604802,696.0,21.20777,153563.30983526,0.0,BTCUSDT
2020-01-01 18:25:00,7241.84,7243.45,7235.23,7236.28,62.675164,1577903399999.0,453804.43853226,574.0,39.375439,285110.60153667,0.0,BTCUSDT
2020-01-01 18:30:00,7235.22,7235.22,7225.17,7230.66,72.999511,1577903699999.0,527902.67785422,1002.0,35.542721,257041.18711004,0.0,BTCUSDT
2020-01-01 18:35:00,7230.21,7233.0,7225.55,7228.42,63.496874,1577903999999.0,459080.36166542,700.0,30.144304,217956.77853222,0.0,BTCUSDT
2020-01-01 18:40:00,7228.3,7234.83,7228.3,7234.52,37.697209,1577904299999.0,272648.12028998,503.0,22.699309,164175.66399915,0.0,BTCUSDT
2020-01-01 18:45:00,7234.56,7235.63,7228.08,7233.5,34.721174,1577904599999.0,251115.00562139,582.0,22.145149,160168.85467126,0.0,BTCUSDT
2020-01-01 18:50:00,7233.03,7235.58,7231.73,7234.72,23.943076,1577904899999.0,173187.54697367,324.0,15.348888,111025.1720855,0.0,BTCUSDT
2020-01-01 18:55:00,7234.85,7243.39,7234.28,7240.67,40.8471,1577905199999.0,295726.03173124,653.0,25.84051,187081.80986506,0.0,BTCUSDT
2020-01-01 19:00:00,7240.8,7241.0,7234.65,7240.0,42.593049,1577905499999.0,308268.93424287,541.0,32.820753,237543.50421996,0.0,BTCUSDT
2020-01-01 19:05:00,7239.71,7240.16,7230.8,7232.87,30.785384,1577905799999.0,222700.13407505,452.0,17.644879,127642.59172173,0.0,BTCUSDT
2020-01-01 19:10:00,7233.16,7233.49,7226.51,7232.4,29.508879,1577906099999.0,213347.76208756,598.0,15.295068,110588.90898287,0.0,BTCUSDT
2020-01-01 19:15:00,7232.36,7236.97,7232.28,7235.61,31.040364,1577906399999.0,224582.17570101,585.0,20.371775,147392.5271228,0.0,BTCUSDT
2020-01-01 19:20:00,7235.75,7236.0,7227.04,7227.41,63.950945,1577906699999.0,462500.3262834,579.0,25.810379,186681.74724493,0.0,BTCUSDT
2020-01-01 19:25:00,7227.4,7233.25,7226.0,7227.72,33.989708,1577906999999.0,245741.46100012,541.0,18.127995,131070.28973883,0.0,BTCUSDT
2020-01-01 19:30:00,7227.83,7234.17,7227.55,7234.1,35.30712,1577907299999.0,255272.59776031,436.0,15.746449,113867.3457552,0.0,BTCUSDT
2020-01-01 19:35:00,7234.1,7237.36,7230.41,7230.5,25.376851,1577907599999.0,183575.52777522,517.0,11.686944,84556.49684343,0.0,BTCUSDT
2020-01-01 19:40:00,7230.5,7236.04,7227.38,7228.47,29.045282,1577907899999.0,210070.37442845,479.0,17.011048,123045.77334029,0.0,BTCUSDT
2020-01-01 19:45:00,7228.45,7232.0,7227.08,7232.0,22.392831,1577908199999.0,161900.49249132,320.0,7.742646,55978.71037571,0.0,BTCUSDT
2020-01-01 19:50:00,7232.0,7232.7,7228.43,7231.83,40.052014,1577908499999.0,289608.40339508,353.0,10.816218,78216.82937142,0.0,BTCUSDT
2020-01-01 19:55:00,7231.31,7231.31,7225.49,7229.48,33.70421,1577908799999.0,243607.08602203,456.0,14.157748,102340.02469227,0.0,BTCUSDT
2020-01-01 20:00:00,7229.48,7236.84,7229.17,7232.69,31.019957,1577909099999.0,224349.38074823,445.0,15.628695,113034.03285731,0.0,BTCUSDT
2020-01-01 20:05:00,7232.69,7236.43,7230.07,7230.77,28.739698,1577909399999.0,207898.72803273,415.0,15.554289,112518.40189584,0.0,BTCUSDT
2020-01-01 20:10:00,7230.46,7235.42,7229.43,7231.9,46.080474,1577909699999.0,333281.94464277,493.0,29.970819,216778.06037455,0.0,BTCUSDT
2020-01-01 20:15:00,7231.9,7231.9,7224.68,7226.21,26.088338,1577909999999.0,188554.59014623,418.0,11.364378,82138.49272254,0.0,BTCUSDT
2020-01-01 20:20:00,7226.47,7230.91,7225.22,7229.87,26.727655,1577910299999.0,193189.5722427,325.0,13.296543,96107.46686206,0.0,BTCUSDT
2020-01-01 20:25:00,7229.87,7241.56,7229.87,7239.4,58.625697,1577910599999.0,424285.35411629,772.0,30.505721,220774.25886813,0.0,BTCUSDT
2020-01-01 20:30:00,7239.08,7242.98,7232.99,7235.51,35.424548,1577910899999.0,256415.51672534,629.0,19.193066,138952.43273938,0.0,BTCUSDT
2020-01-01 20:35:00,7235.27,7239.13,7231.04,7237.97,17.265618,1577911199999.0,124918.51641667,437.0,10.294083,74485.42302707,0.0,BTCUSDT
2020-01-01 20:40:00,7237.94,7238.05,7232.56,7235.11,26.525026,1577911499999.0,191917.96962015,381.0,10.445374,75576.8799466,0.0,BTCUSDT
2020-01-01 20:45:00,7235.11,7235.12,7229.7,7234.72,51.969727,1577911799999.0,375901.68350528,382.0,23.509616,170041.39056199,0.0,BTCUSDT
2020-01-01 20:50:00,7234.7,7237.07,7232.4,7234.46,20.055721,1577912099999.0,145102.27727695,350.0,7.659985,55420.43491326,0.0,BTCUSDT
2020-01-01 20:55:00,7235.48,7238.75,7233.5,7236.73,23.311715,1577912399999.0,168699.61165111,418.0,11.332235,82012.73367043,0.0,BTCUSDT
2020-01-01 21:00:00,7237.26,7237.98,7232.53,7235.28,23.632355,1577912699999.0,170989.58929888,423.0,13.16245,95235.72025966,0.0,BTCUSDT
2020-01-01 21:05:00,7235.12,7242.75,7234.32,7240.94,34.023286,1577912999999.0,246285.01064013,572.0,20.311051,147034.33343806,0.0,BTCUSDT
2020-01-01 21:10:00,7240.79,7242.0,7228.0,7233.39,50.223138,1577913299999.0,363358.44793553,822.0,22.440787,162384.45426526,0.0,BTCUSDT
2020-01-01 21:15:00,7233.28,7234.0,7227.5,7229.43,23.643916,1577913599999.0,170958.30581496,473.0,12.302686,88961.42572724,0.0,BTCUSDT
2020-01-01 21:20:00,7229.42,7236.34,7229.42,7236.32,19.62313,1577913899999.0,141931.38537207,277.0,10.383835,75109.7614647,0.0,BTCUSDT
2020-01-01 21:25:00,7236.3,7236.87,7229.0,7229.84,22.837226,1577914199999.0,165187.14276774,447.0,6.111359,44207.98402766,0.0,BTCUSDT
2020-01-01 21:30:00,7230.27,7230.85,7229.0,7229.42,10.164066,1577914499999.0,73484.20652161,247.0,5.102792,36893.00834809,0.0,BTCUSDT
2020-01-01 21:35:00,7229.45,7232.43,7227.0,7227.19,23.48202,1577914799999.0,169772.63114886,422.0,12.169388,87982.98858081,0.0,BTCUSDT
2020-01-01 21:40:00,7227.2,7236.55,7227.0,7234.15,18.337834,1577915099999.0,132628.01141145,404.0,12.262249,88683.23555574,0.0,BTCUSDT
2020-01-01 21:45:00,7234.22,7237.97,7231.27,7236.24,18.048672,1577915399999.0,130559.64503074,312.0,7.176072,51914.96965442,0.0,BTCUSDT
2020-01-01 21:50:00,7236.15,7238.23,7231.25,7234.23,21.290029,1577915699999.0,154034.09070127,367.0,10.028183,72562.45896763,0.0,BTCUSDT
2020-01-01 21:55:00,7234.75,7235.93,7232.24,7233.17,20.148406,1577915999999.0,145749.02732692,348.0,11.026392,79763.86283368,0.0,BTCUSDT
2020-01-01 22:00:00,7233.32,7234.49,7222.53,7224.5,72.720299,1577916299999.0,525511.31092741,951.0,38.876456,280936.95800072,0.0,BTCUSDT
2020-01-01 22:05:00,7223.47,7228.86,7217.47,7219.85,63.214782,1577916599999.0,456609.90235825,1146.0,26.725873,193090.87409375,0.0,BTCUSDT
2020-01-01 22:10:00,7219.44,7225.81,7213.0,7223.5,57.193754,1577916899999.0,412869.61875467,840.0,34.241525,247185.78004516,0.0,BTCUSDT
2020-01-01 22:15:00,7223.5,7228.72,7222.26,7227.03,26.507774,1577917199999.0,191561.59622695,379.0,13.519883,97703.39045617,0.0,BTCUSDT
2020-01-01 22:20:00,7227.1,7228.67,7215.05,7220.54,50.113937,1577917499999.0,361798.82687036,652.0,18.238366,131671.17693734,0.0,BTCUSDT
2020-01-01 22:25:00,7221.44,7222.77,7214.68,7215.78,25.407785,1577917799999.0,183444.10969375,363.0,7.919421,57186.81009632,0.0,BTCUSDT
2020-01-01 22:30:00,7215.38,7215.38,7201.97,7210.07,93.144199,1577918099999.0,671364.27080634,1171.0,43.206537,311409.52831206,0.0,BTCUSDT
2020-01-01 22:35:00,7210.31,7211.42,7203.75,7205.79,33.192332,1577918399999.0,239239.77822556,554.0,16.634972,119919.5513159,0.0,BTCUSDT
2020-01-01 22:40:00,7205.58,7205.89,7191.0,7196.39,117.564618,1577918699999.0,846017.89164291,1427.0,38.033964,273698.30781566,0.0,BTCUSDT
2020-01-01 22:45:00,7196.92,7199.0,7186.0,7193.5,94.582878,1577918999999.0,680127.8305161,1081.0,38.385088,276053.00951892,0.0,BTCUSDT
2020-01-01 22:50:00,7194.11,7203.83,7192.78,7203.83,62.8036,1577919299999.0,451963.95124906,937.0,45.297164,325987.54283949,0.0,BTCUSDT
2020-01-01 22:55:00,7204.27,7207.77,7190.0,7197.99,72.584453,1577919599999.0,522455.44762422,898.0,35.692102,256900.19103647,0.0,BTCUSDT
2020-01-01 23:00:00,7197.62,7197.62,7187.77,7192.96,62.15568,1577919899999.0,447018.31749765,769.0,20.320496,146138.80619559,0.0,BTCUSDT
2020-01-01 23:05:00,7192.96,7199.0,7185.0,7185.5,72.572538,1577920199999.0,521924.98303074,737.0,38.099806,274081.44350245,0.0,BTCUSDT
2020-01-01 23:10:00,7185.49,7186.17,7175.15,7184.68,286.180105,1577920499999.0,2055058.05761685,1435.0,62.054981,445661.19038684,0.0,BTCUSDT
2020-01-01 23:15:00,7184.66,7188.69,7178.95,7181.87,47.134914,1577920799999.0,338623.80245921,577.0,27.271797,195934.44627587,0.0,BTCUSDT
2020-01-01 23:20:00,7182.54,7190.0,7182.03,7190.0,39.515368,1577921099999.0,283940.67287771,587.0,27.430696,197117.67630651,0.0,BTCUSDT
2020-01-01 23:25:00,7190.0,7198.0,7189.29,7195.4,58.963656,1577921399999.0,424179.40771369,744.0,38.583283,277572.68839445,0.0,BTCUSDT
2020-01-01 23:30:00,7194.84,7194.84,7182.39,7188.28,65.570021,1577921699999.0,471271.01013101,695.0,23.290248,167424.17270508,0.0,BTCUSDT
2020-01-01 23:35:00,7188.26,7195.38,7187.37,7190.5,28.946975,1577921999999.0,208165.03381262,411.0,16.332688,117455.82514327,0.0,BTCUSDT
2020-01-01 23:40:00,7191.0,7197.98,7188.51,7193.8,43.72273,1577922299999.0,314533.95851239,522.0,19.544312,140621.42774915,0.0,BTCUSDT
2020-01-01 23:45:00,7193.8,7199.99,7192.7,7198.3,27.344353,1577922599999.0,196762.37437752,375.0,11.982244,86226.18824275,0.0,BTCUSDT
2020-01-01 23:50:00,7198.4,7204.17,7196.25,7201.0,41.54017,1577922899999.0,299119.52909621,416.0,22.341904,160885.18527957,0.0,BTCUSDT
2020-01-01 23:55:00,7200.94,7201.74,7196.11,7200.85,37.60365,1577923199999.0,270707.29697406,364.0,21.438799,154340.74270342,0.0,BTCUSDT
2020-01-02 00:00:00,7200.77,7200.99,7191.24,7191.64,32.899153,1577923499999.0,236707.19450576,592.0,13.818681,99415.12314448,0.0,BTCUSDT
2020-01-02 00:05:00,7191.53,7195.99,7185.46,7191.64,43.235832,1577923799999.0,310948.58089468,658.0,23.755953,170880.03874022,0.0,BTCUSDT
2020-01-02 00:10:00,7191.65,7198.36,7191.65,7195.38,40.969032,1577924099999.0,294833.99983763,487.0,34.335969,247100.97813123,0.0,BTCUSDT
2020-01-02 00:15:00,7195.11,7199.8,7194.41,7197.77,25.252366,1577924399999.0,181748.91742201,375.0,17.023387,122520.4327026,0.0,BTCUSDT
2020-01-02 00:20:00,7198.71,7200.93,7197.36,7199.9,14.44022,1577924699999.0,103956.925956,263.0,9.344374,67269.33589976,0.0,BTCUSDT
2020-01-02 00:25:00,7199.91,7199.91,7195.66,7198.69,33.402334,1577924999999.0,240407.53752363,320.0,13.81722,99446.29821851,0.0,BTCUSDT
2020-01-02 00:30:00,7198.68,7201.87,7197.79,7199.96,29.825511,1577925299999.0,214733.44228744,354.0,14.647526,105455.70989827,0.0,BTCUSDT
2020-01-02 00:35:00,7199.96,7202.34,7197.76,7201.54,30.374158,1577925599999.0,218697.34546332,482.0,14.484478,104297.3788081,0.0,BTCUSDT
2020-01-02 00:40:00,7201.54,7207.61,7199.24,7207.45,33.56479,1577925899999.0,241788.50070527,457.0,21.446301,154504.65240677,0.0,BTCUSDT
2020-01-02 00:45:00,7207.05,7212.5,7203.96,7211.33,47.448206,1577926199999.0,342054.82989668,604.0,29.246511,210854.37654259,0.0,BTCUSDT
2020-01-02 00:50:00,7211.96,7211.96,7204.81,7205.89,34.731539,1577926499999.0,250323.72139358,514.0,7.627403,54985.34371379,0.0,BTCUSDT
2020-01-02 00:55:00,7205.9,7211.14,7205.84,7211.02,25.209236,1577926799999.0,181710.99299122,364.0,19.538428,140838.37084529,0.0,BTCUSDT
2020-01-02 01:00:00,7211.04,7211.16,7205.44,7207.33,27.237391,1577927099999.0,196310.60808162,458.0,9.607904,69249.69286115,0.0,BTCUSDT
2020-01-02 01:05:00,7207.1,7208.33,7201.58,7202.09,29.319338,1577927399999.0,211258.27204012,468.0,14.695318,105885.42697824,0.0,BTCUSDT
2020-01-02 01:10:00,7202.13,7202.7,7197.14,7197.86,33.997935,1577927699999.0,244775.31670683,508.0,9.789985,70489.71852536,0.0,BTCUSDT
2020-01-02 01:15:00,7197.4,7200.0,7191.86,7192.76,41.69025,1577927999999.0,300021.5593247,705.0,23.792571,171234.90993165,0.0,BTCUSDT
2020-01-02 01:20:00,7192.76,7198.33,7192.75,7196.46,13.615502,1577928299999.0,97977.01589732,311.0,7.664136,55153.97181558,0.0,BTCUSDT
2020-01-02 01:25:00,7196.65,7196.65,7188.68,7190.18,46.626192,1577928599999.0,335339.98579935,571.0,19.207647,138142.48410551,0.0,BTCUSDT
2020-01-02 01:30:00,7190.19,7195.62,7186.42,7188.97,36.427694,1577928899999.0,261939.93394624,565.0,17.519936,125994.48945459,0.0,BTCUSDT
2020-01-02 01:35:00,7188.69,7193.75,7187.81,7193.33,27.287246,1577929199999.0,196199.94875448,397.0,17.69937,127265.37265934,0.0,BTCUSDT
2020-01-02 01:40:00,7193.44,7193.44,7188.0,7189.76,39.161931,1577929499999.0,281608.99686875,540.0,21.865561,157241.42258921,0.0,BTCUSDT
2020-01-02 01:45:00,7189.76,7191.77,7185.11,7188.64,31.168952,1577929799999.0,224070.36809283,384.0,12.159178,87418.50131383,0.0,BTCUSDT
2020-01-02 01:50:00,7188.55,7193.4,7186.33,7192.34,28.333661,1577930099999.0,203734.60127273,494.0,19.087709,137257.09517696,0.0,BTCUSDT
2020-01-02 01:55:00,7192.76,7194.9,7190.99,7190.99,47.794047,1577930399999.0,343802.97373398,528.0,27.563871,198291.42556201,0.0,BTCUSDT
2020-01-02 02:00:00,7190.99,7191.0,7159.27,7171.27,401.410029,1577930699999.0,2878505.089829,2644.0,132.333429,948861.75728598,0.0,BTCUSDT
2020-01-02 02:05:00,7171.32,7175.46,7158.37,7161.78,110.471578,1577930999999.0,791750.60868645,1129.0,52.507017,376405.1622238,0.0,BTCUSDT
2020-01-02 02:10:00,7161.75,7172.41,7160.99,7169.25,150.68821,1577931299999.0,1079929.57748358,1538.0,88.607064,635057.78081533,0.0,BTCUSDT
2020-01-02 02:15:00,7169.04,7171.65,7163.72,7167.32,117.401599,1577931599999.0,841516.31689529,1137.0,51.910847,372143.02435293,0.0,BTCUSDT
2020-01-02 02:20:00,7168.0,7168.0,7156.8,7163.88,132.015908,1577931899999.0,945360.11427537,1718.0,70.530953,505097.00688675,0.0,BTCUSDT
2020-01-02 02:25:00,7164.14,7171.17,7162.13,7166.04,112.892029,1577932199999.0,809174.83734956,1475.0,61.429982,440286.79087589,0.0,BTCUSDT
2020-01-02 02:30:00,7166.0,7166.41,7155.35,7158.96,110.605714,1577932499999.0,791970.72600538,1195.0,40.472761,289786.39403992,0.0,BTCUSDT
2020-01-02 02:35:00,7158.96,7164.9,7158.95,7164.11,64.51282,1577932799999.0,462080.22520462,901.0,33.435486,239484.61741871,0.0,BTCUSDT
2020-01-02 02:40:00,7163.92,7171.71,7163.92,7170.8,68.873725,1577933099999.0,493719.6334307,867.0,39.288315,281640.55855478,0.0,BTCUSDT
2020-01-02 02:45:00,7170.12,7171.15,7167.89,7170.4,44.163774,1577933399999.0,316639.68341371,674.0,11.497637,82433.10757333,0.0,BTCUSDT
2020-01-02 02:50:00,7170.4,7170.4,7165.5,7170.1,36.127715,1577933699999.0,258953.097894,723.0,16.35223,117206.99898548,0.0,BTCUSDT
2020-01-02 02:55:00,7170.08,7170.87,7165.57,7169.02,38.214785,1577933999999.0,273925.25538115,715.0,17.954277,128699.16444674,0.0,BTCUSDT
2020-01-02 03:00:00,7169.04,7169.06,7155.01,7161.64,157.281657,1577934299999.0,1126036.20479231,1374.0,100.280365,717838.5783772,0.0,BTCUSDT
2020-01-02 03:05:00,7162.02,7164.62,7160.02,7160.5,44.580928,1577934599999.0,319310.06239364,671.0,28.849548,206631.87708448,0.0,BTCUSDT
2020-01-02 03:10:00,7160.49,7163.34,7158.06,7158.77,54.223998,1577934899999.0,388328.47514069,762.0,16.414926,117549.36829847,0.0,BTCUSDT
2020-01-02 03:15:00,7159.38,7162.8,7153.33,7162.28,88.668533,1577935199999.0,634629.015727,1102.0,43.873743,314033.71518804,0.0,BTCUSDT
2020-01-02 03:20:00,7162.78,7166.0,7156.78,7162.8,63.225251,1577935499999.0,452824.55222695,813.0,31.941821,228778.11528536,0.0,BTCUSDT
2020-01-02 03:25:00,7162.8,7162.83,7155.47,7157.64,44.318598,1577935799999.0,317287.09154618,651.0,18.770973,134384.20810984,0.0,BTCUSDT
2020-01-02 03:30:00,7156.62,7161.0,7152.98,7157.63,58.143585,1577936099999.0,416118.15768887,720.0,36.076281,258194.13057506,0.0,BTCUSDT
2020-01-02 03:35:00,7157.92,7158.38,7153.04,7154.84,46.956496,1577936399999.0,336025.67340207,596.0,26.229221,187701.67303442,0.0,BTCUSDT
2020-01-02 03:40:00,7155.0,7157.55,7137.64,7142.37,328.688529,1577936699999.0,2348980.44573756,2336.0,119.201265,851675.7731027,0.0,BTCUSDT
2020-01-02 03:45:00,7143.49,7148.28,7130.64,7133.62,170.047974,1577936999999.0,1213958.80780225,2105.0,71.35914,509519.78769123,0.0,BTCUSDT
2020-01-02 03:50:00,7134.2,7141.12,7124.4,7136.2,210.903974,1577937299999.0,1504099.33868043,1969.0,76.770275,547638.57334756,0.0,BTCUSDT
2020-01-02 03:55:00,7136.2,7136.2,7120.37,7129.61,290.924907,1577937599999.0,2073481.32794688,2107.0,133.40747,950862.31038523,0.0,BTCUSDT
2020-01-02 04:00:00,7129.25,7153.65,7116.7,7153.6,348.722568,1577937899999.0,2486997.80797977,2681.0,148.997564,1062731.00056872,0.0,BTCUSDT
2020-01-02 04:05:00,7152.59,7156.08,7140.5,7149.07,105.41046,1577938199999.0,753425.42000122,1201.0,54.027424,386146.15841262,0.0,BTCUSDT
2020-01-02 04:10:00,7150.0,7155.94,7145.26,7149.9,75.572693,1577938499999.0,540361.57887911,914.0,37.523417,268298.08118653,0.0,BTCUSDT
2020-01-02 04:15:00,7149.44,7161.0,7149.18,7153.35,147.348889,1577938799999.0,1054508.24963547,1338.0,46.963541,336064.70380153,0.0,BTCUSDT
2020-01-02 04:20:00,7153.35,7159.65,7150.06,7150.79,86.237541,1577939099999.0,616939.90470754,831.0,41.498958,296869.05438019,0.0,BTCUSDT
2020-01-02 04:25:00,7150.54,7157.92,7144.9,7145.01,72.893857,1577939399999.0,521315.56275538,774.0,30.563198,218596.00969255,0.0,BTCUSDT
2020-01-02 04:30:00,7145.01,7145.75,7130.46,7143.42,89.077292,1577939699999.0,635846.55720858,1129.0,47.496328,339053.38969917,0.0,BTCUSDT
2020-01-02 04:35:00,7142.38,7145.01,7137.43,7144.22,47.537893,1577939999999.0,339487.03040687,579.0,25.537368,182380.82495504,0.0,BTCUSDT
2020-01-02 04:40:00,7144.22,7155.65,7141.93,7147.11,91.967658,1577940299999.0,657491.65317152,973.0,45.707861,326772.01184827,0.0,BTCUSDT
2020-01-02 04:45:00,7147.11,7147.11,7137.72,7143.38,81.988906,1577940599999.0,585482.23086889,939.0,35.211329,251434.92351532,0.0,BTCUSDT
2020-01-02 04:50:00,7143.34,7146.65,7142.0,7146.65,53.318192,1577940899999.0,380927.23798948,497.0,40.229137,287420.34624467,0.0,BTCUSDT
2020-01-02 04:55:00,7146.65,7153.73,7140.07,7142.21,52.371928,1577941199999.0,374367.25903024,709.0,31.400038,224458.18736165,0.0,BTCUSDT
2020-01-02 05:00:00,7142.61,7144.5,7135.49,7137.02,77.062288,1577941499999.0,550187.27979345,710.0,32.871281,234674.69174091,0.0,BTCUSDT
2020-01-02 05:05:00,7137.02,7140.24,7135.4,7139.21,52.40209,1577941799999.0,374005.88812372,526.0,25.491581,181945.20067588,0.0,BTCUSDT
2020-01-02 05:10:00,7139.98,7148.6,7139.02,7143.8,37.328167,1577942099999.0,266656.26748358,456.0,21.195303,151416.12507595,0.0,BTCUSDT
2020-01-02 05:15:00,7143.8,7152.05,7143.46,7151.17,55.574166,1577942399999.0,397297.16185897,549.0,29.554396,211283.56542831,0.0,BTCUSDT
2020-01-02 05:20:00,7151.14,7151.69,7138.01,7139.06,44.973099,1577942699999.0,321391.455781,619.0,18.231336,130304.07286011,0.0,BTCUSDT
2020-01-02 05:25:00,7139.06,7144.25,7137.04,7140.62,38.838809,1577942999999.0,277359.72534907,446.0,19.356146,138233.40406919,0.0,BTCUSDT
2020-01-02 05:30:00,7141.61,7148.0,7141.57,7148.0,30.792015,1577943299999.0,219985.41642601,373.0,17.276279,123425.23549594,0.0,BTCUSDT
2020-01-02 05:35:00,7147.98,7148.92,7142.09,7147.43,13.577826,1577943599999.0,97023.84124738,294.0,8.361664,59750.66524562,0.0,BTCUSDT
2020-01-02 05:40:00,7147.37,7148.67,7138.31,7139.24,38.618683,1577943899999.0,275907.94888645,514.0,14.984295,107057.22568502,0.0,BTCUSDT
2020-01-02 05:45:00,7139.26,7143.69,7131.72,7136.84,50.103406,1577944199999.0,357536.37300226,635.0,11.515463,82181.42885724,0.0,BTCUSDT
2020-01-02 05:50:00,7137.09,7137.73,7126.93,7130.27,75.416695,1577944499999.0,537860.22658116,709.0,20.954297,149439.32850572,0.0,BTCUSDT
2020-01-02 05:55:00,7130.26,7139.99,7130.05,7138.93,54.821746,1577944799999.0,391251.18405214,749.0,35.806623,255542.78699516,0.0,BTCUSDT
2020-01-02 06:00:00,7138.93,7143.59,7135.0,7143.36,55.519094,1577945099999.0,396386.47602154,669.0,37.598263,268456.73913365,0.0,BTCUSDT
2020-01-02 06:05:00,7143.61,7144.98,7137.69,7139.08,59.393787,1577945399999.0,424093.33051317,531.0,10.805509,77167.5533935,0.0,BTCUSDT
2020-01-02 06:10:00,7139.01,7140.34,7136.14,7138.9,39.417214,1577945699999.0,281400.88537954,532.0,24.323571,173658.97803868,0.0,BTCUSDT
2020-01-02 06:15:00,7138.9,7143.14,7138.5,7143.04,64.26516,1577945999999.0,458895.338374,560.0,45.39928,324184.42147149,0.0,BTCUSDT
2020-01-02 06:20:00,7143.12,7144.79,7140.13,7142.24,36.062248,1577946299999.0,257568.56956822,415.0,22.707313,162185.40070245,0.0,BTCUSDT
2020-01-02 06:25:00,7142.24,7149.0,7142.24,7146.58,78.041616,1577946599999.0,557670.90606973,763.0,43.909032,313771.61249768,0.0,BTCUSDT
2020-01-02 06:30:00,7145.96,7149.02,7143.1,7144.52,38.897643,1577946899999.0,277982.01406237,544.0,12.738392,91041.03270808,0.0,BTCUSDT
2020-01-02 06:35:00,7144.28,7145.01,7140.0,7143.9,56.907725,1577947199999.0,406434.44351449,476.0,14.877946,106273.99532067,0.0,BTCUSDT
2020-01-02 06:40:00,7143.87,7144.51,7136.41,7136.81,46.967876,1577947499999.0,335370.82793879,630.0,12.068011,86164.50633416,0.0,BTCUSDT
2020-01-02 06:45:00,7136.42,7139.14,7130.63,7138.4,66.171726,1577947799999.0,472157.15270335,770.0,32.041177,228653.50269894,0.0,BTCUSDT
2020-01-02 06:50:00,7139.11,7139.13,7125.49,7125.5,58.072843,1577948099999.0,414126.91681284,680.0,13.452476,95946.15040047,0.0,BTCUSDT
2020-01-02 06:55:00,7125.49,7137.73,7121.43,7135.97,87.883733,1577948399999.0,626587.86599758,1099.0,56.52052,402960.45347135,0.0,BTCUSDT
2020-01-02 07:00:00,7136.04,7140.63,7131.31,7131.31,49.746498,1577948699999.0,355012.2262497,580.0,19.06208,136055.66734345,0.0,BTCUSDT
2020-01-02 07:05:00,7131.81,7131.81,7121.01,7126.62,110.30674,1577948999999.0,785976.72109852,1287.0,58.345506,415720.15515611,0.0,BTCUSDT
2020-01-02 07:10:00,7126.62,7132.17,7124.13,7125.26,82.992313,1577949299999.0,591461.91904913,981.0,28.884982,205897.90286631,0.0,BTCUSDT
2020-01-02 07:15:00,7125.26,7126.3,7111.36,7123.19,405.853742,1577949599999.0,2889492.17118957,2204.0,172.856348,1230431.85801662,0.0,BTCUSDT
2020-01-02 07:20:00,7123.04,7123.29,7107.0,7116.31,150.441728,1577949899999.0,1070135.36280821,2027.0,75.768813,539063.89254684,0.0,BTCUSDT
2020-01-02 07:25:00,7115.62,7121.85,7110.59,7111.58,89.197805,1577950199999.0,634623.36460895,1142.0,50.617509,360170.62256612,0.0,BTCUSDT
2020-01-02 07:30:00,7111.56,7128.05,7105.0,7126.71,154.14922,1577950499999.0,1096487.53401572,1503.0,65.805408,468327.24164389,0.0,BTCUSDT
2020-01-02 07:35:00,7126.7,7128.93,7118.75,7119.4,74.466819,1577950799999.0,530508.32370801,851.0,44.501803,317050.00489211,0.0,BTCUSDT
2020-01-02 07:40:00,7119.4,7124.47,7109.14,7121.65,94.885438,1577951099999.0,675254.71727096,766.0,31.490474,224144.62254261,0.0,BTCUSDT
2020-01-02 07:45:00,7121.69,7125.0,7115.0,7115.09,176.90625,1577951399999.0,1259719.47514316,906.0,25.190063,179363.75870484,0.0,BTCUSDT
2020-01-02 07:50:00,7115.05,7119.84,7115.0,7115.28,71.662683,1577951699999.0,510000.35838063,784.0,35.851849,255164.50684956,0.0,BTCUSDT
2020-01-02 07:55:00,7115.32,7119.9,7108.0,7110.57,87.794587,1577951999999.0,624613.67184293,908.0,38.970568,277253.9005456,0.0,BTCUSDT
2020-01-02 08:00:00,7110.98,7125.0,7109.11,7124.69,122.612937,1577952299999.0,872630.26048698,1212.0,66.211914,471286.47738913,0.0,BTCUSDT
2020-01-02 08:05:00,7124.69,7137.5,7122.72,7131.48,126.818964,1577952599999.0,904226.67777413,1244.0,69.943978,498664.7097775,0.0,BTCUSDT
2020-01-02 08:10:00,7131.36,7142.48,7128.31,7136.92,120.490034,1577952899999.0,859639.66116221,1406.0,62.040551,442723.83420362,0.0,BTCUSDT
2020-01-02 08:15:00,7136.92,7145.0,7136.91,7138.3,70.319481,1577953199999.0,502114.28281543,927.0,35.020034,250084.9170075,0.0,BTCUSDT
2020-01-02 08:20:00,7139.0,7139.51,7135.03,7137.44,102.756512,1577953499999.0,733405.58673222,862.0,30.373016,216787.51904774,0.0,BTCUSDT
2020-01-02 08:25:00,7137.56,7138.94,7130.53,7130.92,54.055961,1577953799999.0,385621.11337819,695.0,17.436446,124382.80048304,0.0,BTCUSDT
2020-01-02 08:30:00,7131.5,7137.53,7130.0,7136.49,41.289763,1577954099999.0,294527.50832825,644.0,30.745032,219313.3907123,0.0,BTCUSDT
2020-01-02 08:35:00,7137.41,7154.17,7136.64,7145.05,92.374622,1577954399999.0,660174.40875446,1067.0,65.510748,468198.69748084,0.0,BTCUSDT
2020-01-02 08:40:00,7146.01,7150.92,7142.07,7146.01,82.898299,1577954699999.0,592367.84453603,794.0,32.642515,233263.05421984,0.0,BTCUSDT
2020-01-02 08:45:00,7146.49,7148.56,7142.71,7147.87,69.392263,1577954999999.0,495833.43194597,750.0,36.611946,261608.93281077,0.0,BTCUSDT
2020-01-02 08:50:00,7148.38,7157.48,7143.16,7153.49,146.799051,1577955299999.0,1049815.23591733,1289.0,54.579633,390395.28675412,0.0,BTCUSDT
2020-01-02 08:55:00,7154.47,7154.47,7148.5,7154.36,85.017241,1577955599999.0,607973.29865231,732.0,23.985528,171532.76799492,0.0,BTCUSDT
2020-01-02 09:00:00,7153.57,7153.57,7146.3,7149.98,83.376845,1577955899999.0,596066.4677758,735.0,41.396745,295952.7030144,0.0,BTCUSDT
2020-01-02 09:05:00,7149.99,7151.82,7141.8,7147.52,68.494199,1577956199999.0,489515.71496579,650.0,42.980547,307191.77324482,0.0,BTCUSDT
2020-01-02 09:10:00,7147.63,7148.5,7143.0,7147.4,85.15657,1577956499999.0,608464.85372108,824.0,63.202124,451607.17051083,0.0,BTCUSDT
2020-01-02 09:15:00,7148.47,7154.16,7147.45,7150.79,77.381481,1577956799999.0,553279.40295064,666.0,54.275781,388071.26601784,0.0,BTCUSDT
2020-01-02 09:20:00,7150.19,7153.09,7146.89,7149.4,49.359802,1577957099999.0,352894.83970068,561.0,24.238391,173301.97579174,0.0,BTCUSDT
2020-01-02 09:25:00,7150.26,7150.26,7139.6,7145.17,48.195167,1577957399999.0,344287.475522,563.0,28.633543,204533.29994484,0.0,BTCUSDT
2020-01-02 09:30:00,7145.35,7145.45,7135.36,7140.0,82.535042,1577957699999.0,589289.9005521,768.0,33.327277,237964.50508808,0.0,BTCUSDT
2020-01-02 09:35:00,7140.0,7150.33,7140.0,7145.43,86.858232,1577957999999.0,620695.48318086,630.0,55.103798,393747.46863797,0.0,BTCUSDT
2020-01-02 09:40:00,7145.45,7152.04,7145.22,7146.86,52.829722,1577958299999.0,377679.90041801,558.0,27.966552,199943.0626096,0.0,BTCUSDT
2020-01-02 09:45:00,7146.15,7152.52,7145.23,7150.62,41.228958,1577958599999.0,294720.65296313,433.0,29.931733,213969.68148994,0.0,BTCUSDT
2020-01-02 09:50:00,7150.11,7157.17,7149.77,7155.98,55.437122,1577958899999.0,396569.9944077,628.0,40.061193,286586.57333968,0.0,BTCUSDT
2020-01-02 09:55:00,7156.7,7165.0,7153.65,7162.01,109.148188,1577959199999.0,781485.43576162,1182.0,62.840092,449949.80279295,0.0,BTCUSDT
2020-01-02 10:00:00,7162.18,7167.03,7158.61,7163.71,150.596293,1577959499999.0,1078722.80691657,1309.0,63.194509,452727.4065408,0.0,BTCUSDT
2020-01-02 10:05:00,7163.71,7165.5,7158.04,7159.78,72.333067,1577959799999.0,517998.85996695,807.0,26.386719,188986.24029467,0.0,BTCUSDT
2020-01-02 10:10:00,7159.96,7176.77,7159.68,7167.06,278.629549,1577960099999.0,1997104.62520974,2178.0,131.06382,939555.84451224,0.0,BTCUSDT
2020-01-02 10:15:00,7167.13,7169.69,7160.03,7164.47,98.872294,1577960399999.0,708336.14618146,971.0,37.746137,270455.62919957,0.0,BTCUSDT
2020-01-02 10:20:00,7164.47,7173.84,7163.59,7171.71,134.483011,1577960699999.0,964216.19253904,1215.0,82.264059,589879.21636258,0.0,BTCUSDT
2020-01-02 10:25:00,7172.4,7178.36,7168.94,7177.14,86.435123,1577960999999.0,620008.70668246,1015.0,40.214689,288512.57155451,0.0,BTCUSDT
2020-01-02 10:30:00,7177.24,7180.0,7165.86,7168.46,159.07833,1577961299999.0,1141083.46546164,1490.0,75.638018,542584.41764683,0.0,BTCUSDT
2020-01-02 10:35:00,7169.07,7169.07,7162.84,7168.27,156.38663,1577961599999.0,1120577.47582053,1066.0,83.914735,601295.65828723,0.0,BTCUSDT
2020-01-02 10:40:00,7168.25,7168.25,7161.88,7163.11,69.960503,1577961899999.0,501277.29959774,721.0,36.205664,259425.70552229,0.0,BTCUSDT
2020-01-02 10:45:00,7162.78,7164.44,7153.33,7157.63,92.721326,1577962199999.0,663836.26211178,939.0,41.430663,296617.18933665,0.0,BTCUSDT
2020-01-02 10:50:00,7157.63,7166.53,7157.29,7165.3,83.411867,1577962499999.0,597400.69533717,826.0,66.420797,475699.47732241,0.0,BTCUSDT
2020-01-02 10:55:00,7164.94,7166.96,7160.9,7161.83,63.311991,1577962799999.0,453583.96599277,589.0,37.094117,265772.9911459,0.0,BTCUSDT
2020-01-02 11:00:00,7161.89,7167.76,7160.91,7166.48,46.850397,1577963099999.0,335660.30797419,551.0,26.297077,188408.56573436,0.0,BTCUSDT
2020-01-02 11:05:00,7166.48,7168.67,7163.3,7164.63,52.932713,1577963399999.0,379310.44567124,580.0,24.556674,175981.18237672,0.0,BTCUSDT
2020-01-02 11:10:00,7164.63,7164.63,7161.84,7163.31,46.28961,1577963699999.0,331599.82238203,537.0,13.674648,97960.84528039,0.0,BTCUSDT
2020-01-02 11:15:00,7163.31,7164.62,7154.82,7155.1,62.356852,1577963999999.0,446473.0679672,719.0,21.82647,156301.77533564,0.0,BTCUSDT
2020-01-02 11:20:00,7154.82,7156.97,7151.0,7153.83,69.869489,1577964299999.0,499820.89930685,834.0,38.283921,273882.16142727,0.0,BTCUSDT
2020-01-02 11:25:00,7152.79,7153.81,7145.0,7149.51,137.036187,1577964599999.0,979573.31228473,1088.0,61.359481,438662.60458789,0.0,BTCUSDT
2020-01-02 11:30:00,7149.58,7151.97,7146.23,7151.76,45.569274,1577964899999.0,325800.62903526,664.0,29.738394,212633.72500064,0.0,BTCUSDT
2020-01-02 11:35:00,7150.94,7154.79,7149.56,7149.9,47.491781,1577965199999.0,339661.94910983,655.0,26.80009,191684.30222662,0.0,BTCUSDT
2020-01-02 11:40:00,7149.43,7154.3,7146.11,7151.2,38.690055,1577965499999.0,276622.36384219,602.0,19.719816,141002.1249137,0.0,BTCUSDT
2020-01-02 11:45:00,7151.14,7153.94,7146.86,7152.44,50.34893,1577965799999.0,360037.38225803,698.0,28.025622,200406.53739628,0.0,BTCUSDT
2020-01-02 11:50:00,7152.38,7152.99,7145.0,7145.33,63.287927,1577966099999.0,452445.38124034,700.0,34.269149,245026.09629057,0.0,BTCUSDT
2020-01-02 11:55:00,7145.61,7145.61,7139.03,7139.79,100.433355,1577966399999.0,717256.82893498,928.0,47.749152,340992.10813939,0.0,BTCUSDT
2020-01-02 12:00:00,7139.73,7155.58,7139.03,7149.95,77.719728,1577966699999.0,555532.23707649,992.0,55.194492,394503.6324813,0.0,BTCUSDT
2020-01-02 12:05:00,7149.99,7159.28,7149.99,7159.01,87.08614,1577966999999.0,623088.70732717,826.0,65.857144,471200.52572742,0.0,BTCUSDT
2020-01-02 12:10:00,7159.18,7163.4,7156.42,7161.15,64.105209,1577967299999.0,458983.65382741,764.0,32.615776,233534.78967076,0.0,BTCUSDT
2020-01-02 12:15:00,7161.19,7161.2,7155.43,7156.04,148.411067,1577967599999.0,1062569.38026117,1146.0,15.177032,108654.75518122,0.0,BTCUSDT
2020-01-02 12:20:00,7156.04,7156.23,7146.37,7152.68,61.365668,1577967899999.0,438885.23234958,783.0,25.923135,185406.17045145,0.0,BTCUSDT
2020-01-02 12:25:00,7153.39,7157.41,7150.03,7157.41,45.969589,1577968199999.0,328854.50063132,586.0,21.80754,156010.86448892,0.0,BTCUSDT
2020-01-02 12:30:00,7157.08,7157.08,7151.01,7151.94,42.045624,1577968499999.0,300751.84134387,588.0,19.165593,137098.69995531,0.0,BTCUSDT
2020-01-02 12:35:00,7151.66,7152.6,7146.4,7147.4,35.008355,1577968799999.0,250310.85263111,657.0,13.084051,93560.71478057,0.0,BTCUSDT
2020-01-02 12:40:00,7147.4,7148.79,7142.49,7148.01,96.55101,1577969099999.0,689860.71332245,752.0,62.875751,449244.07383986,0.0,BTCUSDT
2020-01-02 12:45:00,7147.52,7152.6,7147.13,7148.63,44.310172,1577969399999.0,316848.92053872,634.0,29.946703,214147.75442827,0.0,BTCUSDT
2020-01-02 12:50:00,7148.63,7156.48,7147.88,7154.71,65.337412,1577969699999.0,467286.17990213,619.0,58.011743,414894.17333044,0.0,BTCUSDT
2020-01-02 12:55:00,7155.16,7158.9,7154.73,7158.29,26.120523,1577969999999.0,186945.04032492,407.0,20.075463,143682.48993131,0.0,BTCUSDT
2020-01-02 13:00:00,7158.86,7163.35,7157.63,7159.45,48.141753,1577970299999.0,344708.48953941,559.0,31.794941,227676.09359769,0.0,BTCUSDT
2020-01-02 13:05:00,7159.45,7159.45,7155.02,7156.76,32.140741,1577970599999.0,230028.56312197,564.0,10.699342,76577.49141096,0.0,BTCUSDT
2020-01-02 13:10:00,7155.78,7156.94,7149.92,7151.02,78.146774,1577970899999.0,558978.03425087,936.0,17.628366,126098.08795474,0.0,BTCUSDT
2020-01-02 13:15:00,7150.75,7153.48,7149.37,7152.68,39.474094,1577971199999.0,282284.49104948,493.0,26.097609,186629.66237471,0.0,BTCUSDT
2020-01-02 13:20:00,7152.19,7154.0,7151.15,7153.77,18.183237,1577971499999.0,130057.54086179,342.0,10.904117,77991.33509817,0.0,BTCUSDT
2020-01-02 13:25:00,7153.76,7153.77,7144.86,7146.73,93.367899,1577971799999.0,667629.46598665,709.0,15.162441,108419.89866901,0.0,BTCUSDT
2020-01-02 13:30:00,7147.46,7147.79,7112.0,7117.92,430.808069,1577972099999.0,3070069.64795663,2967.0,140.084595,998288.20486178,0.0,BTCUSDT
2020-01-02 13:35:00,7117.92,7129.26,7112.41,7113.55,117.193981,1577972399999.0,834614.73045028,1355.0,57.002579,406001.92036893,0.0,BTCUSDT
2020-01-02 13:40:00,7115.04,7130.69,7112.04,7122.67,73.827377,1577972699999.0,525550.75920815,1040.0,40.386832,287506.40487246,0.0,BTCUSDT
2020-01-02 13:45:00,7123.18,7124.22,7115.01,7120.88,67.761709,1577972999999.0,482493.42364106,777.0,35.328189,251561.86589085,0.0,BTCUSDT
2020-01-02 13:50:00,7120.86,7132.14,7107.43,7124.52,427.292578,1577973299999.0,3039547.90630182,2327.0,113.914516,810714.7151963,0.0,BTCUSDT
2020-01-02 13:55:00,7123.69,7143.54,7121.96,7131.15,139.942481,1577973599999.0,998455.90862736,1552.0,88.954064,634713.72911427,0.0,BTCUSDT
2020-01-02 14:00:00,7131.18,7144.23,7128.95,7131.41,147.707143,1577973899999.0,1054198.39269734,1301.0,89.47254,638641.44795488,0.0,BTCUSDT
2020-01-02 14:05:00,7130.48,7136.24,7122.34,7131.45,73.273745,1577974199999.0,522407.08108368,863.0,33.476689,238687.88023663,0.0,BTCUSDT
2020-01-02 14:10:00,7131.53,7131.84,7123.38,7128.79,64.803206,1577974499999.0,461948.50740431,746.0,36.323983,258945.2736178,0.0,BTCUSDT
2020-01-02 14:15:00,7129.05,7136.04,7123.47,7135.16,49.574631,1577974799999.0,353410.64944809,608.0,27.375914,195176.12012144,0.0,BTCUSDT
2020-01-02 14:20:00,7135.21,7136.04,7125.01,7126.68,101.473313,1577975099999.0,723237.51452383,1071.0,37.005325,263779.16378034,0.0,BTCUSDT
2020-01-02 14:25:00,7126.68,7133.96,7126.41,7133.19,70.650914,1577975399999.0,503774.18430796,764.0,46.436915,331120.57132191,0.0,BTCUSDT
2020-01-02 14:30:00,7133.86,7138.98,7130.3,7137.03,47.627614,1577975699999.0,339806.64584302,722.0,27.247129,194406.83631288,0.0,BTCUSDT
2020-01-02 14:35:00,7137.03,7141.62,7132.62,7138.54,58.912018,1577975999999.0,420427.61451147,683.0,37.086318,264684.06221473,0.0,BTCUSDT
2020-01-02 14:40:00,7138.45,7156.45,7138.12,7154.86,89.80434,1577976299999.0,641870.21179674,961.0,66.844062,477817.44143017,0.0,BTCUSDT
2020-01-02 14:45:00,7154.86,7157.1,7140.79,7145.39,110.60089,1577976599999.0,790919.90143481,1395.0,43.697373,312530.32661314,0.0,BTCUSDT
2020-01-02 14:50:00,7145.39,7145.39,7135.28,7141.11,73.720518,1577976899999.0,526350.62760622,963.0,24.568168,175427.78644467,0.0,BTCUSDT
2020-01-02 14:55:00,7141.77,7141.77,7133.49,7135.59,68.152593,1577977199999.0,486403.10502432,699.0,36.616695,261326.55883467,0.0,BTCUSDT
2020-01-02 15:00:00,7135.59,7150.16,7135.59,7147.31,109.806762,1577977499999.0,784628.82745822,820.0,66.455651,474811.81384617,0.0,BTCUSDT
2020-01-02 15:05:00,7148.12,7152.0,7137.5,7140.36,90.668158,1577977799999.0,647574.99872494,836.0,58.659496,418951.73831225,0.0,BTCUSDT
2020-01-02 15:10:00,7140.36,7144.11,7138.52,7140.11,58.485351,1577978099999.0,417728.18023479,653.0,41.558001,296836.78784096,0.0,BTCUSDT
2020-01-02 15:15:00,7140.13,7143.97,7134.5,7134.74,50.730082,1577978399999.0,362150.50896501,789.0,17.143855,122400.67166764,0.0,BTCUSDT
2020-01-02 15:20:00,7134.73,7135.04,7127.29,7135.03,96.243848,1577978699999.0,686416.8269389,821.0,41.050835,292803.14475525,0.0,BTCUSDT
2020-01-02 15:25:00,7135.03,7135.03,7123.46,7128.0,70.221935,1577978999999.0,500659.26790449,721.0,19.464744,138779.58054942,0.0,BTCUSDT
2020-01-02 15:30:00,7128.0,7133.67,7127.91,7130.0,64.806299,1577979299999.0,462092.91352665,678.0,26.030343,185612.88669202,0.0,BTCUSDT
2020-01-02 15:35:00,7130.0,7130.01,7120.0,7121.84,102.953309,1577979599999.0,733502.18705495,844.0,19.968939,142258.1645957,0.0,BTCUSDT
2020-01-02 15:40:00,7121.73,7135.22,7120.11,7134.06,53.174974,1577979899999.0,378975.96084444,690.0,28.382617,202299.68425772,0.0,BTCUSDT
2020-01-02 15:45:00,7134.08,7136.21,7123.32,7130.24,66.958468,1577980199999.0,477338.63766716,651.0,44.673918,318466.76050623,0.0,BTCUSDT
2020-01-02 15:50:00,7130.25,7134.23,7126.26,7131.7,55.492293,1577980499999.0,395688.70152943,689.0,34.084401,243058.00871321,0.0,BTCUSDT
2020-01-02 15:55:00,7131.88,7133.82,7126.7,7130.98,42.888239,1577980799999.0,305808.69882564,590.0,18.00718,128411.49840293,0.0,BTCUSDT
2020-01-02 16:00:00,7130.37,7146.85,7126.96,7136.72,128.755767,1577981099999.0,918987.64199075,1388.0,62.133284,443466.33090502,0.0,BTCUSDT
2020-01-02 16:05:00,7136.91,7138.2,7120.0,7120.14,77.756131,1577981399999.0,554221.98980232,794.0,32.940287,234769.49652985,0.0,BTCUSDT
2020-01-02 16:10:00,7120.02,7126.69,7110.51,7111.98,121.791889,1577981699999.0,866840.64524984,1197.0,47.535483,338376.7509521,0.0,BTCUSDT
2020-01-02 16:15:00,7112.88,7123.7,7109.8,7121.7,161.48938,1577981999999.0,1148897.82342241,1521.0,70.063164,498552.14352263,0.0,BTCUSDT
2020-01-02 16:20:00,7122.55,7124.86,7113.42,7123.89,68.267071,1577982299999.0,486058.65042008,1029.0,43.81992,311999.53095639,0.0,BTCUSDT
2020-01-02 16:25:00,7123.84,7124.26,7111.86,7119.18,89.889526,1577982599999.0,639695.17926382,884.0,46.930235,333947.53364716,0.0,BTCUSDT
2020-01-02 16:30:00,7119.43,7125.96,7117.1,7123.99,75.660841,1577982899999.0,538761.93337637,711.0,39.8155,283499.67672272,0.0,BTCUSDT
2020-01-02 16:35:00,7123.99,7125.47,7118.23,7118.69,62.81429,1577983199999.0,447393.67563375,679.0,36.103307,257157.37704039,0.0,BTCUSDT
2020-01-02 16:40:00,7119.29,7119.86,7113.57,7117.5,99.233317,1577983499999.0,706184.83701438,935.0,40.094005,285331.87962347,0.0,BTCUSDT
2020-01-02 16:45:00,7117.06,7117.11,7020.0,7066.76,1935.655888,1577983799999.0,13687053.46848917,11534.0,561.721797,3969119.05797538,0.0,BTCUSDT
2020-01-02 16:50:00,7066.76,7071.48,7042.7,7052.1,510.501971,1577984099999.0,3603245.10747011,3825.0,277.114242,1956104.45142613,0.0,BTCUSDT
2020-01-02 16:55:00,7054.42,7063.66,7048.66,7052.32,272.658081,1577984399999.0,1924101.67577064,2516.0,122.904015,867246.02304278,0.0,BTCUSDT
2020-01-02 17:00:00,7052.32,7053.09,6939.59,6989.82,2433.979209,1577984699999.0,17024399.00003723,14541.0,1136.140226,7948241.01117357,0.0,BTCUSDT
2020-01-02 17:05:00,6989.81,6993.28,6967.61,6975.27,517.842381,1577984999999.0,3616307.75986136,4203.0,214.90339,1500903.8734682,0.0,BTCUSDT
2020-01-02 17:10:00,6975.25,6982.57,6955.39,6977.09,443.7895,1577985299999.0,3093038.90598153,3690.0,202.690513,1412635.04542947,0.0,BTCUSDT
2020-01-02 17:15:00,6977.39,6987.4,6970.0,6972.86,350.858539,1577985599999.0,2447686.99089108,2986.0,231.08886,1612199.93596462,0.0,BTCUSDT
2020-01-02 17:20:00,6972.76,6972.76,6936.0,6937.02,529.279424,1577985899999.0,3680819.65426086,4465.0,269.612477,1874928.11402801,0.0,BTCUSDT
2020-01-02 17:25:00,6936.0,6958.46,6924.74,6950.0,427.35563,1577986199999.0,2968327.46923526,3942.0,204.631884,1421741.56476476,0.0,BTCUSDT
2020-01-02 17:30:00,6950.31,6969.8,6948.53,6954.46,371.046064,1577986499999.0,2582626.99088596,2876.0,196.881432,1370362.47486212,0.0,BTCUSDT
2020-01-02 17:35:00,6955.18,6978.96,6953.98,6978.56,302.424829,1577986799999.0,2106108.93398447,2722.0,171.443591,1194091.53991751,0.0,BTCUSDT
2020-01-02 17:40:00,6977.99,6984.06,6967.9,6975.4,315.739017,1577987099999.0,2202762.75646792,2185.0,176.517565,1231464.25863475,0.0,BTCUSDT
2020-01-02 17:45:00,6974.36,6979.38,6963.32,6967.55,158.354327,1577987399999.0,1103923.80786303,1471.0,81.065762,565109.75338637,0.0,BTCUSDT
2020-01-02 17:50:00,6967.01,6969.84,6961.22,6968.35,176.287468,1577987699999.0,1227965.54891756,1427.0,94.894502,660989.26304195,0.0,BTCUSDT
2020-01-02 17:55:00,6968.35,6978.0,6966.0,6970.04,156.869152,1577987999999.0,1093589.08172461,1449.0,79.765939,556082.48680204,0.0,BTCUSDT
2020-01-02 18:00:00,6970.04,6970.25,6949.96,6957.04,339.362999,1577988299999.0,2360688.51184191,2155.0,195.454547,1359482.53281746,0.0,BTCUSDT
2020-01-02 18:05:00,6957.63,6970.0,6957.27,6962.78,113.45367,1577988599999.0,790051.52739431,972.0,69.711909,485426.02447015,0.0,BTCUSDT
2020-01-02 18:10:00,6962.79,6969.99,6961.49,6962.76,89.497542,1577988899999.0,623441.69754779,908.0,42.000433,292580.36594169,0.0,BTCUSDT
2020-01-02 18:15:00,6962.74,6969.67,6957.05,6967.26,104.043362,1577989199999.0,724503.61966429,951.0,55.308384,385129.77447724,0.0,BTCUSDT
2020-01-02 18:20:00,6967.44,6976.2,6967.24,6975.38,89.042813,1577989499999.0,620774.47361462,897.0,58.051358,404724.0635154,0.0,BTCUSDT
2020-01-02 18:25:00,6975.0,6976.56,6965.0,6965.0,95.150744,1577989799999.0,663437.25721787,985.0,39.841593,277793.71600275,0.0,BTCUSDT
2020-01-02 18:30:00,6965.0,6973.84,6959.41,6973.84,108.454751,1577990099999.0,755547.94692743,1274.0,68.308409,475924.11055214,0.0,BTCUSDT
2020-01-02 18:35:00,6973.76,6985.0,6970.0,6975.36,202.922659,1577990399999.0,1416027.60894143,1232.0,140.152765,978166.79927391,0.0,BTCUSDT
2020-01-02 18:40:00,6975.72,6982.29,6974.84,6979.92,92.43945,1577990699999.0,645031.60720588,916.0,59.09117,412330.57939185,0.0,BTCUSDT
2020-01-02 18:45:00,6979.94,6982.0,6972.75,6976.52,64.45744,1577990999999.0,449760.84465981,842.0,28.561906,199298.24588497,0.0,BTCUSDT
2020-01-02 18:50:00,6976.3,6983.06,6974.24,6982.94,79.326709,1577991299999.0,553425.10348633,1168.0,37.856934,264130.34543025,0.0,BTCUSDT
2020-01-02 18:55:00,6982.25,6989.68,6972.63,6974.02,135.4458,1577991599999.0,945659.47726799,1665.0,61.416825,428797.12000523,0.0,BTCUSDT
2020-01-02 19:00:00,6974.02,6976.67,6967.78,6968.93,160.007617,1577991899999.0,1115638.61457376,1367.0,71.723414,500106.88429164,0.0,BTCUSDT
2020-01-02 19:05:00,6968.07,6969.76,6960.0,6965.75,121.534299,1577992199999.0,846374.35901177,1906.0,67.207677,468092.89993382,0.0,BTCUSDT
2020-01-02 19:10:00,6966.51,6979.36,6965.04,6978.13,99.415929,1577992499999.0,693292.06490303,1537.0,66.282247,462211.27342096,0.0,BTCUSDT
2020-01-02 19:15:00,6978.06,6989.82,6971.36,6976.96,257.959547,1577992799999.0,1800486.79474718,1568.0,170.440251,1189651.90691805,0.0,BTCUSDT
2020-01-02 19:20:00,6976.96,6979.35,6972.18,6977.18,62.27096,1577993099999.0,434356.73042112,956.0,33.518558,233813.55088836,0.0,BTCUSDT
2020-01-02 19:25:00,6977.46,6978.39,6965.51,6976.24,143.591661,1577993399999.0,1001231.42717505,1023.0,58.591902,408557.47613635,0.0,BTCUSDT
2020-01-02 19:30:00,6975.93,6984.39,6969.17,6980.51,65.246248,1577993699999.0,455156.69981202,1094.0,26.891654,187623.61508717,0.0,BTCUSDT
2020-01-02 19:35:00,6980.51,6993.72,6980.51,6987.12,146.442488,1577993999999.0,1023457.39912764,1590.0,63.007299,440349.39335535,0.0,BTCUSDT
2020-01-02 19:40:00,6986.4,6990.55,6984.66,6986.22,62.368466,1577994299999.0,435774.56325407,906.0,25.122603,175536.01107373,0.0,BTCUSDT
2020-01-02 19:45:00,6986.23,6995.0,6986.0,6988.78,107.563497,1577994599999.0,752071.12374804,1042.0,47.938837,335180.49305612,0.0,BTCUSDT
2020-01-02 19:50:00,6988.78,6989.64,6983.19,6988.13,83.400092,1577994899999.0,582707.90018366,723.0,31.805034,222241.39685108,0.0,BTCUSDT
2020-01-02 19:55:00,6988.17,6988.21,6982.14,6983.27,87.329798,1577995199999.0,609954.82826404,930.0,26.788922,187120.12282058,0.0,BTCUSDT
2020-01-02 20:00:00,6982.63,6983.22,6967.49,6969.38,157.379648,1577995499999.0,1097533.17176317,917.0,76.393856,532710.78802377,0.0,BTCUSDT
2020-01-02 20:05:00,6969.25,6975.32,6967.49,6974.19,49.218832,1577995799999.0,343141.36114631,634.0,34.669063,241706.58451082,0.0,BTCUSDT
2020-01-02 20:10:00,6973.93,6974.89,6967.43,6969.8,56.013477,1577996099999.0,390503.10914184,655.0,24.092958,168002.64411268,0.0,BTCUSDT
2020-01-02 20:15:00,6969.8,6971.2,6965.03,6966.75,71.581876,1577996399999.0,498749.21301084,664.0,30.607288,213267.34356677,0.0,BTCUSDT
2020-01-02 20:20:00,6966.75,6967.23,6950.0,6953.15,187.731361,1577996699999.0,1306065.5739968,1476.0,63.210958,439715.60926415,0.0,BTCUSDT
2020-01-02 20:25:00,6952.59,6952.87,6941.27,6949.02,143.047111,1577996999999.0,993623.62374357,1375.0,54.056464,375517.95010884,0.0,BTCUSDT
2020-01-02 20:30:00,6949.93,6971.21,6949.0,6956.66,132.798039,1577997299999.0,924630.20862734,1384.0,63.261791,440407.8800596,0.0,BTCUSDT
2020-01-02 20:35:00,6957.24,6962.1,6951.85,6959.29,62.702872,1577997599999.0,436229.155726,649.0,27.365499,190413.68963916,0.0,BTCUSDT
2020-01-02 20:40:00,6959.03,6964.6,6959.0,6961.0,51.541984,1577997899999.0,358803.5653442,520.0,33.269251,231612.16397933,0.0,BTCUSDT
2020-01-02 20:45:00,6961.0,6966.6,6959.39,6965.98,71.093071,1577998199999.0,494903.07810416,575.0,41.214459,286917.77146489,0.0,BTCUSDT
2020-01-02 20:50:00,6965.98,6967.59,6953.03,6956.91,65.79524,1577998499999.0,457926.5313222,705.0,34.236915,238299.48759781,0.0,BTCUSDT
2020-01-02 20:55:00,6956.91,6958.01,6946.02,6948.49,89.742823,1577998799999.0,624036.24805023,661.0,15.955844,110951.0992212,0.0,BTCUSDT
2020-01-02 21:00:00,6948.16,6959.46,6946.2,6956.69,77.849573,1577999099999.0,541321.68922416,795.0,37.526245,260952.71449882,0.0,BTCUSDT
2020-01-02 21:05:00,6955.76,6959.31,6951.0,6954.33,47.226985,1577999399999.0,328460.74154497,533.0,22.532328,156736.52912478,0.0,BTCUSDT
2020-01-02 21:10:00,6954.2,6959.91,6953.98,6959.4,46.413016,1577999699999.0,322891.24895126,604.0,25.378512,176572.14851774,0.0,BTCUSDT
2020-01-02 21:15:00,6959.45,6959.99,6954.02,6954.79,45.640209,1577999999999.0,317513.93882855,706.0,22.739731,158217.37311552,0.0,BTCUSDT
2020-01-02 21:20:00,6954.55,6963.37,6953.0,6962.0,48.636894,1578000299999.0,338487.64815748,645.0,28.076445,195423.4533742,0.0,BTCUSDT
2020-01-02 21:25:00,6962.0,6968.88,6961.98,6967.39,49.808163,1578000599999.0,346935.33188262,508.0,20.645632,143796.30774196,0.0,BTCUSDT
2020-01-02 21:30:00,6967.7,6971.36,6967.4,6968.98,48.200252,1578000899999.0,335907.57965031,591.0,25.247946,175958.08992855,0.0,BTCUSDT
2020-01-02 21:35:00,6969.26,6969.79,6961.22,6965.95,58.159221,1578001199999.0,405129.75247556,718.0,19.187044,133654.81203957,0.0,BTCUSDT
2020-01-02 21:40:00,6966.51,6980.0,6964.69,6975.62,75.449233,1578001499999.0,526180.58951123,819.0,38.957869,271694.77581183,0.0,BTCUSDT
2020-01-02 21:45:00,6975.62,6985.0,6973.87,6978.85,83.473864,1578001799999.0,582723.57460318,882.0,64.857425,452781.50343703,0.0,BTCUSDT
2020-01-02 21:50:00,6978.95,6979.95,6971.13,6974.7,52.776784,1578002099999.0,368144.34015981,737.0,30.296486,211334.86922477,0.0,BTCUSDT
2020-01-02 21:55:00,6975.24,6979.02,6974.56,6977.73,32.222521,1578002399999.0,224829.97417718,498.0,22.198423,154892.43608716,0.0,BTCUSDT
2020-01-02 22:00:00,6977.55,6977.73,6972.48,6973.43,49.141017,1578002699999.0,342696.18435528,783.0,12.350184,86130.56343811,0.0,BTCUSDT
2020-01-02 22:05:00,6972.55,6973.15,6963.02,6963.33,58.795966,1578002999999.0,409658.76677877,734.0,15.044275,104808.7408921,0.0,BTCUSDT
2020-01-02 22:10:00,6963.99,6968.7,6963.3,6967.73,71.508131,1578003299999.0,498122.88192583,946.0,53.957531,375861.96344855,0.0,BTCUSDT
2020-01-02 22:15:00,6967.63,6978.24,6965.31,6975.67,64.560549,1578003599999.0,450013.05108864,945.0,38.139091,265880.79539229,0.0,BTCUSDT
2020-01-02 22:20:00,6975.67,6977.88,6972.03,6974.49,61.038579,1578003899999.0,425716.66811581,853.0,27.657746,192920.22237723,0.0,BTCUSDT
2020-01-02 22:25:00,6974.02,6974.29,6964.98,6966.71,46.866496,1578004199999.0,326644.94289375,660.0,12.460305,86853.40693234,0.0,BTCUSDT
2020-01-02 22:30:00,6966.71,6967.87,6963.02,6965.83,54.450656,1578004499999.0,379298.6240118,688.0,25.313106,176347.7518342,0.0,BTCUSDT
2020-01-02 22:35:00,6966.27,6971.68,6964.28,6970.54,36.060391,1578004799999.0,251257.76228516,737.0,26.454183,184331.76304261,0.0,BTCUSDT
2020-01-02 22:40:00,6970.54,6971.63,6964.13,6966.6,31.619652,1578005099999.0,220301.71568195,551.0,17.08572,119047.50690064,0.0,BTCUSDT
2020-01-02 22:45:00,6967.04,6970.0,6965.68,6969.14,33.237603,1578005399999.0,231589.64460044,564.0,19.73013,137476.65384397,0.0,BTCUSDT
2020-01-02 22:50:00,6968.8,6976.1,6968.33,6976.03,34.299322,1578005699999.0,239163.15048887,688.0,23.300135,162471.56141163,0.0,BTCUSDT
2020-01-02 22:55:00,6976.03,6976.32,6973.01,6974.8,26.745667,1578005999999.0,186540.05227997,516.0,11.815203,82409.79905001,0.0,BTCUSDT
2020-01-02 23:00:00,6974.8,6974.8,6968.32,6973.94,41.905388,1578006299999.0,292174.08902431,637.0,24.871641,173411.13806453,0.0,BTCUSDT
2020-01-02 23:05:00,6974.32,6974.7,6970.0,6970.73,34.858546,1578006599999.0,243024.15405801,490.0,16.161334,112675.28478045,0.0,BTCUSDT
2020-01-02 23:10:00,6970.76,6973.12,6960.0,6962.9,107.446447,1578006899999.0,748432.68881377,928.0,56.033022,390235.29393553,0.0,BTCUSDT
2020-01-02 23:15:00,6963.4,6964.85,6957.71,6959.16,36.219293,1578007199999.0,252119.3418129,524.0,13.893976,96726.27443756,0.0,BTCUSDT
2020-01-02 23:20:00,6959.16,6962.39,6952.4,6959.53,86.196937,1578007499999.0,599574.72109091,897.0,56.008082,389579.3626946,0.0,BTCUSDT
2020-01-02 23:25:00,6959.6,6962.34,6950.0,6962.34,131.065878,1578007799999.0,911822.29631508,1366.0,97.115691,675703.44048129,0.0,BTCUSDT
2020-01-02 23:30:00,6962.47,6974.75,6957.66,6966.43,107.791607,1578008099999.0,750890.75166233,1050.0,45.77693,318890.08578277,0.0,BTCUSDT
2020-01-02 23:35:00,6967.11,6969.9,6963.22,6965.37,37.966344,1578008399999.0,264521.19852466,596.0,26.909391,187489.45293008,0.0,BTCUSDT
2020-01-02 23:40:00,6965.09,6969.46,6961.0,6961.0,42.04364,1578008699999.0,292831.32568494,551.0,22.729557,158311.8878875,0.0,BTCUSDT
2020-01-02 23:45:00,6961.62,6968.16,6959.87,6967.41,33.11367,1578008999999.0,230608.77260335,484.0,15.41794,107380.61486268,0.0,BTCUSDT
2020-01-02 23:50:00,6967.4,6968.82,6961.63,6963.58,41.240254,1578009299999.0,287293.9232962,575.0,18.52577,129066.83565049,0.0,BTCUSDT
2020-01-02 23:55:00,6963.79,6966.24,6961.24,6965.71,41.219587,1578009599999.0,287047.22361301,567.0,16.963148,118134.14251951,0.0,BTCUSDT
2020-01-03 00:00:00,6965.49,6965.71,6952.77,6956.03,75.124787,1578009899999.0,522695.53525842,1036.0,30.169867,209949.54813924,0.0,BTCUSDT
2020-01-03 00:05:00,6956.35,6964.79,6948.45,6963.38,105.367489,1578010199999.0,732571.91304099,914.0,70.570358,490637.85415516,0.0,BTCUSDT
2020-01-03 00:10:00,6963.38,6966.47,6958.34,6962.98,51.279178,1578010499999.0,356989.58171281,715.0,22.143311,154151.57079912,0.0,BTCUSDT
2020-01-03 00:15:00,6962.98,6963.0,6955.02,6958.17,45.042523,1578010799999.0,313451.66349968,614.0,20.761794,144485.66027614,0.0,BTCUSDT
2020-01-03 00:20:00,6958.1,6961.83,6954.18,6955.21,38.83992,1578011099999.0,270229.46018219,532.0,23.226236,161600.87810905,0.0,BTCUSDT
2020-01-03 00:25:00,6954.3,6956.78,6948.0,6955.63,53.701758,1578011399999.0,373351.83463738,644.0,24.694497,171689.1068032,0.0,BTCUSDT
2020-01-03 00:30:00,6955.65,6955.78,6947.28,6954.3,74.796045,1578011699999.0,519946.02803098,755.0,42.882433,298116.67876778,0.0,BTCUSDT
2020-01-03 00:35:00,6954.99,6955.0,6945.36,6945.58,68.273091,1578011999999.0,474535.74479353,685.0,37.800353,262752.15272472,0.0,BTCUSDT
2020-01-03 00:40:00,6945.37,6948.78,6921.0,6928.19,167.051525,1578012299999.0,1158356.84087114,1847.0,56.294667,390438.49479732,0.0,BTCUSDT
2020-01-03 00:45:00,6928.37,6938.0,6912.88,6932.58,283.644056,1578012599999.0,1964331.58177634,2599.0,125.187085,867209.59543997,0.0,BTCUSDT
2020-01-03 00:50:00,6933.42,6941.12,6928.3,6939.77,88.078697,1578012899999.0,610968.32529537,956.0,55.704822,386422.21037746,0.0,BTCUSDT
2020-01-03 00:55:00,6939.89,6940.0,6935.67,6937.0,55.532974,1578013199999.0,385255.74320572,613.0,30.973693,214879.95989184,0.0,BTCUSDT
2020-01-03 01:00:00,6937.0,6946.07,6936.75,6944.14,106.723116,1578013499999.0,740812.51927105,946.0,68.53731,475740.86609472,0.0,BTCUSDT
2020-01-03 01:05:00,6944.06,6945.56,6933.47,6935.32,54.54017,1578013799999.0,378570.59283278,779.0,25.673834,178237.57351882,0.0,BTCUSDT
2020-01-03 01:10:00,6935.12,6939.47,6932.22,6937.34,73.401409,1578014099999.0,509118.01622184,951.0,44.267595,307062.69655752,0.0,BTCUSDT
2020-01-03 01:15:00,6937.01,6938.05,6932.01,6935.0,59.917714,1578014399999.0,415551.74891724,798.0,22.463213,155801.62012111,0.0,BTCUSDT
2020-01-03 01:20:00,6935.0,6941.0,6934.17,6937.05,75.019929,1578014699999.0,520525.6053207,814.0,46.574934,323182.54392985,0.0,BTCUSDT
2020-01-03 01:25:00,6937.04,6938.09,6934.5,6936.99,69.747488,1578014999999.0,483819.74311879,711.0,47.828818,331787.56590858,0.0,BTCUSDT
2020-01-03 01:30:00,6935.72,6937.1,6922.59,6926.69,110.426514,1578015299999.0,765265.81706968,1037.0,28.757599,199284.36901653,0.0,BTCUSDT
2020-01-03 01:35:00,6926.73,6927.03,6885.1,6903.49,813.691646,1578015599999.0,5618690.04442399,5742.0,278.870026,1926004.76361531,0.0,BTCUSDT
2020-01-03 01:40:00,6902.99,6916.99,6901.42,6912.97,161.696049,1578015899999.0,1117462.26589054,1265.0,100.752468,696349.84769194,0.0,BTCUSDT
2020-01-03 01:45:00,6912.92,6912.92,6886.71,6901.28,403.863725,1578016199999.0,2786333.42006629,2233.0,223.886892,1544670.13786288,0.0,BTCUSDT
2020-01-03 01:50:00,6901.15,6905.15,6884.1,6890.05,157.245404,1578016499999.0,1084364.6213084,1362.0,68.642573,473529.8642255,0.0,BTCUSDT
2020-01-03 01:55:00,6890.05,6894.2,6878.19,6888.85,316.30852,1578016799999.0,2177841.9595154,2484.0,103.778102,714680.20871785,0.0,BTCUSDT
2020-01-03 02:00:00,6888.26,6904.39,6871.04,6902.72,417.379023,1578017099999.0,2872553.58571517,2989.0,184.896164,1272729.81932663,0.0,BTCUSDT
2020-01-03 02:05:00,6902.71,6902.72,6890.44,6891.03,130.640524,1578017399999.0,900914.6763749,1442.0,66.140633,456132.17909069,0.0,BTCUSDT
2020-01-03 02:10:00,6890.69,6904.99,6890.65,6904.03,196.080179,1578017699999.0,1352497.61494041,1715.0,130.580033,900750.82899337,0.0,BTCUSDT
2020-01-03 02:15:00,6904.34,6926.8,6903.76,6925.24,199.279587,1578017999999.0,1378150.48354902,2080.0,102.856123,711324.12866982,0.0,BTCUSDT
2020-01-03 02:20:00,6925.79,6947.38,6925.79,6932.91,459.171105,1578018299999.0,3186920.82642394,3079.0,148.985852,1033751.21410767,0.0,BTCUSDT
2020-01-03 02:25:00,6932.86,6943.53,6926.0,6943.11,299.94738,1578018599999.0,2079607.64237333,1746.0,82.40791,571416.54426061,0.0,BTCUSDT
2020-01-03 02:30:00,6942.29,6965.08,6942.29,6947.35,270.978165,1578018899999.0,1884375.80979323,2854.0,132.417365,920883.95199003,0.0,BTCUSDT
2020-01-03 02:35:00,6947.35,6960.16,6944.87,6953.86,220.989697,1578019199999.0,1536374.64068394,1595.0,106.091042,737568.21111722,0.0,BTCUSDT
2020-01-03 02:40:00,6953.81,6963.45,6950.7,6954.95,305.87182,1578019499999.0,2128258.68506336,1841.0,111.403941,775123.00985549,0.0,BTCUSDT
2020-01-03 02:45:00,6954.95,6955.78,6946.09,6954.26,175.366552,1578019799999.0,1219160.35421123,1181.0,65.920076,458195.92077527,0.0,BTCUSDT
2020-01-03 02:50:00,6952.93,6956.98,6946.59,6955.48,89.793169,1578020099999.0,624261.54089201,871.0,38.478585,267534.52238819,0.0,BTCUSDT
2020-01-03 02:55:00,6955.77,6966.8,6952.76,6956.88,104.496352,1578020399999.0,727145.94350867,1054.0,49.574898,345018.61378338,0.0,BTCUSDT
2020-01-03 03:00:00,6957.66,6958.08,6946.51,6950.78,92.67524,1578020699999.0,644204.43136109,973.0,42.418188,294844.98332681,0.0,BTCUSDT
2020-01-03 03:05:00,6950.8,6952.41,6946.72,6951.83,68.019003,1578020999999.0,472728.56122549,715.0,41.160248,286064.05396494,0.0,BTCUSDT
2020-01-03 03:10:00,6951.67,6960.0,6951.24,6959.64,86.435565,1578021299999.0,601127.3723466,827.0,48.367664,336405.66982656,0.0,BTCUSDT
2020-01-03 03:15:00,6959.47,6966.36,6957.64,6963.27,96.783586,1578021599999.0,673775.35466305,1135.0,47.904812,333508.08290232,0.0,BTCUSDT
2020-01-03 03:20:00,6963.03,6963.2,6955.96,6955.96,74.471709,1578021899999.0,518303.52974591,823.0,33.472173,232959.16707499,0.0,BTCUSDT
2020-01-03 03:25:00,6956.0,6958.69,6954.47,6957.04,55.758331,1578022199999.0,387917.45752435,590.0,18.472247,128516.90760006,0.0,BTCUSDT
2020-01-03 03:30:00,6957.11,6958.37,6947.38,6947.54,69.537096,1578022499999.0,483506.31120185,740.0,34.580437,240471.56082358,0.0,BTCUSDT
2020-01-03 03:35:00,6947.44,6951.25,6943.02,6950.63,73.602174,1578022799999.0,511348.79238584,798.0,36.548208,253942.98403709,0.0,BTCUSDT
2020-01-03 03:40:00,6951.2,6954.96,6948.91,6952.16,246.82738,1578023099999.0,1716082.2785026,764.0,214.501925,1491358.46920529,0.0,BTCUSDT
2020-01-03 03:45:00,6951.22,6952.15,6941.76,6941.99,70.111029,1578023399999.0,487037.75962071,860.0,23.714851,164748.7779038,0.0,BTCUSDT
2020-01-03 03:50:00,6941.99,6948.4,6940.0,6948.0,256.564731,1578023699999.0,1781204.75244649,1481.0,218.646893,1517970.62549341,0.0,BTCUSDT
2020-01-03 03:55:00,6947.67,6952.66,6946.32,6952.04,55.803664,1578023999999.0,387815.58599196,617.0,30.638538,212938.34779672,0.0,BTCUSDT
2020-01-03 04:00:00,6952.04,6959.79,6948.64,6959.79,105.199607,1578024299999.0,731578.92414584,1162.0,60.517164,420870.51996298,0.0,BTCUSDT
2020-01-03 04:05:00,6959.42,6979.56,6959.42,6975.77,311.444347,1578024599999.0,2171285.90078747,2260.0,144.950025,1010610.9514001,0.0,BTCUSDT
2020-01-03 04:10:00,6975.09,6992.33,6974.29,6991.66,203.617655,1578024899999.0,1421917.10215716,1530.0,129.685103,905742.55435873,0.0,BTCUSDT
2020-01-03 04:15:00,6991.86,7053.02,6980.0,7025.43,1076.49541,1578025199999.0,7556069.85960471,6140.0,557.968247,3915465.7157663,0.0,BTCUSDT
2020-01-03 04:20:00,7023.38,7033.02,7000.01,7010.28,311.203876,1578025499999.0,2183111.15049263,2562.0,123.653202,867351.30496237,0.0,BTCUSDT
2020-01-03 04:25:00,7011.07,7040.32,7007.03,7017.01,233.690454,1578025799999.0,1640634.68195588,1701.0,136.100978,955507.74892915,0.0,BTCUSDT
2020-01-03 04:30:00,7017.18,7037.93,7015.39,7016.11,197.391018,1578026099999.0,1386683.62273991,1534.0,88.807667,623856.04022031,0.0,BTCUSDT
2020-01-03 04:35:00,7015.39,7023.31,7004.11,7022.28,172.8704,1578026399999.0,1212418.16558458,1539.0,66.019774,463058.87561838,0.0,BTCUSDT
2020-01-03 04:40:00,7022.59,7248.0,7022.11,7243.4,3221.633909,1578026699999.0,23083413.34665009,18188.0,2128.659223,15273780.93101173,0.0,BTCUSDT
2020-01-03 04:45:00,7243.4,7264.71,7149.17,7204.32,2595.129932,1578026999999.0,18680051.11078488,14864.0,1453.74961,10464888.6911951,0.0,BTCUSDT
2020-01-03 04:50:00,7204.79,7232.65,7192.95,7211.94,638.189663,1578027299999.0,4602115.16698821,4548.0,286.522088,2066278.75862832,0.0,BTCUSDT
2020-01-03 04:55:00,7208.37,7222.99,7205.0,7210.19,494.031426,1578027599999.0,3564529.76742917,2861.0,156.64812,1130349.51060525,0.0,BTCUSDT
2020-01-03 05:00:00,7210.2,7249.0,7210.2,7222.37,792.401983,1578027899999.0,5729659.95538472,4306.0,401.373846,2901687.84914972,0.0,BTCUSDT
2020-01-03 05:05:00,7222.37,7228.54,7176.93,7182.33,528.518924,1578028199999.0,3805261.6110071,3067.0,217.942879,1568035.47732692,0.0,BTCUSDT
2020-01-03 05:10:00,7181.24,7199.79,7168.48,7171.85,388.366864,1578028499999.0,2789541.3084956,1956.0,109.711735,788140.71939096,0.0,BTCUSDT
2020-01-03 05:15:00,7171.34,7201.08,7171.34,7179.13,341.281777,1578028799999.0,2453540.11585589,2274.0,160.962815,1156969.42696701,0.0,BTCUSDT
2020-01-03 05:20:00,7180.7,7190.38,7170.01,7175.24,293.885203,1578029099999.0,2109417.53353154,1759.0,126.869902,910493.65786017,0.0,BTCUSDT
2020-01-03 05:25:00,7175.81,7190.0,7171.21,7178.0,194.799134,1578029399999.0,1399055.50344842,1334.0,86.644477,622300.50199195,0.0,BTCUSDT
2020-01-03 05:30:00,7178.0,7196.22,7178.0,7186.62,158.994046,1578029699999.0,1142956.77792918,1326.0,87.146912,626472.82485684,0.0,BTCUSDT
2020-01-03 05:35:00,7186.73,7187.19,7174.7,7181.57,135.794171,1578029999999.0,975017.59903215,976.0,65.59222,470962.9871417,0.0,BTCUSDT
2020-01-03 05:40:00,7181.59,7196.65,7181.59,7188.98,179.706565,1578030299999.0,1292234.96089334,1413.0,94.604656,680292.57193017,0.0,BTCUSDT
2020-01-03 05:45:00,7188.98,7208.0,7181.88,7208.0,187.7028,1578030599999.0,1350299.63220914,1343.0,131.649588,947080.35187245,0.0,BTCUSDT
2020-01-03 05:50:00,7208.0,7226.51,7202.09,7210.5,207.665575,1578030899999.0,1498283.2698089,2016.0,101.280099,730745.68683609,0.0,BTCUSDT
2020-01-03 05:55:00,7210.48,7220.9,7206.4,7220.47,166.653923,1578031199999.0,1202115.71067181,1273.0,80.622869,581518.05181108,0.0,BTCUSDT
2020-01-03 06:00:00,7220.49,7225.0,7202.99,7202.99,263.89989,1578031499999.0,1903749.40283813,1718.0,98.689585,712044.16486168,0.0,BTCUSDT
2020-01-03 06:05:00,7203.49,7217.04,7201.31,7216.04,162.851124,1578031799999.0,1173971.49479395,1179.0,84.998741,612724.14279855,0.0,BTCUSDT
2020-01-03 06:10:00,7216.05,7219.94,7203.88,7205.47,147.435913,1578032099999.0,1063315.03506298,1089.0,67.362868,485927.19193394,0.0,BTCUSDT
2020-01-03 06:15:00,7205.47,7205.99,7193.08,7196.4,277.807262,1578032399999.0,1999922.65963025,1516.0,164.989622,1187726.96946802,0.0,BTCUSDT
2020-01-03 06:20:00,7196.83,7207.86,7196.83,7205.6,258.319556,1578032699999.0,1860172.63315083,1502.0,210.34412,1514653.49509096,0.0,BTCUSDT
2020-01-03 06:25:00,7205.6,7206.91,7198.47,7199.73,158.560175,1578032999999.0,1142111.55593894,911.0,66.112341,476207.86340675,0.0,BTCUSDT
2020-01-03 06:30:00,7199.65,7214.31,7196.85,7210.31,211.100895,1578033299999.0,1520758.72085687,1567.0,149.732485,1078615.64960386,0.0,BTCUSDT
2020-01-03 06:35:00,7210.36,7216.98,7198.08,7202.2,188.569679,1578033599999.0,1359627.74685454,1591.0,116.720191,841609.67258434,0.0,BTCUSDT
2020-01-03 06:40:00,7201.6,7207.52,7190.14,7195.44,149.752374,1578033899999.0,1077957.48223762,1311.0,74.079956,533295.68000478,0.0,BTCUSDT
2020-01-03 06:45:00,7195.35,7209.1,7194.49,7204.55,92.979671,1578034199999.0,669616.60439677,859.0,48.598703,350030.58816262,0.0,BTCUSDT
2020-01-03 06:50:00,7204.28,7210.0,7198.68,7201.27,62.18311,1578034499999.0,447933.03793804,895.0,33.563832,241784.98345391,0.0,BTCUSDT
2020-01-03 06:55:00,7202.04,7210.0,7200.81,7202.22,101.799511,1578034799999.0,733564.44535233,921.0,62.831197,452760.97825735,0.0,BTCUSDT
2020-01-03 07:00:00,7202.06,7214.59,7202.06,7206.72,193.592245,1578035099999.0,1396088.32191274,1365.0,140.423848,1012670.27265842,0.0,BTCUSDT
2020-01-03 07:05:00,7207.16,7214.61,7201.0,7210.85,153.442454,1578035399999.0,1106085.10379887,1029.0,104.59093,753986.17643786,0.0,BTCUSDT
2020-01-03 07:10:00,7211.59,7217.99,7206.21,7211.92,220.400822,1578035699999.0,1589888.1861787,1250.0,169.22641,1220791.94151155,0.0,BTCUSDT
2020-01-03 07:15:00,7211.94,7217.11,7205.31,7212.76,123.920481,1578035999999.0,893841.35968683,1002.0,39.421695,284302.75100466,0.0,BTCUSDT
2020-01-03 07:20:00,7213.86,7231.57,7213.64,7223.29,251.054148,1578036299999.0,1813823.16128265,1918.0,161.247294,1164966.48232182,0.0,BTCUSDT
2020-01-03 07:25:00,7223.0,7228.22,7217.39,7223.46,139.199604,1578036599999.0,1005412.55620337,1113.0,70.293467,507716.1903489,0.0,BTCUSDT
2020-01-03 07:30:00,7223.25,7232.0,7220.0,7221.89,208.778504,1578036899999.0,1508704.24995077,1377.0,107.606619,777643.10498834,0.0,BTCUSDT
2020-01-03 07:35:00,7221.39,7226.28,7211.74,7213.74,172.502129,1578037199999.0,1245595.29763274,1292.0,58.927798,425581.57206548,0.0,BTCUSDT
2020-01-03 07:40:00,7213.75,7221.64,7208.23,7220.97,128.028913,1578037499999.0,923460.18425885,954.0,65.356937,471441.19044468,0.0,BTCUSDT
2020-01-03 07:45:00,7220.7,7221.77,7194.49,7196.75,165.645318,1578037799999.0,1193747.65891535,1444.0,78.377527,564667.10920881,0.0,BTCUSDT
2020-01-03 07:50:00,7196.01,7207.0,7185.04,7190.89,264.058667,1578038099999.0,1900680.90042332,1874.0,116.777238,840687.01418306,0.0,BTCUSDT
2020-01-03 07:55:00,7193.33,7212.58,7190.26,7203.21,164.753599,1578038399999.0,1186796.01020601,1351.0,93.184578,671309.16469998,0.0,BTCUSDT
2020-01-03 08:00:00,7202.28,7231.93,7202.28,7215.67,336.644313,1578038699999.0,2430498.42794941,3096.0,141.058243,1018566.64278318,0.0,BTCUSDT
2020-01-03 08:05:00,7215.67,7220.88,7212.09,7215.23,105.304603,1578038999999.0,759856.72860003,923.0,33.987779,245262.56483231,0.0,BTCUSDT
2020-01-03 08:10:00,7215.24,7221.52,7213.0,7220.91,79.284971,1578039299999.0,572194.76350074,856.0,45.91102,331348.42526228,0.0,BTCUSDT
2020-01-03 08:15:00,7220.89,7222.0,7212.72,7220.95,74.072216,1578039599999.0,534566.00756621,850.0,39.280379,283499.33961608,0.0,BTCUSDT
2020-01-03 08:20:00,7221.0,7224.65,7215.39,7216.5,102.670121,1578039899999.0,741274.88828887,727.0,41.645686,300680.54820438,0.0,BTCUSDT
2020-01-03 08:25:00,7216.4,7221.29,7215.0,7216.74,73.603933,1578040199999.0,531309.73629113,703.0,37.053104,267485.58022402,0.0,BTCUSDT
2020-01-03 08:30:00,7216.8,7225.99,7216.68,7223.2,132.018533,1578040499999.0,953289.71766801,1284.0,81.760743,590398.61430089,0.0,BTCUSDT
2020-01-03 08:35:00,7222.91,7255.0,7220.71,7236.31,557.98614,1578040799999.0,4041737.67132392,3213.0,344.00354,2492143.46800608,0.0,BTCUSDT
2020-01-03 08:40:00,7236.34,7297.29,7229.22,7288.16,993.969115,1578041099999.0,7225714.0513561,7419.0,571.563878,4155662.10150828,0.0,BTCUSDT
2020-01-03 08:45:00,7286.73,7290.0,7258.0,7272.51,708.225935,1578041399999.0,5153516.60603896,3992.0,360.902279,2626340.36991968,0.0,BTCUSDT
2020-01-03 08:50:00,7271.41,7287.71,7269.0,7269.0,309.051843,1578041699999.0,2249083.0124068,2610.0,126.389126,920023.89520883,0.0,BTCUSDT
2020-01-03 08:55:00,7269.0,7269.01,7239.43,7260.6,503.702786,1578041999999.0,3654480.01116589,3076.0,149.650504,1085630.35058186,0.0,BTCUSDT
2020-01-03 09:00:00,7260.64,7279.37,7256.56,7273.64,469.122775,1578042299999.0,3410082.60457038,3139.0,207.601566,1509213.90736693,0.0,BTCUSDT
2020-01-03 09:05:00,7273.66,7311.2,7272.31,7299.4,842.238585,1578042599999.0,6143009.6755194,5455.0,487.497856,3556302.06861827,0.0,BTCUSDT
2020-01-03 09:10:00,7298.08,7335.95,7298.06,7310.6,997.462426,1578042899999.0,7295478.92643679,7815.0,551.974495,4038045.21753195,0.0,BTCUSDT
2020-01-03 09:15:00,7311.07,7321.0,7300.0,7300.83,477.443129,1578043199999.0,3490355.78987865,3584.0,181.775795,1329209.08190823,0.0,BTCUSDT
2020-01-03 09:20:00,7300.92,7308.29,7290.0,7294.1,258.678082,1578043499999.0,1887857.98818126,2312.0,142.192216,1037746.72586035,0.0,BTCUSDT
2020-01-03 09:25:00,7294.08,7313.75,7290.01,7310.81,259.806402,1578043799999.0,1896802.95815201,2071.0,114.549784,836327.73968797,0.0,BTCUSDT
2020-01-03 09:30:00,7310.86,7317.07,7303.0,7303.98,354.189123,1578044099999.0,2589476.48920963,2665.0,149.658472,1094232.50859417,0.0,BTCUSDT
2020-01-03 09:35:00,7303.98,7311.43,7298.08,7298.23,196.014442,1578044399999.0,1432063.57663681,2492.0,45.774371,334491.68386672,0.0,BTCUSDT
2020-01-03 09:40:00,7299.73,7311.98,7298.12,7310.57,171.608463,1578044699999.0,1253784.05764913,1712.0,82.786911,604847.25336224,0.0,BTCUSDT
2020-01-03 09:45:00,7311.28,7317.99,7310.56,7315.0,223.687916,1578044999999.0,1636211.25850064,2046.0,127.900502,935572.73251051,0.0,BTCUSDT
2020-01-03 09:50:00,7315.0,7349.99,7307.94,7337.28,567.409767,1578045299999.0,4160138.07936106,4765.0,296.106552,2171428.40877054,0.0,BTCUSDT
2020-01-03 09:55:00,7336.22,7358.88,7333.31,7348.42,651.369522,1578045599999.0,4785627.59824023,5355.0,383.138481,2814868.00186548,0.0,BTCUSDT
2020-01-03 10:00:00,7349.3,7365.9,7330.08,7341.2,459.632492,1578045899999.0,3376859.26919828,3911.0,218.92859,1608605.13242666,0.0,BTCUSDT
2020-01-03 10:05:00,7342.86,7344.52,7323.01,7326.24,256.897369,1578046199999.0,1884433.44893006,2947.0,127.669527,936531.40322815,0.0,BTCUSDT
2020-01-03 10:10:00,7327.0,7370.92,7324.0,7370.01,533.417926,1578046499999.0,3918532.80248822,3577.0,332.019104,2438808.01799191,0.0,BTCUSDT
2020-01-03 10:15:00,7370.15,7371.92,7345.6,7346.4,457.659155,1578046799999.0,3368523.44200851,2719.0,201.096409,1480335.67233818,0.0,BTCUSDT
2020-01-03 10:20:00,7347.96,7348.23,7325.41,7327.52,337.738255,1578047099999.0,2477997.57283014,2241.0,145.577774,1068172.31924127,0.0,BTCUSDT
2020-01-03 10:25:00,7327.02,7338.48,7325.5,7331.21,111.465033,1578047399999.0,817207.22815679,1112.0,63.133766,462888.30217249,0.0,BTCUSDT
2020-01-03 10:30:00,7331.28,7342.53,7302.75,7303.91,359.895321,1578047699999.0,2635293.78220212,2483.0,180.063296,1318901.41001941,0.0,BTCUSDT
2020-01-03 10:35:00,7302.76,7313.33,7281.3,7309.97,666.132815,1578047999999.0,4860940.71716202,4023.0,350.133128,2554912.17838874,0.0,BTCUSDT
2020-01-03 10:40:00,7310.0,7311.53,7296.5,7302.02,209.165304,1578048299999.0,1527754.2549936,1527.0,104.722725,764906.31787783,0.0,BTCUSDT
2020-01-03 10:45:00,7302.02,7320.0,7300.89,7317.5,165.181902,1578048599999.0,1208046.48328407,1335.0,102.688817,751019.203382,0.0,BTCUSDT
2020-01-03 10:50:00,7316.05,7317.23,7306.07,7311.07,171.572033,1578048899999.0,1254553.11413378,1305.0,94.035219,687591.32299025,0.0,BTCUSDT
2020-01-03 10:55:00,7311.11,7321.48,7300.62,7312.25,195.704809,1578049199999.0,1430912.0981774,1263.0,111.145523,812728.88297351,0.0,BTCUSDT
2020-01-03 11:00:00,7312.26,7327.24,7306.61,7322.22,267.918957,1578049499999.0,1960265.75517674,1600.0,152.544468,1116046.35353653,0.0,BTCUSDT
2020-01-03 11:05:00,7320.72,7341.17,7320.35,7335.13,279.009599,1578049799999.0,2045597.48938825,2549.0,157.002454,1151261.62840283,0.0,BTCUSDT
2020-01-03 11:10:00,7335.03,7340.91,7327.65,7337.78,151.889117,1578050099999.0,1114113.70204442,1159.0,82.174043,602773.71333191,0.0,BTCUSDT
2020-01-03 11:15:00,7337.94,7338.38,7322.5,7333.97,123.042811,1578050399999.0,901792.76355137,1273.0,78.020095,571829.08188905,0.0,BTCUSDT
2020-01-03 11:20:00,7333.24,7338.98,7324.99,7327.07,127.764571,1578050699999.0,937103.50526863,1040.0,79.482931,583001.78687306,0.0,BTCUSDT
2020-01-03 11:25:00,7326.03,7336.43,7322.53,7327.52,112.078072,1578050999999.0,821626.83406646,961.0,59.330421,434946.46929519,0.0,BTCUSDT
2020-01-03 11:30:00,7328.15,7329.5,7315.0,7320.31,219.294608,1578051299999.0,1605777.45307103,1131.0,113.974103,834593.03816976,0.0,BTCUSDT
2020-01-03 11:35:00,7320.31,7325.33,7313.33,7322.26,113.970186,1578051599999.0,834130.69080762,1071.0,66.582882,487307.27605439,0.0,BTCUSDT
2020-01-03 11:40:00,7321.25,7332.68,7317.65,7329.15,98.748389,1578051899999.0,723374.20366873,1023.0,65.418751,479231.27614004,0.0,BTCUSDT
2020-01-03 11:45:00,7329.31,7332.28,7321.54,7324.01,48.27004,1578052199999.0,353601.63890075,687.0,25.990542,190393.37466414,0.0,BTCUSDT
2020-01-03 11:50:00,7324.0,7340.0,7315.0,7333.61,114.326366,1578052499999.0,838099.39198177,1285.0,72.917166,534671.37270537,0.0,BTCUSDT
2020-01-03 11:55:00,7333.28,7346.0,7331.54,7340.46,170.54475,1578052799999.0,1251582.00570188,1406.0,100.78346,739624.9600408,0.0,BTCUSDT
2020-01-03 12:00:00,7340.46,7350.0,7320.02,7326.12,210.700667,1578053099999.0,1545658.00325407,1819.0,128.228899,940783.73519595,0.0,BTCUSDT
2020-01-03 12:05:00,7327.23,7340.0,7325.68,7337.05,106.567496,1578053399999.0,781529.24899949,1178.0,52.726318,386651.22485557,0.0,BTCUSDT
2020-01-03 12:10:00,7337.04,7347.75,7331.51,7346.46,102.734662,1578053699999.0,753995.77417874,1284.0,54.561216,400446.29017506,0.0,BTCUSDT
2020-01-03 12:15:00,7346.74,7349.0,7337.93,7340.13,104.629294,1578053999999.0,768233.77295262,1125.0,50.254375,369006.58129038,0.0,BTCUSDT
2020-01-03 12:20:00,7340.12,7349.0,7340.12,7343.65,165.423152,1578054299999.0,1215241.23566491,1472.0,101.249724,743813.41540678,0.0,BTCUSDT
2020-01-03 12:25:00,7342.58,7350.19,7337.0,7338.26,182.915794,1578054599999.0,1343595.26825619,1726.0,107.646944,790816.23873779,0.0,BTCUSDT
2020-01-03 12:30:00,7338.43,7339.41,7319.3,7319.3,223.990669,1578054899999.0,1641314.11327937,1735.0,87.449896,640934.38302522,0.0,BTCUSDT
2020-01-03 12:35:00,7319.3,7333.41,7319.3,7322.81,109.417819,1578055199999.0,801645.0451179,1252.0,61.950401,453878.82241665,0.0,BTCUSDT
2020-01-03 12:40:00,7322.16,7330.45,7319.13,7320.0,111.725985,1578055499999.0,818254.31295839,1239.0,63.972692,468551.63810598,0.0,BTCUSDT
2020-01-03 12:45:00,7320.0,7323.59,7303.14,7305.99,202.056425,1578055799999.0,1477693.74209331,1492.0,84.366725,617088.75466356,0.0,BTCUSDT
2020-01-03 12:50:00,7307.48,7320.0,7305.38,7313.34,103.62534,1578056099999.0,757811.03401783,1012.0,57.280777,418920.97244399,0.0,BTCUSDT
2020-01-03 12:55:00,7313.73,7326.57,7313.73,7322.78,93.435317,1578056399999.0,684110.64852257,903.0,48.275923,353437.15477004,0.0,BTCUSDT
2020-01-03 13:00:00,7324.1,7331.02,7319.01,7319.14,122.382727,1578056699999.0,896631.51273504,1216.0,64.320729,471254.10243129,0.0,BTCUSDT
2020-01-03 13:05:00,7319.02,7326.76,7311.59,7324.73,148.502516,1578056999999.0,1086776.17550732,1056.0,94.150561,689079.42176166,0.0,BTCUSDT
2020-01-03 13:10:00,7324.73,7328.65,7319.87,7326.56,86.6435,1578057299999.0,634528.09352384,881.0,53.388828,390976.60868983,0.0,BTCUSDT
2020-01-03 13:15:00,7326.07,7328.38,7318.17,7318.21,78.611035,1578057599999.0,575832.16687374,1129.0,55.444133,406148.6648921,0.0,BTCUSDT
2020-01-03 13:20:00,7318.42,7323.36,7314.41,7322.66,74.904692,1578057899999.0,548240.23625668,937.0,46.054614,337089.64005523,0.0,BTCUSDT
2020-01-03 13:25:00,7322.94,7330.17,7321.32,7330.15,91.168319,1578058199999.0,667852.52618275,824.0,62.503914,457865.48121345,0.0,BTCUSDT
2020-01-03 13:30:00,7329.54,7331.96,7325.41,7329.61,65.019492,1578058499999.0,476522.62266752,884.0,32.466469,237958.47768652,0.0,BTCUSDT
2020-01-03 13:35:00,7329.7,7329.7,7320.58,7323.58,90.597875,1578058799999.0,663731.46736208,957.0,39.111561,286529.28776979,0.0,BTCUSDT
2020-01-03 13:40:00,7323.98,7331.49,7323.25,7328.18,80.758832,1578059099999.0,591711.60535606,841.0,38.654353,283233.33216626,0.0,BTCUSDT
2020-01-03 13:45:00,7327.48,7336.0,7326.01,7331.33,106.461131,1578059399999.0,780338.27889735,1108.0,65.470925,479906.54592297,0.0,BTCUSDT
2020-01-03 13:50:00,7331.4,7357.21,7331.4,7351.93,380.472578,1578059699999.0,2794209.499727,2677.0,258.040875,1895344.54199359,0.0,BTCUSDT
2020-01-03 13:55:00,7350.6,7380.0,7341.27,7348.87,580.946301,1578059999999.0,4277220.1942104,4631.0,354.579751,2610823.20472042,0.0,BTCUSDT
2020-01-03 14:00:00,7348.36,7362.31,7266.0,7284.61,1371.808847,1578060299999.0,10020205.68878716,7798.0,527.496621,3852462.54673722,0.0,BTCUSDT
2020-01-03 14:05:00,7285.19,7286.49,7255.0,7273.18,543.131886,1578060599999.0,3948351.92773267,3816.0,223.984335,1628595.95130137,0.0,BTCUSDT
2020-01-03 14:10:00,7272.13,7282.58,7265.78,7273.04,336.860212,1578060899999.0,2450071.01486798,1928.0,155.219758,1128779.32777748,0.0,BTCUSDT
2020-01-03 14:15:00,7273.04,7277.37,7238.71,7245.89,513.573332,1578061199999.0,3727627.46419678,2910.0,230.017894,1670485.67376518,0.0,BTCUSDT
2020-01-03 14:20:00,7246.88,7258.81,7229.3,7256.81,477.226584,1578061499999.0,3457476.72875669,3115.0,232.047793,1681649.63062607,0.0,BTCUSDT
2020-01-03 14:25:00,7256.72,7268.94,7250.63,7261.57,162.644638,1578061799999.0,1180847.75107561,1540.0,106.823527,775615.60429692,0.0,BTCUSDT
2020-01-03 14:30:00,7260.11,7277.66,7250.09,7254.79,428.666741,1578062099999.0,3114736.95178437,2031.0,164.588049,1196220.08390354,0.0,BTCUSDT
2020-01-03 14:35:00,7254.35,7263.78,7250.01,7252.38,218.193048,1578062399999.0,1583098.88647013,1345.0,100.428042,728711.602215,0.0,BTCUSDT
2020-01-03 14:40:00,7252.27,7274.19,7251.98,7274.15,125.608229,1578062699999.0,912177.13600788,1130.0,84.373756,612773.77800416,0.0,BTCUSDT
2020-01-03 14:45:00,7274.15,7278.95,7262.42,7265.06,190.115737,1578062999999.0,1382498.53954506,1448.0,104.513039,760128.11818107,0.0,BTCUSDT
2020-01-03 14:50:00,7264.51,7271.87,7260.0,7261.55,96.949582,1578063299999.0,704328.63041143,1057.0,50.211959,364805.12741769,0.0,BTCUSDT
2020-01-03 14:55:00,7261.79,7262.67,7253.77,7254.73,118.864283,1578063599999.0,862844.25348629,1108.0,45.731823,332003.01387959,0.0,BTCUSDT
2020-01-03 15:00:00,7255.49,7269.95,7254.75,7260.75,136.811821,1578063899999.0,993610.53617503,1383.0,71.236023,517314.80126547,0.0,BTCUSDT
2020-01-03 15:05:00,7260.37,7266.08,7252.48,7254.24,117.262337,1578064199999.0,851240.04449098,1110.0,76.329654,554115.42587204,0.0,BTCUSDT
2020-01-03 15:10:00,7254.26,7264.56,7254.26,7262.8,79.646719,1578064499999.0,578261.79490772,867.0,39.891397,289632.28052287,0.0,BTCUSDT
2020-01-03 15:15:00,7262.57,7274.0,7262.37,7270.02,95.980185,1578064799999.0,697633.19357859,1205.0,51.854728,376901.53812556,0.0,BTCUSDT
2020-01-03 15:20:00,7270.1,7276.19,7268.62,7273.29,112.082737,1578065099999.0,815021.85468174,1044.0,57.335334,416937.2673039,0.0,BTCUSDT
2020-01-03 15:25:00,7274.18,7276.99,7269.0,7269.0,148.034259,1578065399999.0,1076847.18229915,1522.0,92.369765,671955.44044435,0.0,BTCUSDT
2020-01-03 15:30:00,7269.79,7276.42,7269.0,7275.0,108.792259,1578065699999.0,791224.00984208,1271.0,61.456,446969.67241869,0.0,BTCUSDT
2020-01-03 15:35:00,7275.21,7276.98,7268.56,7269.79,154.326758,1578065999999.0,1122257.40773794,1429.0,36.380555,264565.29765768,0.0,BTCUSDT
2020-01-03 15:40:00,7270.43,7274.8,7263.47,7268.23,133.721304,1578066299999.0,971922.51849266,1782.0,69.12059,502416.78793962,0.0,BTCUSDT
2020-01-03 15:45:00,7268.92,7280.99,7267.02,7280.0,244.988855,1578066599999.0,1781938.8808057,1658.0,180.717596,1314697.22515898,0.0,BTCUSDT
2020-01-03 15:50:00,7280.0,7322.44,7278.13,7310.89,485.653085,1578066899999.0,3547038.40019195,3851.0,288.333301,2105798.67923105,0.0,BTCUSDT
2020-01-03 15:55:00,7311.97,7321.44,7298.62,7320.18,554.350473,1578067199999.0,4051241.9972263,2335.0,364.503463,2663679.28095605,0.0,BTCUSDT
2020-01-03 16:00:00,7320.17,7328.0,7293.1,7296.85,304.759358,1578067499999.0,2227550.27965942,2095.0,120.520137,880870.70110935,0.0,BTCUSDT
2020-01-03 16:05:00,7296.84,7337.0,7296.84,7333.45,321.938348,1578067799999.0,2357714.43641968,2262.0,167.829792,1229337.13811474,0.0,BTCUSDT
2020-01-03 16:10:00,7333.94,7385.93,7331.75,7356.78,994.381491,1578068099999.0,7316968.44470984,6255.0,601.687995,4426461.60887791,0.0,BTCUSDT
2020-01-03 16:15:00,7356.78,7405.0,7326.0,7332.6,1761.044124,1578068399999.0,13000641.10069482,8128.0,893.229576,6597395.20483767,0.0,BTCUSDT
2020-01-03 16:20:00,7332.6,7350.0,7313.34,7329.01,496.937932,1578068699999.0,3645129.56521839,3080.0,225.267773,1652492.14165278,0.0,BTCUSDT
2020-01-03 16:25:00,7329.54,7368.56,7326.99,7368.55,312.172151,1578068999999.0,2294355.9331302,2123.0,181.871623,1336740.57832199,0.0,BTCUSDT
2020-01-03 16:30:00,7365.93,7380.76,7350.2,7354.12,372.253879,1578069299999.0,2742299.81693204,2518.0,182.161714,1342126.01119651,0.0,BTCUSDT
2020-01-03 16:35:00,7354.0,7372.73,7340.11,7366.62,313.550064,1578069599999.0,2307791.3280179,2015.0,134.916623,993084.07254534,0.0,BTCUSDT
2020-01-03 16:40:00,7366.12,7380.0,7362.02,7373.35,283.345037,1578069899999.0,2088598.86229639,1855.0,155.327694,1144953.00577312,0.0,BTCUSDT
2020-01-03 16:45:00,7374.45,7385.0,7362.01,7366.92,270.156079,1578070199999.0,1991845.82594006,1921.0,132.835847,979469.61753185,0.0,BTCUSDT
2020-01-03 16:50:00,7366.93,7372.89,7359.32,7371.28,145.733568,1578070499999.0,1073725.28521399,1144.0,76.600143,564404.51399486,0.0,BTCUSDT
2020-01-03 16:55:00,7370.71,7395.0,7370.71,7386.03,276.054903,1578070799999.0,2038891.43889994,2066.0,180.782615,1335079.35571561,0.0,BTCUSDT
2020-01-03 17:00:00,7388.21,7403.2,7348.9,7359.5,555.896169,1578071099999.0,4103949.41313053,3967.0,333.347473,2462708.4112062,0.0,BTCUSDT
2020-01-03 17:05:00,7359.5,7368.23,7352.62,7355.14,181.274171,1578071399999.0,1334348.67933864,1764.0,103.496705,761856.30977405,0.0,BTCUSDT
2020-01-03 17:10:00,7355.13,7357.88,7343.13,7352.12,244.057551,1578071699999.0,1793716.0166819,2168.0,123.202098,905495.6978989,0.0,BTCUSDT
2020-01-03 17:15:00,7352.3,7354.7,7335.21,7340.0,189.452241,1578071999999.0,1391202.7231692,1612.0,93.066294,683502.71390356,0.0,BTCUSDT
2020-01-03 17:20:00,7340.0,7354.99,7339.08,7350.62,150.40425,1578072299999.0,1105339.59714204,1563.0,91.975671,675888.26835033,0.0,BTCUSDT
2020-01-03 17:25:00,7351.17,7364.33,7348.9,7361.56,152.602321,1578072599999.0,1122753.54215663,1424.0,104.772435,770833.96323082,0.0,BTCUSDT
2020-01-03 17:30:00,7361.86,7363.94,7352.97,7359.05,121.45366,1578072899999.0,893821.63900814,1540.0,70.781674,520893.00038049,0.0,BTCUSDT
2020-01-03 17:35:00,7358.56,7372.89,7352.93,7372.87,161.956974,1578073199999.0,1192213.77225655,1572.0,123.682988,910508.14473956,0.0,BTCUSDT
2020-01-03 17:40:00,7372.87,7381.78,7367.51,7376.21,140.665019,1578073499999.0,1037275.98915693,1562.0,83.905459,618738.78969449,0.0,BTCUSDT
2020-01-03 17:45:00,7376.96,7378.25,7355.17,7357.69,125.51257,1578073799999.0,924806.49388627,1243.0,50.54017,372385.96237073,0.0,BTCUSDT
2020-01-03 17:50:00,7356.98,7368.84,7351.03,7360.11,97.176117,1578074099999.0,715205.98169932,1057.0,49.570956,364858.5649932,0.0,BTCUSDT
2020-01-03 17:55:00,7360.32,7366.9,7352.65,7355.26,80.77202,1578074399999.0,594343.29623364,980.0,47.023883,346016.5916725,0.0,BTCUSDT
2020-01-03 18:00:00,7355.23,7364.0,7338.23,7343.34,140.66314,1578074699999.0,1033893.00388484,1298.0,57.803948,424780.00740684,0.0,BTCUSDT
2020-01-03 18:05:00,7345.14,7346.17,7331.03,7338.8,277.4251,1578074999999.0,2034993.85587413,1437.0,155.229125,1138491.25238282,0.0,BTCUSDT
2020-01-03 18:10:00,7339.77,7347.73,7338.23,7340.01,96.850778,1578075299999.0,711071.92947372,899.0,47.27375,347073.04849563,0.0,BTCUSDT
2020-01-03 18:15:00,7340.7,7347.51,7330.32,7347.1,120.385569,1578075599999.0,883664.54521872,1139.0,65.217815,478703.40983214,0.0,BTCUSDT
2020-01-03 18:20:00,7347.1,7347.51,7334.03,7344.04,83.889611,1578075899999.0,615890.76996602,887.0,35.046036,257297.47014669,0.0,BTCUSDT
2020-01-03 18:25:00,7344.03,7352.78,7341.96,7349.3,210.748042,1578076199999.0,1548650.97547128,1204.0,46.789641,343818.92708236,0.0,BTCUSDT
2020-01-03 18:30:00,7349.3,7369.47,7345.11,7366.81,127.635165,1578076499999.0,939586.22546999,1424.0,82.281803,605686.72186514,0.0,BTCUSDT
2020-01-03 18:35:00,7366.82,7367.04,7358.75,7363.93,76.466225,1578076799999.0,563035.60358104,853.0,37.920058,279227.07506022,0.0,BTCUSDT
2020-01-03 18:40:00,7364.2,7365.3,7353.95,7360.17,68.999556,1578077099999.0,507781.44585876,817.0,46.344706,341065.83901092,0.0,BTCUSDT
2020-01-03 18:45:00,7360.52,7363.12,7353.81,7356.85,75.676972,1578077399999.0,556815.69417649,730.0,51.866667,381609.12968831,0.0,BTCUSDT
2020-01-03 18:50:00,7356.84,7360.81,7346.24,7347.44,52.189251,1578077699999.0,383862.96290769,710.0,25.607575,188366.92151479,0.0,BTCUSDT
2020-01-03 18:55:00,7348.19,7350.0,7340.11,7342.96,91.602193,1578077999999.0,672810.79563202,862.0,39.59811,290835.65791908,0.0,BTCUSDT
2020-01-03 19:00:00,7342.95,7343.69,7319.91,7321.0,206.026133,1578078299999.0,1510212.87768746,1637.0,58.383985,427970.7546512,0.0,BTCUSDT
2020-01-03 19:05:00,7321.0,7323.66,7280.0,7293.57,433.225884,1578078599999.0,3164278.20171413,2979.0,146.939923,1073638.18420386,0.0,BTCUSDT
2020-01-03 19:10:00,7293.58,7318.87,7280.0,7307.24,301.82002,1578078899999.0,2203360.62276541,2272.0,169.507955,1237759.87650046,0.0,BTCUSDT
2020-01-03 19:15:00,7306.66,7312.12,7300.0,7300.43,85.852257,1578079199999.0,627231.4019883,941.0,42.134955,307857.0091306,0.0,BTCUSDT
2020-01-03 19:20:00,7300.08,7329.0,7300.0,7324.3,124.436256,1578079499999.0,910065.13176186,1301.0,73.998096,541246.97328331,0.0,BTCUSDT
2020-01-03 19:25:00,7324.24,7338.44,7320.1,7332.84,203.661054,1578079799999.0,1493021.04525886,1447.0,134.864355,988806.52923288,0.0,BTCUSDT
2020-01-03 19:30:00,7332.86,7340.99,7325.57,7331.54,175.467212,1578080099999.0,1286898.89849485,1419.0,55.578787,407661.06737931,0.0,BTCUSDT
2020-01-03 19:35:00,7330.01,7334.57,7319.88,7330.57,202.90871,1578080399999.0,1486235.59172734,1111.0,111.442612,816250.4574215,0.0,BTCUSDT
2020-01-03 19:40:00,7330.92,7352.33,7330.92,7339.52,250.324916,1578080699999.0,1838194.33185159,2125.0,154.454476,1134231.35543647,0.0,BTCUSDT
2020-01-03 19:45:00,7339.79,7344.86,7331.0,7338.15,109.448167,1578080999999.0,803095.57596524,1105.0,47.666776,349768.61405997,0.0,BTCUSDT
2020-01-03 19:50:00,7338.15,7341.94,7332.01,7333.35,71.62554,1578081299999.0,525433.233273,722.0,28.168958,206645.38722054,0.0,BTCUSDT
2020-01-03 19:55:00,7333.34,7343.65,7326.0,7343.08,94.206729,1578081599999.0,690652.19748808,987.0,53.776694,394253.20323475,0.0,BTCUSDT
2020-01-03 20:00:00,7343.62,7361.0,7340.0,7350.97,233.072475,1578081899999.0,1713102.51900595,1912.0,92.633614,681047.52563399,0.0,BTCUSDT
2020-01-03 20:05:00,7350.97,7359.53,7347.48,7350.46,142.722324,1578082199999.0,1049282.41616434,1234.0,67.908782,499241.30693,0.0,BTCUSDT
2020-01-03 20:10:00,7350.2,7350.8,7336.14,7337.36,86.651649,1578082499999.0,636522.73685832,982.0,49.757345,365520.42010771,0.0,BTCUSDT
2020-01-03 20:15:00,7336.39,7342.9,7305.04,7308.99,178.765967,1578082799999.0,1309158.46242496,1458.0,43.229375,316847.54539795,0.0,BTCUSDT
2020-01-03 20:20:00,7308.6,7322.16,7297.01,7318.18,199.132339,1578083099999.0,1455712.35809866,1830.0,111.731495,816951.80252543,0.0,BTCUSDT
2020-01-03 20:25:00,7318.18,7327.99,7313.93,7323.06,152.398079,1578083399999.0,1115896.68336458,1116.0,89.724194,656977.77040529,0.0,BTCUSDT
2020-01-03 20:30:00,7323.06,7323.1,7311.2,7316.92,173.753143,1578083699999.0,1271302.28698352,1407.0,135.96171,994761.52255804,0.0,BTCUSDT
2020-01-03 20:35:00,7316.53,7323.59,7311.0,7322.7,81.963794,1578083999999.0,599629.87878674,989.0,59.627873,436221.05434274,0.0,BTCUSDT
2020-01-03 20:40:00,7322.7,7328.79,7317.37,7321.95,80.1278,1578084299999.0,586699.68886603,908.0,46.330351,339240.94668318,0.0,BTCUSDT
2020-01-03 20:45:00,7321.93,7334.11,7317.12,7319.01,84.298297,1578084599999.0,617596.67530218,1245.0,41.229269,302086.96470693,0.0,BTCUSDT
2020-01-03 20:50:00,7319.02,7331.83,7313.0,7325.8,67.005088,1578084899999.0,490725.76834124,1013.0,36.932662,270502.87837522,0.0,BTCUSDT
2020-01-03 20:55:00,7325.71,7334.16,7316.0,7316.99,66.122227,1578085199999.0,484334.29744433,874.0,37.400783,273952.62983146,0.0,BTCUSDT
2020-01-03 21:00:00,7317.01,7326.24,7306.89,7321.0,108.274482,1578085499999.0,792235.27985123,1197.0,67.31537,492602.57070962,0.0,BTCUSDT
2020-01-03 21:05:00,7319.62,7320.28,7309.63,7315.83,64.83302,1578085799999.0,474264.21028739,944.0,37.786055,276436.053004,0.0,BTCUSDT
2020-01-03 21:10:00,7316.32,7327.0,7315.88,7327.0,63.002783,1578086099999.0,461284.35735002,729.0,28.627625,209579.22049742,0.0,BTCUSDT
2020-01-03 21:15:00,7327.0,7333.48,7326.21,7328.69,145.3413,1578086399999.0,1065268.0366234,1432.0,91.904425,673625.02207268,0.0,BTCUSDT
2020-01-03 21:20:00,7329.47,7335.0,7324.89,7326.46,89.200286,1578086699999.0,653807.97091278,876.0,44.230906,324208.89229903,0.0,BTCUSDT
2020-01-03 21:25:00,7326.71,7331.47,7322.04,7325.69,68.340029,1578086999999.0,500692.57534123,869.0,32.732157,239813.10120116,0.0,BTCUSDT
2020-01-03 21:30:00,7325.69,7330.52,7324.0,7329.31,39.683502,1578087299999.0,290760.09617382,513.0,22.602706,165608.24343968,0.0,BTCUSDT
2020-01-03 21:35:00,7329.31,7330.52,7322.3,7323.63,36.116361,1578087599999.0,264588.1240273,628.0,17.442099,127788.14627424,0.0,BTCUSDT
2020-01-03 21:40:00,7323.11,7323.98,7307.36,7315.48,57.359898,1578087899999.0,419535.49444679,887.0,30.284394,221508.2751855,0.0,BTCUSDT
2020-01-03 21:45:00,7316.14,7316.74,7300.68,7308.21,60.322887,1578088199999.0,440824.56963311,986.0,35.259612,257708.8043014,0.0,BTCUSDT
2020-01-03 21:50:00,7307.54,7309.83,7269.0,7283.1,346.293977,1578088499999.0,2523084.17749177,2690.0,95.175528,693542.36752545,0.0,BTCUSDT
2020-01-03 21:55:00,7283.76,7284.16,7262.68,7283.0,149.16062,1578088799999.0,1084992.19289622,1505.0,73.507596,534824.07595847,0.0,BTCUSDT
2020-01-03 22:00:00,7281.69,7309.0,7280.01,7289.6,172.2603,1578089099999.0,1257043.07581443,1829.0,102.625594,748969.34978258,0.0,BTCUSDT
2020-01-03 22:05:00,7289.0,7290.04,7269.63,7284.34,91.134354,1578089399999.0,663325.74408682,1180.0,54.976204,400163.57771158,0.0,BTCUSDT
2020-01-03 22:10:00,7284.34,7290.7,7274.74,7281.75,82.49203,1578089699999.0,600730.0680421,1109.0,41.603942,302973.71179838,0.0,BTCUSDT
2020-01-03 22:15:00,7281.22,7297.17,7281.2,7290.24,56.256615,1578089999999.0,410233.77328862,890.0,30.069023,219265.19444272,0.0,BTCUSDT
2020-01-03 22:20:00,7290.24,7292.99,7278.5,7283.93,85.148005,1578090299999.0,620420.48368487,1040.0,33.788892,246178.74095934,0.0,BTCUSDT
2020-01-03 22:25:00,7284.37,7284.68,7266.99,7269.78,137.342969,1578090599999.0,999232.7489259,1127.0,51.972008,378194.13438091,0.0,BTCUSDT
2020-01-03 22:30:00,7271.06,7277.74,7266.96,7277.32,63.78934,1578090899999.0,463765.87824628,930.0,35.185883,255810.16025606,0.0,BTCUSDT
2020-01-03 22:35:00,7277.17,7282.11,7260.01,7262.0,128.082267,1578091199999.0,931060.27158518,1916.0,40.423143,293842.34593509,0.0,BTCUSDT
2020-01-03 22:40:00,7262.0,7279.73,7262.0,7279.0,100.157987,1578091499999.0,727901.01692761,1633.0,45.425577,330182.74790504,0.0,BTCUSDT
2020-01-03 22:45:00,7279.0,7281.0,7276.23,7278.55,115.664759,1578091799999.0,841861.00746077,1424.0,64.245446,467630.76624081,0.0,BTCUSDT
2020-01-03 22:50:00,7278.58,7291.66,7278.17,7288.33,63.676307,1578092099999.0,463807.99879012,936.0,34.074243,248206.89180653,0.0,BTCUSDT
2020-01-03 22:55:00,7287.74,7320.54,7287.57,7300.56,311.540332,1578092399999.0,2276445.24172958,2343.0,211.805496,1547797.47863076,0.0,BTCUSDT
2020-01-03 23:00:00,7301.32,7323.67,7291.75,7316.89,331.500648,1578092699999.0,2422829.73827717,1984.0,250.727701,1832564.31914851,0.0,BTCUSDT
2020-01-03 23:05:00,7317.45,7323.97,7312.49,7317.69,96.919345,1578092999999.0,709342.71992234,796.0,66.996945,490371.20672756,0.0,BTCUSDT
2020-01-03 23:10:00,7317.69,7319.72,7302.52,7303.75,138.280262,1578093299999.0,1011124.1648536,1574.0,66.250222,484465.9181852,0.0,BTCUSDT
2020-01-03 23:15:00,7303.83,7309.67,7302.3,7309.08,107.831849,1578093599999.0,787741.95731693,780.0,88.46078,646227.0646694,0.0,BTCUSDT
2020-01-03 23:20:00,7309.55,7323.34,7307.21,7318.02,101.802022,1578093899999.0,744547.34818488,797.0,55.998925,409487.38281959,0.0,BTCUSDT
2020-01-03 23:25:00,7318.02,7346.08,7318.02,7335.94,206.650158,1578094199999.0,1515776.6425466,2011.0,131.090487,961572.08114596,0.0,BTCUSDT
2020-01-03 23:30:00,7336.47,7339.17,7324.09,7324.98,89.386055,1578094499999.0,655483.33662374,898.0,35.989469,263897.32529649,0.0,BTCUSDT
2020-01-03 23:35:00,7324.73,7338.17,7319.79,7325.04,156.796684,1578094799999.0,1149241.38898675,1229.0,78.381288,574460.38989084,0.0,BTCUSDT
2020-01-03 23:40:00,7325.93,7335.1,7321.78,7323.57,113.689674,1578095099999.0,833019.27300145,1060.0,60.625899,444214.73548445,0.0,BTCUSDT
2020-01-03 23:45:00,7323.57,7330.16,7323.03,7326.76,80.198365,1578095399999.0,587619.28412964,981.0,45.195242,331156.65131274,0.0,BTCUSDT
2020-01-03 23:50:00,7326.76,7328.53,7313.18,7313.59,69.134917,1578095699999.0,506055.21787468,914.0,41.866509,306483.32213692,0.0,BTCUSDT
2020-01-03 23:55:00,7313.83,7345.0,7313.38,7344.96,220.666359,1578095999999.0,1617406.51884825,1418.0,143.610737,1052665.17398221,0.0,BTCUSDT
2020-01-04 00:00:00,7345.0,7350.0,7335.59,7339.56,289.414436,1578096299999.0,2125345.22883403,2312.0,159.47136,1171131.29221646,0.0,BTCUSDT
2020-01-04 00:05:00,7339.11,7341.66,7320.58,7330.83,129.502665,1578096599999.0,949228.06208535,1419.0,78.253782,573563.14697482,0.0,BTCUSDT
2020-01-04 00:10:00,7330.83,7331.29,7315.72,7325.06,104.333847,1578096899999.0,763937.06537093,1142.0,53.766543,393652.23147747,0.0,BTCUSDT
2020-01-04 00:15:00,7325.89,7326.98,7315.72,7316.78,60.554189,1578097199999.0,443371.19527747,882.0,28.031258,205263.11630878,0.0,BTCUSDT
2020-01-04 00:20:00,7316.58,7323.97,7316.47,7323.97,48.537623,1578097499999.0,355293.77914039,737.0,34.920323,255616.70754191,0.0,BTCUSDT
2020-01-04 00:25:00,7323.01,7323.66,7309.38,7316.39,80.992637,1578097799999.0,592533.86070265,780.0,30.896331,226032.79753838,0.0,BTCUSDT
2020-01-04 00:30:00,7316.97,7317.0,7289.98,7297.0,186.456225,1578098099999.0,1360986.73431086,1762.0,78.7451,574908.8686182,0.0,BTCUSDT
2020-01-04 00:35:00,7296.87,7314.31,7295.76,7309.5,84.772602,1578098399999.0,619360.79827996,893.0,53.949739,394164.31717377,0.0,BTCUSDT
2020-01-04 00:40:00,7309.5,7311.27,7291.23,7291.52,55.159375,1578098699999.0,402865.50627664,680.0,28.058004,204937.24863988,0.0,BTCUSDT
2020-01-04 00:45:00,7291.53,7308.0,7290.8,7300.37,75.262794,1578098999999.0,549493.61883472,822.0,41.982449,306496.33618148,0.0,BTCUSDT
2020-01-04 00:50:00,7300.78,7313.37,7300.14,7311.26,47.495853,1578099299999.0,347113.50319357,580.0,23.95193,175046.35584155,0.0,BTCUSDT
2020-01-04 00:55:00,7311.26,7314.91,7302.24,7302.24,77.924238,1578099599999.0,569469.00970138,810.0,26.558006,194169.99826526,0.0,BTCUSDT
2020-01-04 01:00:00,7304.96,7308.65,7293.11,7307.17,155.616767,1578099899999.0,1136311.6568354,1354.0,65.19217,476123.96959145,0.0,BTCUSDT
2020-01-04 01:05:00,7307.18,7308.38,7304.66,7308.19,44.09291,1578100199999.0,322168.27799075,599.0,28.370813,207297.49420015,0.0,BTCUSDT
2020-01-04 01:10:00,7308.35,7308.69,7294.03,7295.63,90.552719,1578100499999.0,661023.46278776,857.0,34.062931,248612.35150273,0.0,BTCUSDT
2020-01-04 01:15:00,7296.49,7303.06,7280.85,7286.31,120.647162,1578100799999.0,879766.99835676,1264.0,54.793671,399647.28012916,0.0,BTCUSDT
2020-01-04 01:20:00,7286.3,7294.88,7282.48,7291.93,85.517215,1578101099999.0,623169.05491369,898.0,34.177161,249065.24528369,0.0,BTCUSDT
2020-01-04 01:25:00,7291.93,7306.19,7291.91,7303.03,49.036254,1578101399999.0,357923.05819883,636.0,27.123824,197947.00881122,0.0,BTCUSDT
2020-01-04 01:30:00,7302.18,7307.23,7297.82,7306.41,39.800118,1578101699999.0,290702.95690141,614.0,22.031771,160917.49497431,0.0,BTCUSDT
2020-01-04 01:35:00,7306.83,7306.86,7300.01,7302.36,56.438846,1578101999999.0,412155.08820782,699.0,30.234475,220791.96493192,0.0,BTCUSDT
2020-01-04 01:40:00,7301.91,7312.58,7300.73,7311.11,37.188772,1578102299999.0,271735.11032078,652.0,19.953684,145780.98282547,0.0,BTCUSDT
2020-01-04 01:45:00,7311.16,7311.39,7300.73,7302.55,65.170206,1578102599999.0,476142.72898593,733.0,16.575359,121073.8846532,0.0,BTCUSDT
2020-01-04 01:50:00,7302.85,7309.6,7302.85,7307.82,35.552842,1578102899999.0,259794.273817,563.0,23.049422,168428.32492844,0.0,BTCUSDT
2020-01-04 01:55:00,7307.8,7311.99,7307.41,7309.16,41.707428,1578103199999.0,304871.09615036,580.0,30.235548,221020.44057805,0.0,BTCUSDT
2020-01-04 02:00:00,7308.71,7311.92,7299.13,7304.0,52.8926,1578103499999.0,386402.90615883,731.0,21.775348,159083.22558865,0.0,BTCUSDT
2020-01-04 02:05:00,7304.08,7311.8,7303.83,7309.99,43.593229,1578103799999.0,318581.4683368,535.0,24.809508,181296.60150946,0.0,BTCUSDT
2020-01-04 02:10:00,7309.97,7313.84,7307.96,7312.58,40.531459,1578104099999.0,296295.20959101,457.0,22.932635,167652.0782006,0.0,BTCUSDT
2020-01-04 02:15:00,7313.63,7314.7,7306.99,7310.81,50.514971,1578104399999.0,369383.07578974,513.0,31.992205,233964.44263522,0.0,BTCUSDT
2020-01-04 02:20:00,7310.8,7312.3,7305.52,7307.95,76.29584,1578104699999.0,557662.01759975,729.0,24.75429,180957.06863691,0.0,BTCUSDT
2020-01-04 02:25:00,7307.96,7310.94,7302.09,7306.66,86.218631,1578104999999.0,629985.37644079,909.0,30.776533,224848.32925142,0.0,BTCUSDT
2020-01-04 02:30:00,7304.92,7304.92,7296.18,7303.27,81.327163,1578105299999.0,593702.91322579,737.0,39.285318,286794.62309591,0.0,BTCUSDT
2020-01-04 02:35:00,7303.72,7303.72,7298.21,7302.44,109.785369,1578105599999.0,801514.85572626,856.0,74.914351,546931.31417468,0.0,BTCUSDT
2020-01-04 02:40:00,7302.44,7311.0,7302.43,7309.6,60.192728,1578105899999.0,439837.63048019,522.0,37.666552,275237.27731651,0.0,BTCUSDT
2020-01-04 02:45:00,7310.46,7319.84,7307.98,7319.84,67.588018,1578106199999.0,494295.30434618,667.0,52.529988,384179.64631246,0.0,BTCUSDT
2020-01-04 02:50:00,7319.39,7328.76,7316.05,7327.25,120.281194,1578106499999.0,880651.0344853,1261.0,76.067734,556951.94708224,0.0,BTCUSDT
2020-01-04 02:55:00,7327.21,7328.99,7320.96,7327.83,79.060513,1578106799999.0,579168.9781826,840.0,43.198242,316448.04891016,0.0,BTCUSDT
2020-01-04 03:00:00,7328.21,7328.26,7318.56,7322.9,53.248528,1578107099999.0,389916.78587695,670.0,23.554466,172458.22230814,0.0,BTCUSDT
2020-01-04 03:05:00,7323.24,7338.46,7322.9,7335.26,97.213247,1578107399999.0,712739.40400952,1106.0,49.482222,362802.4728477,0.0,BTCUSDT
2020-01-04 03:10:00,7335.22,7337.35,7330.01,7331.19,61.856089,1578107699999.0,453614.43347346,588.0,23.167307,169897.07194543,0.0,BTCUSDT
2020-01-04 03:15:00,7330.88,7339.0,7328.38,7335.86,82.312297,1578107999999.0,603728.00374065,943.0,45.548383,334065.3811281,0.0,BTCUSDT
2020-01-04 03:20:00,7335.89,7336.76,7324.56,7328.05,59.810892,1578108299999.0,438519.87162803,677.0,29.292894,214765.92488716,0.0,BTCUSDT
2020-01-04 03:25:00,7328.03,7328.95,7319.93,7320.86,53.528397,1578108599999.0,392071.22699782,736.0,21.454261,157164.38404188,0.0,BTCUSDT
2020-01-04 03:30:00,7320.87,7330.3,7319.41,7323.52,61.713057,1578108899999.0,452040.91951836,834.0,30.150765,220856.51524483,0.0,BTCUSDT
2020-01-04 03:35:00,7324.3,7327.18,7320.25,7326.71,43.977618,1578109199999.0,322068.7880741,625.0,23.355995,171075.23061171,0.0,BTCUSDT
2020-01-04 03:40:00,7326.7,7331.49,7320.9,7325.54,60.050075,1578109499999.0,439958.7886509,659.0,15.685068,114904.34073051,0.0,BTCUSDT
2020-01-04 03:45:00,7325.72,7334.98,7323.83,7329.11,57.931365,1578109799999.0,424644.05431237,740.0,34.008514,249293.8812148,0.0,BTCUSDT
2020-01-04 03:50:00,7328.31,7339.69,7328.19,7333.51,92.676909,1578110099999.0,679810.49446461,838.0,43.866217,321786.87081252,0.0,BTCUSDT
2020-01-04 03:55:00,7333.33,7337.88,7331.39,7333.11,39.456923,1578110399999.0,289385.38039561,623.0,24.840547,182195.47791556,0.0,BTCUSDT
2020-01-04 04:00:00,7333.14,7333.2,7320.0,7322.43,54.046747,1578110699999.0,395964.50098645,683.0,31.483064,230634.80059212,0.0,BTCUSDT
2020-01-04 04:05:00,7322.08,7326.61,7319.03,7322.37,54.330985,1578110999999.0,397870.7983797,673.0,33.531121,245555.3502312,0.0,BTCUSDT
2020-01-04 04:10:00,7321.56,7328.0,7319.83,7323.03,44.619426,1578111299999.0,326813.04666085,654.0,26.282174,192511.56588578,0.0,BTCUSDT
2020-01-04 04:15:00,7323.06,7327.71,7316.9,7316.9,60.005778,1578111599999.0,439460.30132368,736.0,32.491268,237981.41747038,0.0,BTCUSDT
2020-01-04 04:20:00,7317.47,7320.62,7312.65,7313.79,73.187375,1578111899999.0,535463.1585292,766.0,32.091994,234810.71256635,0.0,BTCUSDT
2020-01-04 04:25:00,7314.47,7326.84,7314.18,7326.84,54.002902,1578112199999.0,395322.76055819,696.0,35.1481,257291.93646468,0.0,BTCUSDT
2020-01-04 04:30:00,7326.69,7334.75,7323.25,7330.39,86.860415,1578112499999.0,636666.98517198,854.0,33.580838,246145.40362558,0.0,BTCUSDT
2020-01-04 04:35:00,7331.16,7333.44,7326.76,7330.52,61.876499,1578112799999.0,453575.21066376,698.0,25.883139,189731.13815832,0.0,BTCUSDT
2020-01-04 04:40:00,7330.59,7334.31,7325.29,7329.69,56.893407,1578113099999.0,417035.12021865,576.0,36.044894,264228.28900115,0.0,BTCUSDT
2020-01-04 04:45:00,7329.7,7333.33,7328.82,7331.39,40.757328,1578113399999.0,298812.33826504,491.0,19.290806,141437.07113409,0.0,BTCUSDT
2020-01-04 04:50:00,7330.8,7338.46,7329.43,7334.05,50.881535,1578113699999.0,373236.9832964,567.0,19.376658,142129.79549674,0.0,BTCUSDT
2020-01-04 04:55:00,7333.95,7338.46,7329.83,7334.86,54.370808,1578113999999.0,398743.82986225,542.0,25.663636,188228.11708957,0.0,BTCUSDT
2020-01-04 05:00:00,7334.59,7334.97,7327.0,7330.01,115.966422,1578114299999.0,850096.10528756,867.0,53.87296,394895.91323776,0.0,BTCUSDT
2020-01-04 05:05:00,7329.14,7331.83,7325.79,7330.63,42.430258,1578114599999.0,310978.91195336,506.0,27.453187,201212.40340313,0.0,BTCUSDT
2020-01-04 05:10:00,7330.31,7332.09,7325.0,7330.99,38.128177,1578114899999.0,279426.29779292,562.0,22.135755,162228.81449722,0.0,BTCUSDT
2020-01-04 05:15:00,7330.99,7335.0,7325.03,7333.47,63.174459,1578115199999.0,463118.57436115,585.0,41.839504,306715.26516501,0.0,BTCUSDT
2020-01-04 05:20:00,7333.63,7348.0,7332.5,7348.0,82.53299,1578115499999.0,605695.98633709,1004.0,47.260506,346851.22743713,0.0,BTCUSDT
2020-01-04 05:25:00,7348.0,7350.08,7341.8,7346.09,100.880487,1578115799999.0,741166.43199147,1091.0,61.346318,450716.22816402,0.0,BTCUSDT
2020-01-04 05:30:00,7346.85,7349.69,7344.64,7349.34,149.903272,1578116099999.0,1101391.19326978,840.0,109.444233,804122.20506083,0.0,BTCUSDT
2020-01-04 05:35:00,7349.29,7369.28,7347.02,7356.33,302.86572,1578116399999.0,2228660.22065779,2201.0,137.687382,1013103.52431305,0.0,BTCUSDT
2020-01-04 05:40:00,7355.78,7363.54,7344.1,7348.07,88.067337,1578116699999.0,647754.27882047,1048.0,42.250645,310819.08061872,0.0,BTCUSDT
2020-01-04 05:45:00,7348.76,7349.05,7340.0,7344.46,86.697303,1578116999999.0,636738.73879144,986.0,45.369527,333232.85109516,0.0,BTCUSDT
2020-01-04 05:50:00,7344.15,7351.24,7341.93,7347.12,139.167829,1578117299999.0,1022498.24618646,827.0,52.237774,383804.76103546,0.0,BTCUSDT
2020-01-04 05:55:00,7347.14,7350.96,7340.68,7344.69,96.924531,1578117599999.0,712024.40883424,805.0,45.961641,337654.09324563,0.0,BTCUSDT
2020-01-04 06:00:00,7344.7,7347.53,7340.02,7346.21,58.029953,1578117899999.0,426162.8865004,533.0,38.615184,283596.1412497,0.0,BTCUSDT
2020-01-04 06:05:00,7346.21,7357.59,7346.2,7353.43,56.840729,1578118199999.0,417872.13774374,631.0,29.433627,216364.21717924,0.0,BTCUSDT
2020-01-04 06:10:00,7353.52,7355.28,7347.47,7354.0,73.434711,1578118499999.0,539853.94606369,667.0,36.581143,268927.95858618,0.0,BTCUSDT
2020-01-04 06:15:00,7354.0,7359.32,7350.01,7355.41,101.022391,1578118799999.0,742987.10154297,750.0,58.7685,432249.31983181,0.0,BTCUSDT
2020-01-04 06:20:00,7355.41,7364.11,7351.97,7362.93,200.476993,1578119099999.0,1475474.77188692,1198.0,98.407413,724264.93278138,0.0,BTCUSDT
2020-01-04 06:25:00,7363.11,7367.88,7357.46,7358.09,91.785186,1578119399999.0,675743.20117376,1035.0,47.368683,348771.27862022,0.0,BTCUSDT
2020-01-04 06:30:00,7358.4,7358.98,7340.0,7340.49,127.190762,1578119699999.0,934738.81141438,1296.0,48.08311,353438.50884476,0.0,BTCUSDT
2020-01-04 06:35:00,7340.43,7355.03,7340.06,7350.57,111.447594,1578119999999.0,819076.61267583,830.0,59.391925,436474.43800458,0.0,BTCUSDT
2020-01-04 06:40:00,7349.84,7353.9,7345.97,7349.63,88.197838,1578120299999.0,648196.64025748,626.0,37.144131,272977.51092081,0.0,BTCUSDT
2020-01-04 06:45:00,7349.63,7350.0,7340.0,7349.63,76.220495,1578120599999.0,559811.60830625,811.0,51.474284,378071.59429133,0.0,BTCUSDT
2020-01-04 06:50:00,7350.0,7357.21,7346.69,7356.7,116.049297,1578120899999.0,853044.63117667,813.0,83.895623,616651.2382568,0.0,BTCUSDT
2020-01-04 06:55:00,7356.73,7360.31,7352.31,7354.96,67.401087,1578121199999.0,495871.17391924,776.0,34.449789,253457.84505059,0.0,BTCUSDT
2020-01-04 07:00:00,7354.95,7359.0,7351.17,7352.29,81.85347,1578121499999.0,602132.7171198,744.0,48.021172,353251.58947941,0.0,BTCUSDT
2020-01-04 07:05:00,7351.7,7351.81,7344.19,7345.64,98.180727,1578121799999.0,721347.11908944,1147.0,47.24753,347147.36321857,0.0,BTCUSDT
2020-01-04 07:10:00,7345.86,7357.28,7345.86,7357.28,76.967748,1578122099999.0,565724.16269761,946.0,37.889412,278504.38069661,0.0,BTCUSDT
2020-01-04 07:15:00,7357.18,7363.63,7354.6,7359.74,123.963769,1578122399999.0,912334.36331935,1092.0,62.982542,463547.71614725,0.0,BTCUSDT
2020-01-04 07:20:00,7359.86,7362.63,7356.16,7360.56,74.988113,1578122699999.0,551809.81688411,834.0,48.43181,356386.32239136,0.0,BTCUSDT
2020-01-04 07:25:00,7360.48,7361.36,7327.32,7328.62,271.573741,1578122999999.0,1994130.57535232,1750.0,116.86353,858222.58046708,0.0,BTCUSDT
2020-01-04 07:30:00,7329.12,7341.42,7328.24,7332.02,166.647549,1578123299999.0,1222413.15712867,1532.0,89.478748,656423.11399851,0.0,BTCUSDT
2020-01-04 07:35:00,7332.19,7342.2,7330.84,7338.14,112.137838,1578123599999.0,822832.62970467,995.0,76.478399,561170.56928193,0.0,BTCUSDT
2020-01-04 07:40:00,7338.14,7342.2,7334.43,7334.85,113.192822,1578123899999.0,830695.51061526,852.0,68.372634,501775.71082593,0.0,BTCUSDT
2020-01-04 07:45:00,7334.97,7347.0,7334.86,7344.09,83.036192,1578124199999.0,609648.63709389,809.0,43.617291,320233.94938511,0.0,BTCUSDT
2020-01-04 07:50:00,7343.99,7348.59,7342.85,7344.29,48.317489,1578124499999.0,354918.47595324,543.0,29.148879,214118.36325746,0.0,BTCUSDT
2020-01-04 07:55:00,7344.38,7353.0,7343.27,7348.11,102.021407,1578124799999.0,749655.83541319,910.0,70.038114,514648.12448693,0.0,BTCUSDT
2020-01-04 08:00:00,7348.04,7348.45,7336.86,7347.16,187.641583,1578125099999.0,1377914.89972739,1354.0,123.130889,904205.0464813,0.0,BTCUSDT
2020-01-04 08:05:00,7347.14,7347.15,7336.1,7338.48,109.729661,1578125399999.0,805635.09446323,851.0,50.337469,369582.65712075,0.0,BTCUSDT
2020-01-04 08:10:00,7338.48,7340.0,7330.0,7333.77,121.342804,1578125699999.0,890067.26850513,877.0,62.134252,455798.19702587,0.0,BTCUSDT
2020-01-04 08:15:00,7333.71,7339.75,7331.02,7339.16,92.421395,1578125999999.0,678011.34712224,813.0,66.218703,485798.09030818,0.0,BTCUSDT
2020-01-04 08:20:00,7338.96,7346.75,7338.81,7346.09,72.237737,1578126299999.0,530418.32998327,625.0,39.359182,289003.26573802,0.0,BTCUSDT
2020-01-04 08:25:00,7345.01,7347.15,7341.5,7346.86,70.751678,1578126599999.0,519661.76579717,669.0,40.058542,294226.70115774,0.0,BTCUSDT
2020-01-04 08:30:00,7346.8,7352.35,7345.1,7351.73,60.832599,1578126899999.0,447043.37138993,648.0,42.86573,315004.42034182,0.0,BTCUSDT
2020-01-04 08:35:00,7351.74,7365.0,7348.7,7354.15,135.804399,1578127199999.0,998940.08765764,1189.0,79.840876,587354.1909301,0.0,BTCUSDT
2020-01-04 08:40:00,7354.15,7356.53,7348.8,7350.33,112.552828,1578127499999.0,827484.79165553,905.0,47.550259,349646.52027579,0.0,BTCUSDT
2020-01-04 08:45:00,7350.34,7355.4,7348.71,7355.37,62.87524,1578127799999.0,462266.2345007,643.0,35.225571,258996.73279779,0.0,BTCUSDT
2020-01-04 08:50:00,7355.37,7356.95,7350.0,7351.6,84.696469,1578128099999.0,622804.32629029,866.0,56.941714,418727.96638371,0.0,BTCUSDT
2020-01-04 08:55:00,7351.82,7360.04,7345.06,7346.59,161.856832,1578128399999.0,1189738.89788065,1007.0,110.554097,812702.51415317,0.0,BTCUSDT
2020-01-04 09:00:00,7346.4,7348.78,7339.28,7348.46,73.625175,1578128699999.0,540763.54600956,812.0,38.382309,281931.46249317,0.0,BTCUSDT
2020-01-04 09:05:00,7348.44,7348.8,7341.93,7342.64,75.828937,1578128999999.0,556999.50894718,707.0,31.679375,232720.03284989,0.0,BTCUSDT
2020-01-04 09:10:00,7342.62,7347.48,7339.51,7340.82,83.27354,1578129299999.0,611424.38940926,611.0,29.148963,214029.4802019,0.0,BTCUSDT
2020-01-04 09:15:00,7340.23,7345.89,7339.83,7342.48,94.440739,1578129599999.0,693426.59753371,722.0,63.616838,467091.10729923,0.0,BTCUSDT
2020-01-04 09:20:00,7343.78,7348.61,7341.57,7344.41,82.276232,1578129899999.0,604224.60646917,960.0,60.240675,442384.64668326,0.0,BTCUSDT
2020-01-04 09:25:00,7344.73,7349.0,7342.89,7347.84,62.733322,1578130199999.0,460918.0053632,736.0,40.011367,293964.98422799,0.0,BTCUSDT
2020-01-04 09:30:00,7347.73,7349.79,7344.28,7348.68,70.581271,1578130499999.0,518569.63272471,816.0,46.676741,342938.36170279,0.0,BTCUSDT
2020-01-04 09:35:00,7348.39,7352.53,7345.99,7351.22,124.887371,1578130799999.0,917860.4925198,965.0,73.425427,539646.31544581,0.0,BTCUSDT
2020-01-04 09:40:00,7351.22,7358.46,7349.17,7355.76,80.81981,1578131099999.0,594228.61923584,692.0,48.524451,356770.17074671,0.0,BTCUSDT
2020-01-04 09:45:00,7355.66,7369.18,7354.81,7360.13,170.00129,1578131399999.0,1251683.78388652,1647.0,108.712894,800458.61486898,0.0,BTCUSDT
2020-01-04 09:50:00,7360.0,7362.06,7355.27,7357.2,105.702756,1578131699999.0,777756.22955117,986.0,61.775227,454530.98045059,0.0,BTCUSDT
2020-01-04 09:55:00,7357.16,7365.0,7355.62,7363.88,59.94019,1578131999999.0,441191.10577539,632.0,30.248848,222635.14590993,0.0,BTCUSDT
2020-01-04 10:00:00,7364.32,7365.69,7355.0,7355.7,149.56303,1578132299999.0,1100747.20410813,1074.0,35.811571,263526.45139424,0.0,BTCUSDT
2020-01-04 10:05:00,7355.77,7361.25,7352.14,7354.53,89.570015,1578132599999.0,658915.99583328,859.0,48.973782,360260.09525995,0.0,BTCUSDT
2020-01-04 10:10:00,7354.43,7356.19,7351.3,7355.96,75.568862,1578132899999.0,555704.02913313,689.0,46.554601,342340.79377702,0.0,BTCUSDT
2020-01-04 10:15:00,7355.96,7363.36,7353.16,7357.73,107.297468,1578133199999.0,789415.24745085,763.0,68.486344,503856.77399727,0.0,BTCUSDT
2020-01-04 10:20:00,7357.26,7365.43,7355.9,7365.17,148.803207,1578133499999.0,1095399.85059355,917.0,104.839879,771772.91415503,0.0,BTCUSDT
2020-01-04 10:25:00,7365.4,7369.63,7360.18,7362.04,183.465463,1578133799999.0,1351005.56399585,1617.0,101.781453,749591.18481903,0.0,BTCUSDT
2020-01-04 10:30:00,7361.38,7365.92,7350.0,7350.67,196.961516,1578134099999.0,1449360.21609286,1346.0,94.204614,693461.06192161,0.0,BTCUSDT
2020-01-04 10:35:00,7350.0,7356.14,7344.52,7354.02,146.409503,1578134399999.0,1075908.24222256,1115.0,94.347985,693370.81242913,0.0,BTCUSDT
2020-01-04 10:40:00,7354.33,7354.34,7347.17,7350.0,63.509149,1578134699999.0,466801.23555745,758.0,41.67143,306290.9182299,0.0,BTCUSDT
2020-01-04 10:45:00,7350.0,7351.71,7345.05,7350.83,194.025928,1578134999999.0,1425813.71854899,835.0,52.635009,386815.53382001,0.0,BTCUSDT
2020-01-04 10:50:00,7350.82,7355.16,7346.79,7352.73,102.452381,1578135299999.0,753133.90948073,765.0,66.816299,491169.84305443,0.0,BTCUSDT
2020-01-04 10:55:00,7353.0,7354.06,7304.36,7318.3,349.92503,1578135599999.0,2563438.17908631,3006.0,145.510583,1065822.62567765,0.0,BTCUSDT
2020-01-04 11:00:00,7318.15,7325.92,7302.1,7318.5,410.201739,1578135899999.0,2999377.77751991,2696.0,219.858417,1607761.40033657,0.0,BTCUSDT
2020-01-04 11:05:00,7318.49,7333.02,7317.1,7332.36,144.587094,1578136199999.0,1059206.66407611,1306.0,88.680803,649711.71054171,0.0,BTCUSDT
2020-01-04 11:10:00,7332.87,7335.27,7323.26,7324.94,146.053992,1578136499999.0,1070302.02253676,1067.0,49.820073,365147.53622445,0.0,BTCUSDT
2020-01-04 11:15:00,7324.94,7336.13,7323.93,7326.78,132.887138,1578136799999.0,973980.05167993,1066.0,90.369196,662353.79557911,0.0,BTCUSDT
2020-01-04 11:20:00,7328.46,7338.81,7326.24,7338.17,132.431198,1578137099999.0,970811.13152921,1037.0,78.607985,576270.01196478,0.0,BTCUSDT
2020-01-04 11:25:00,7338.55,7339.26,7323.44,7324.5,119.281723,1578137399999.0,874252.14294291,975.0,65.749209,481934.04969568,0.0,BTCUSDT
2020-01-04 11:30:00,7324.5,7334.24,7320.1,7329.15,120.806209,1578137699999.0,885134.37042056,963.0,70.28674,514991.74152474,0.0,BTCUSDT
2020-01-04 11:35:00,7327.25,7338.01,7327.25,7337.53,68.301504,1578137999999.0,500876.59183313,766.0,37.609517,275809.66204065,0.0,BTCUSDT
2020-01-04 11:40:00,7337.89,7339.27,7331.93,7332.96,77.377452,1578138299999.0,567586.46680899,699.0,38.548782,282774.32047222,0.0,BTCUSDT
2020-01-04 11:45:00,7333.2,7338.05,7331.66,7336.95,51.874922,1578138599999.0,380486.50481215,486.0,30.978897,227227.85776226,0.0,BTCUSDT
2020-01-04 11:50:00,7337.09,7338.71,7328.5,7333.0,59.160133,1578138899999.0,433807.1749076,641.0,35.019526,256787.78750102,0.0,BTCUSDT
2020-01-04 11:55:00,7333.0,7339.0,7332.87,7336.45,57.491551,1578139199999.0,421737.18927454,676.0,39.517099,289876.8650881,0.0,BTCUSDT
2020-01-04 12:00:00,7336.75,7339.58,7329.99,7330.83,58.40967,1578139499999.0,428434.5060595,708.0,29.087658,213380.02499155,0.0,BTCUSDT
2020-01-04 12:05:00,7330.83,7334.98,7329.51,7333.9,41.575796,1578139799999.0,304827.817441,564.0,24.440895,179205.06317158,0.0,BTCUSDT
2020-01-04 12:10:00,7333.54,7333.9,7321.11,7321.58,64.682495,1578140099999.0,473912.78118402,725.0,25.334936,185642.47848343,0.0,BTCUSDT
2020-01-04 12:15:00,7322.01,7329.97,7317.05,7328.8,93.722613,1578140399999.0,686253.17722181,1070.0,62.360213,456613.94363272,0.0,BTCUSDT
2020-01-04 12:20:00,7329.7,7331.15,7322.42,7329.74,60.62174,1578140699999.0,444097.25103431,748.0,36.559533,267815.84926438,0.0,BTCUSDT
2020-01-04 12:25:00,7330.0,7333.6,7325.84,7325.84,70.663624,1578140999999.0,517957.14928196,686.0,49.801106,365067.34639182,0.0,BTCUSDT
2020-01-04 12:30:00,7326.74,7329.15,7317.42,7323.0,51.427514,1578141299999.0,376588.18969731,798.0,26.487651,193950.45202988,0.0,BTCUSDT
2020-01-04 12:35:00,7322.94,7330.17,7319.72,7324.17,57.424703,1578141599999.0,420676.87370431,790.0,39.968686,292773.61545307,0.0,BTCUSDT
2020-01-04 12:40:00,7323.4,7325.0,7318.67,7319.85,46.61434,1578141899999.0,341343.22213935,691.0,21.779071,159490.95591861,0.0,BTCUSDT
2020-01-04 12:45:00,7319.49,7321.39,7314.08,7319.99,89.062334,1578142199999.0,651733.24305757,1401.0,59.673079,436679.49257249,0.0,BTCUSDT
2020-01-04 12:50:00,7320.0,7322.0,7316.1,7318.56,70.987216,1578142499999.0,519640.63588921,960.0,39.408662,288484.42690093,0.0,BTCUSDT
2020-01-04 12:55:00,7318.41,7318.41,7305.0,7312.89,426.230622,1578142799999.0,3114842.53094979,1729.0,280.328292,2048612.49426979,0.0,BTCUSDT
2020-01-04 13:00:00,7312.79,7317.06,7303.12,7312.68,173.946543,1578143099999.0,1271431.52326732,1049.0,116.04219,848313.4710789,0.0,BTCUSDT
2020-01-04 13:05:00,7312.59,7322.0,7306.5,7322.0,111.059582,1578143399999.0,812267.3552779,900.0,57.149479,418096.14330464,0.0,BTCUSDT
2020-01-04 13:10:00,7321.6,7326.49,7318.23,7324.12,60.148097,1578143699999.0,440425.39020046,677.0,30.271275,221661.31084422,0.0,BTCUSDT
2020-01-04 13:15:00,7324.6,7326.47,7318.96,7320.3,72.819028,1578143999999.0,533241.82363898,786.0,38.127696,279204.2239206,0.0,BTCUSDT
2020-01-04 13:20:00,7320.7,7324.99,7307.42,7309.01,65.839608,1578144299999.0,481783.91626715,731.0,27.184214,198964.35796742,0.0,BTCUSDT
2020-01-04 13:25:00,7309.41,7316.18,7305.3,7311.96,134.88104,1578144599999.0,986069.53548957,1081.0,66.830461,488571.12322479,0.0,BTCUSDT
2020-01-04 13:30:00,7311.88,7311.88,7291.0,7296.28,284.159799,1578144899999.0,2074173.43008946,1931.0,125.011343,912521.57025031,0.0,BTCUSDT
2020-01-04 13:35:00,7296.58,7305.04,7295.54,7303.29,109.160415,1578145199999.0,797137.97591988,1268.0,67.850574,495468.11898944,0.0,BTCUSDT
2020-01-04 13:40:00,7303.03,7307.66,7294.45,7305.04,110.900907,1578145499999.0,809622.85961375,982.0,48.205623,351931.33011047,0.0,BTCUSDT
2020-01-04 13:45:00,7306.17,7315.95,7302.94,7310.0,117.331115,1578145799999.0,857785.16010134,978.0,85.353606,624032.08844383,0.0,BTCUSDT
2020-01-04 13:50:00,7310.0,7310.0,7296.28,7305.98,112.740223,1578146099999.0,823374.00035616,929.0,50.199322,366657.61597194,0.0,BTCUSDT
2020-01-04 13:55:00,7305.81,7308.01,7296.71,7303.88,196.141969,1578146399999.0,1432066.91494337,1087.0,112.349699,820370.7579557,0.0,BTCUSDT
2020-01-04 14:00:00,7303.72,7315.21,7296.44,7308.38,110.235099,1578146699999.0,805342.26871916,1048.0,70.104477,512141.44189998,0.0,BTCUSDT
2020-01-04 14:05:00,7308.4,7317.55,7307.61,7309.4,91.199284,1578146999999.0,666983.86821678,1040.0,46.052165,336806.97738463,0.0,BTCUSDT
2020-01-04 14:10:00,7308.83,7313.3,7302.88,7308.05,67.55044,1578147299999.0,493690.17416712,962.0,41.965152,306703.02224132,0.0,BTCUSDT
2020-01-04 14:15:00,7308.04,7312.71,7307.66,7312.02,54.246844,1578147599999.0,396571.50516685,684.0,38.57333,281989.3460502,0.0,BTCUSDT
2020-01-04 14:20:00,7312.0,7312.0,7299.01,7300.09,86.947733,1578147899999.0,635043.5673617,1025.0,35.143943,256712.71873861,0.0,BTCUSDT
2020-01-04 14:25:00,7300.11,7312.47,7300.07,7311.8,76.769331,1578148199999.0,560932.33497292,920.0,56.12764,410126.04821733,0.0,BTCUSDT
2020-01-04 14:30:00,7311.4,7318.68,7310.97,7315.47,61.859816,1578148499999.0,452425.19180517,820.0,35.465645,259382.69210799,0.0,BTCUSDT
2020-01-04 14:35:00,7315.96,7315.96,7308.22,7315.0,62.931278,1578148799999.0,460107.28756687,792.0,31.196795,228089.68730203,0.0,BTCUSDT
2020-01-04 14:40:00,7315.65,7323.45,7314.05,7323.12,74.648128,1578149099999.0,546366.42629799,922.0,48.896126,357879.24291228,0.0,BTCUSDT
2020-01-04 14:45:00,7323.36,7323.36,7314.88,7320.42,69.598843,1578149399999.0,509375.03477179,806.0,29.11739,213097.47138392,0.0,BTCUSDT
2020-01-04 14:50:00,7320.53,7323.74,7316.1,7319.6,57.019429,1578149699999.0,417381.59674455,612.0,24.65737,180496.16441687,0.0,BTCUSDT
2020-01-04 14:55:00,7319.58,7322.67,7315.29,7316.72,61.225468,1578149999999.0,448164.23879741,816.0,25.057866,183421.96654475,0.0,BTCUSDT
2020-01-04 15:00:00,7315.51,7318.2,7312.72,7313.42,35.249393,1578150299999.0,257888.25493901,469.0,15.883386,116205.83219622,0.0,BTCUSDT
2020-01-04 15:05:00,7313.64,7313.64,7308.24,7311.1,52.321561,1578150599999.0,382526.19413227,556.0,29.926419,218792.00026332,0.0,BTCUSDT
2020-01-04 15:10:00,7311.08,7311.27,7305.0,7309.72,70.742969,1578150899999.0,517069.42268496,723.0,41.055478,300088.19454004,0.0,BTCUSDT
2020-01-04 15:15:00,7309.92,7315.6,7309.54,7315.17,103.471549,1578151199999.0,756627.90902594,1094.0,85.577317,625782.2249828,0.0,BTCUSDT
2020-01-04 15:20:00,7314.49,7318.0,7313.38,7317.99,74.76655,1578151499999.0,546972.6691731,815.0,62.535511,457505.8017413,0.0,BTCUSDT
2020-01-04 15:25:00,7317.73,7332.0,7317.46,7327.11,122.126581,1578151799999.0,894624.54641895,1292.0,59.277745,434197.29684111,0.0,BTCUSDT
2020-01-04 15:30:00,7327.12,7329.62,7317.1,7325.01,41.864055,1578152099999.0,306603.11765835,671.0,24.232383,177469.38699495,0.0,BTCUSDT
2020-01-04 15:35:00,7325.02,7326.0,7319.43,7324.97,58.224385,1578152399999.0,426406.27131465,644.0,37.028043,271170.74624256,0.0,BTCUSDT
2020-01-04 15:40:00,7324.96,7331.37,7323.0,7326.89,127.441067,1578152699999.0,933845.6676358,1286.0,93.399618,684400.00003909,0.0,BTCUSDT
2020-01-04 15:45:00,7326.82,7327.0,7318.34,7321.48,91.878438,1578152999999.0,672885.50158236,809.0,42.616151,312156.1190339,0.0,BTCUSDT
2020-01-04 15:50:00,7321.48,7324.31,7315.75,7316.77,30.559789,1578153299999.0,223740.12464319,621.0,17.269956,126442.92952713,0.0,BTCUSDT
2020-01-04 15:55:00,7316.75,7321.0,7314.42,7318.99,61.404263,1578153599999.0,449349.37314537,732.0,47.026574,344147.37577222,0.0,BTCUSDT
2020-01-04 16:00:00,7318.98,7323.0,7301.18,7306.53,113.454615,1578153899999.0,829731.41894996,1388.0,63.582148,465177.69299745,0.0,BTCUSDT
2020-01-04 16:05:00,7306.78,7315.38,7305.34,7313.37,94.395934,1578154199999.0,690154.20801875,860.0,55.23566,403869.2572237,0.0,BTCUSDT
2020-01-04 16:10:00,7313.07,7318.86,7309.5,7318.06,54.135281,1578154499999.0,395964.06559384,682.0,43.56819,318683.46828314,0.0,BTCUSDT
2020-01-04 16:15:00,7317.71,7323.26,7311.03,7319.89,73.864979,1578154799999.0,540606.9840637,827.0,54.797383,401102.42093049,0.0,BTCUSDT
2020-01-04 16:20:00,7320.69,7320.7,7311.01,7312.09,37.303063,1578155099999.0,272901.52827716,597.0,17.281581,126436.49312135,0.0,BTCUSDT
2020-01-04 16:25:00,7312.09,7312.44,7303.93,7308.94,62.560081,1578155399999.0,457193.66727645,906.0,37.569994,274580.82285622,0.0,BTCUSDT
2020-01-04 16:30:00,7308.81,7311.92,7303.17,7311.86,165.457025,1578155699999.0,1208905.22279572,1116.0,122.037725,891701.07306041,0.0,BTCUSDT
2020-01-04 16:35:00,7310.88,7313.0,7303.0,7303.2,86.506516,1578155999999.0,632275.2390254,1078.0,62.62128,457723.22596637,0.0,BTCUSDT
2020-01-04 16:40:00,7303.14,7307.0,7297.91,7299.62,101.967196,1578156299999.0,744486.35182926,1042.0,54.622071,398831.33314216,0.0,BTCUSDT
2020-01-04 16:45:00,7299.62,7308.87,7298.0,7307.34,123.883611,1578156599999.0,904632.32456107,817.0,90.681774,662172.68807184,0.0,BTCUSDT
2020-01-04 16:50:00,7307.52,7311.99,7307.35,7310.74,45.729712,1578156899999.0,334251.19322253,611.0,26.981294,197214.81247245,0.0,BTCUSDT
2020-01-04 16:55:00,7310.74,7311.09,7305.12,7307.11,84.159929,1578157199999.0,615017.19211163,988.0,32.806345,239732.92416089,0.0,BTCUSDT
2020-01-04 17:00:00,7308.0,7315.64,7305.0,7306.82,113.953206,1578157499999.0,832891.1376967,922.0,65.010036,475247.82706378,0.0,BTCUSDT
2020-01-04 17:05:00,7306.33,7314.94,7306.0,7313.54,48.934042,1578157799999.0,357719.00371019,707.0,25.876844,189191.17231815,0.0,BTCUSDT
2020-01-04 17:10:00,7313.89,7317.79,7310.79,7315.52,83.988305,1578158099999.0,614314.18797204,618.0,36.116964,264217.56616363,0.0,BTCUSDT
2020-01-04 17:15:00,7314.85,7320.0,7312.12,7317.07,49.337098,1578158399999.0,360999.20163072,535.0,32.807553,240054.07941133,0.0,BTCUSDT
2020-01-04 17:20:00,7316.44,7321.33,7314.27,7320.52,79.632888,1578158699999.0,582785.00499722,813.0,29.292005,214390.02138401,0.0,BTCUSDT
2020-01-04 17:25:00,7320.52,7327.61,7320.52,7326.66,106.312751,1578158999999.0,778591.4012327,901.0,78.477631,574768.72862649,0.0,BTCUSDT
2020-01-04 17:30:00,7326.66,7337.5,7325.0,7334.91,173.66726,1578159299999.0,1273105.80677954,1523.0,103.98279,762317.61232202,0.0,BTCUSDT
2020-01-04 17:35:00,7335.93,7345.0,7329.27,7341.34,152.748718,1578159599999.0,1120722.95060522,1541.0,87.92093,645105.24335318,0.0,BTCUSDT
2020-01-04 17:40:00,7341.34,7347.34,7327.83,7332.64,103.945485,1578159899999.0,762770.43878745,946.0,51.254847,376110.88495627,0.0,BTCUSDT
2020-01-04 17:45:00,7332.64,7345.42,7332.64,7342.6,137.591541,1578160199999.0,1009954.15685036,922.0,74.77923,548896.71407725,0.0,BTCUSDT
2020-01-04 17:50:00,7342.6,7344.0,7336.42,7343.53,79.487548,1578160499999.0,583453.82634083,756.0,38.663947,283807.70129698,0.0,BTCUSDT
2020-01-04 17:55:00,7343.51,7352.0,7340.49,7351.99,108.385454,1578160799999.0,796239.12347359,1035.0,75.924335,557830.97289712,0.0,BTCUSDT
2020-01-04 18:00:00,7351.36,7355.0,7336.62,7339.01,208.44465,1578161099999.0,1531329.80190585,1779.0,92.684145,680933.83897132,0.0,BTCUSDT
2020-01-04 18:05:00,7339.95,7356.58,7339.6,7343.47,155.465393,1578161399999.0,1142547.78513203,1134.0,69.71756,512347.815137,0.0,BTCUSDT
2020-01-04 18:10:00,7343.2,7348.63,7337.51,7337.51,78.92989,1578161699999.0,579607.43249764,741.0,44.08813,323773.22688186,0.0,BTCUSDT
2020-01-04 18:15:00,7337.66,7345.39,7334.01,7344.09,99.260318,1578161999999.0,728523.99288284,819.0,52.304648,383861.58348842,0.0,BTCUSDT
2020-01-04 18:20:00,7344.09,7347.55,7342.36,7343.33,69.642613,1578162299999.0,511520.6224276,731.0,32.042791,235357.47267765,0.0,BTCUSDT
2020-01-04 18:25:00,7343.11,7354.8,7342.56,7351.31,78.745892,1578162599999.0,578774.76102155,761.0,42.493739,312323.96256963,0.0,BTCUSDT
2020-01-04 18:30:00,7351.31,7359.59,7350.79,7359.49,157.049091,1578162899999.0,1155095.5625859,1110.0,70.451826,518236.84415062,0.0,BTCUSDT
2020-01-04 18:35:00,7359.49,7397.0,7358.75,7392.92,690.881408,1578163199999.0,5097296.89522237,4226.0,526.337862,3882801.33102753,0.0,BTCUSDT
2020-01-04 18:40:00,7393.0,7404.0,7311.39,7311.39,1067.584732,1578163499999.0,7868204.11237638,6633.0,527.56272,3892627.33164129,0.0,BTCUSDT
2020-01-04 18:45:00,7311.39,7327.2,7289.0,7300.52,806.928156,1578163799999.0,5896317.10730916,5414.0,347.677505,2539969.10928224,0.0,BTCUSDT
2020-01-04 18:50:00,7299.78,7310.0,7272.21,7297.01,535.159914,1578164099999.0,3902192.61037973,4102.0,262.471889,1914166.20191172,0.0,BTCUSDT
2020-01-04 18:55:00,7297.58,7315.0,7295.27,7306.92,161.932412,1578164399999.0,1182761.88846948,1350.0,66.615354,486620.49345978,0.0,BTCUSDT
2020-01-04 19:00:00,7306.6,7308.59,7295.0,7297.3,181.619756,1578164699999.0,1326010.74392143,1383.0,103.63821,756694.83954134,0.0,BTCUSDT
2020-01-04 19:05:00,7296.98,7304.36,7291.13,7299.62,130.330072,1578164999999.0,951209.13562249,1209.0,65.717,479641.56792723,0.0,BTCUSDT
2020-01-04 19:10:00,7298.25,7299.99,7288.0,7294.56,180.711102,1578165299999.0,1317978.78019136,1390.0,104.482089,762025.96209589,0.0,BTCUSDT
2020-01-04 19:15:00,7294.57,7309.19,7283.01,7301.6,213.91963,1578165599999.0,1560629.83161381,1868.0,141.052062,1029129.7494897,0.0,BTCUSDT
2020-01-04 19:20:00,7301.6,7310.0,7298.52,7309.66,124.016328,1578165899999.0,906052.39541278,1230.0,82.058027,599535.58659572,0.0,BTCUSDT
2020-01-04 19:25:00,7309.66,7330.0,7304.58,7317.9,216.582796,1578166199999.0,1585546.54515124,1917.0,115.806004,847782.68174277,0.0,BTCUSDT
2020-01-04 19:30:00,7317.9,7326.98,7313.45,7325.59,126.470024,1578166499999.0,925777.33921817,1235.0,72.380646,529888.17907913,0.0,BTCUSDT
2020-01-04 19:35:00,7325.73,7330.0,7321.81,7325.92,91.140613,1578166799999.0,667707.69266068,948.0,48.671042,356573.64772043,0.0,BTCUSDT
2020-01-04 19:40:00,7327.79,7353.84,7326.6,7339.57,301.468867,1578167099999.0,2213779.54678927,2681.0,143.250689,1051780.95817093,0.0,BTCUSDT
2020-01-04 19:45:00,7339.35,7352.28,7337.72,7348.25,162.232743,1578167399999.0,1191660.60876012,1299.0,87.608326,643510.27893774,0.0,BTCUSDT
2020-01-04 19:50:00,7348.52,7348.52,7332.86,7340.94,131.928937,1578167699999.0,968359.09183391,1171.0,75.393929,553499.03345544,0.0,BTCUSDT
2020-01-04 19:55:00,7340.48,7344.35,7332.51,7334.83,106.508533,1578167999999.0,781484.67483623,1001.0,54.252664,398089.39907735,0.0,BTCUSDT
2020-01-04 20:00:00,7334.89,7342.83,7333.23,7342.62,103.895366,1578168299999.0,762269.03085769,1021.0,67.795912,497401.00733521,0.0,BTCUSDT
2020-01-04 20:05:00,7342.65,7352.64,7341.65,7342.4,140.255154,1578168599999.0,1030488.17689132,1270.0,79.550386,584497.53957088,0.0,BTCUSDT
2020-01-04 20:10:00,7342.3,7344.11,7310.67,7322.06,261.961166,1578168899999.0,1918892.84186922,1881.0,118.718388,869672.23193674,0.0,BTCUSDT
2020-01-04 20:15:00,7322.05,7332.29,7321.55,7322.93,118.232385,1578169199999.0,866431.6612452,1160.0,72.058682,528123.57359151,0.0,BTCUSDT
2020-01-04 20:20:00,7322.19,7344.9,7321.48,7341.13,129.85494,1578169499999.0,952468.65702573,1459.0,85.356108,626040.52541151,0.0,BTCUSDT
2020-01-04 20:25:00,7341.11,7345.72,7327.47,7337.49,89.01136,1578169799999.0,652883.58786528,1174.0,49.070977,359907.32666332,0.0,BTCUSDT
2020-01-04 20:30:00,7337.51,7346.29,7337.51,7343.98,88.608504,1578170099999.0,650556.83599274,914.0,60.025468,440715.0938341,0.0,BTCUSDT
2020-01-04 20:35:00,7343.98,7344.53,7332.31,7336.25,94.792609,1578170399999.0,695773.40587946,1076.0,57.128798,419346.02715115,0.0,BTCUSDT
2020-01-04 20:40:00,7337.08,7343.61,7335.17,7338.13,82.266885,1578170699999.0,603796.41639578,1095.0,40.056093,294005.77009239,0.0,BTCUSDT
2020-01-04 20:45:00,7338.18,7347.84,7336.23,7344.59,66.975597,1578170999999.0,491832.47229383,878.0,34.075633,250233.99004781,0.0,BTCUSDT
2020-01-04 20:50:00,7344.58,7348.96,7340.03,7344.53,161.809981,1578171299999.0,1188607.19860657,1190.0,77.578826,569893.95660504,0.0,BTCUSDT
2020-01-04 20:55:00,7345.11,7350.0,7340.0,7341.06,96.200114,1578171599999.0,706647.38903089,1152.0,57.632908,423380.39010731,0.0,BTCUSDT
2020-01-04 21:00:00,7340.9,7347.72,7338.14,7344.03,77.282452,1578171899999.0,567447.0748183,909.0,35.978571,264177.77729891,0.0,BTCUSDT
2020-01-04 21:05:00,7345.25,7350.0,7337.66,7339.81,64.723065,1578172199999.0,475415.65246183,655.0,28.441628,208906.80847205,0.0,BTCUSDT
2020-01-04 21:10:00,7340.64,7348.01,7340.33,7344.96,44.43265,1578172499999.0,326352.18708045,771.0,32.300555,237243.70479298,0.0,BTCUSDT
2020-01-04 21:15:00,7345.1,7346.49,7330.72,7333.84,59.091958,1578172799999.0,433710.70054049,688.0,31.615202,232034.45236487,0.0,BTCUSDT
2020-01-04 21:20:00,7333.84,7340.43,7330.79,7337.44,50.286852,1578173099999.0,368949.81446794,642.0,32.198391,236236.45651051,0.0,BTCUSDT
2020-01-04 21:25:00,7337.39,7353.35,7336.84,7350.22,53.126551,1578173399999.0,390385.81412473,627.0,35.3112,259452.33147335,0.0,BTCUSDT
2020-01-04 21:30:00,7350.82,7367.31,7349.13,7364.0,139.071815,1578173699999.0,1023650.17894555,1409.0,94.214982,693586.98710337,0.0,BTCUSDT
2020-01-04 21:35:00,7365.18,7366.16,7353.06,7360.82,115.032994,1578173999999.0,846742.97851493,1354.0,50.69425,373185.08998545,0.0,BTCUSDT
2020-01-04 21:40:00,7362.94,7365.25,7350.18,7354.37,91.720569,1578174299999.0,674946.34741976,1109.0,42.5527,313157.1863015,0.0,BTCUSDT
2020-01-04 21:45:00,7354.4,7362.93,7353.29,7357.35,46.70993,1578174599999.0,343668.64461913,817.0,23.083241,169836.33729127,0.0,BTCUSDT
2020-01-04 21:50:00,7357.0,7358.0,7350.06,7353.9,42.096935,1578174899999.0,309575.29874683,588.0,24.01104,176579.7975028,0.0,BTCUSDT
2020-01-04 21:55:00,7353.24,7358.69,7340.33,7350.68,85.431743,1578175199999.0,627904.50784583,950.0,37.810266,277958.78129027,0.0,BTCUSDT
2020-01-04 22:00:00,7350.72,7352.53,7344.54,7352.53,59.860444,1578175499999.0,439941.34168677,594.0,45.88549,337231.28109644,0.0,BTCUSDT
2020-01-04 22:05:00,7352.34,7352.53,7342.99,7344.52,29.843092,1578175799999.0,219250.38311312,493.0,14.15828,104020.03356966,0.0,BTCUSDT
2020-01-04 22:10:00,7344.1,7347.49,7343.86,7346.2,37.018173,1578176099999.0,271941.96421544,661.0,28.557353,209792.24907642,0.0,BTCUSDT
2020-01-04 22:15:00,7346.22,7356.21,7344.24,7355.19,43.428651,1578176399999.0,319206.46387042,757.0,32.895968,241780.66788587,0.0,BTCUSDT
2020-01-04 22:20:00,7354.17,7355.61,7345.05,7346.13,42.052142,1578176699999.0,309068.02512001,737.0,13.8818,102041.98465255,0.0,BTCUSDT
2020-01-04 22:25:00,7346.29,7347.97,7342.67,7344.2,37.392033,1578176999999.0,274635.80237884,554.0,17.248095,126696.46735047,0.0,BTCUSDT
2020-01-04 22:30:00,7345.05,7351.29,7344.31,7348.98,38.123323,1578177299999.0,280156.85328779,660.0,26.666557,195973.39215304,0.0,BTCUSDT
2020-01-04 22:35:00,7348.97,7352.42,7348.97,7351.27,30.745189,1578177599999.0,226019.39813941,426.0,17.192362,126385.94404056,0.0,BTCUSDT
2020-01-04 22:40:00,7351.05,7357.79,7350.0,7356.06,43.845589,1578177899999.0,322438.13418678,566.0,26.409991,194235.84127869,0.0,BTCUSDT
2020-01-04 22:45:00,7356.11,7359.41,7355.49,7359.15,29.443458,1578178199999.0,216620.02805249,464.0,14.964179,110095.27109097,0.0,BTCUSDT
2020-01-04 22:50:00,7358.2,7359.7,7348.22,7349.06,49.340882,1578178499999.0,362907.70119626,714.0,18.576359,136655.82050769,0.0,BTCUSDT
2020-01-04 22:55:00,7349.06,7350.72,7343.2,7350.24,33.833133,1578178799999.0,248552.95825193,606.0,19.369563,142303.77730828,0.0,BTCUSDT
2020-01-04 23:00:00,7350.05,7354.72,7349.15,7353.3,30.364135,1578179099999.0,223254.25698455,612.0,21.013054,154497.02816298,0.0,BTCUSDT
2020-01-04 23:05:00,7353.81,7353.81,7352.0,7352.25,40.147335,1578179399999.0,295201.24638601,554.0,16.587812,121970.60370431,0.0,BTCUSDT
2020-01-04 23:10:00,7352.24,7352.24,7345.64,7348.72,28.353195,1578179699999.0,208352.5513881,469.0,11.556352,84925.59295149,0.0,BTCUSDT
2020-01-04 23:15:00,7349.23,7350.57,7343.0,7344.3,34.051761,1578179999999.0,250204.07174829,498.0,18.168395,133506.22076696,0.0,BTCUSDT
2020-01-04 23:20:00,7343.03,7346.26,7342.02,7346.26,30.108193,1578180299999.0,221091.12264397,470.0,16.804593,123403.22178758,0.0,BTCUSDT
2020-01-04 23:25:00,7346.97,7347.99,7328.9,7335.9,88.748458,1578180599999.0,651042.6489121,1173.0,40.806647,299350.68741995,0.0,BTCUSDT
2020-01-04 23:30:00,7335.88,7341.89,7329.98,7339.95,51.746292,1578180899999.0,379573.20517516,560.0,31.299617,229598.03341479,0.0,BTCUSDT
2020-01-04 23:35:00,7339.9,7352.0,7338.22,7351.58,33.723572,1578181199999.0,247785.17499764,525.0,18.60275,136682.05539125,0.0,BTCUSDT
2020-01-04 23:40:00,7351.5,7352.0,7347.33,7349.27,30.323685,1578181499999.0,222852.17656026,496.0,13.8513,101798.98580983,0.0,BTCUSDT
2020-01-04 23:45:00,7349.26,7359.37,7349.26,7352.48,55.81213,1578181799999.0,410510.0794397,834.0,28.486351,209521.78718055,0.0,BTCUSDT
2020-01-04 23:50:00,7353.53,7360.1,7353.38,7356.0,45.933033,1578182099999.0,337974.50464861,497.0,29.186558,214754.63311067,0.0,BTCUSDT
2020-01-04 23:55:00,7356.44,7363.0,7351.26,7354.11,59.481319,1578182399999.0,437653.1591762,673.0,28.563672,210178.90722589,0.0,BTCUSDT
2020-01-05 00:00:00,7354.19,7383.39,7354.11,7370.42,216.367362,1578182699999.0,1594956.97124807,2297.0,135.525307,998978.43944425,0.0,BTCUSDT
2020-01-05 00:05:00,7370.83,7377.38,7355.17,7368.57,104.924314,1578182999999.0,772944.24317115,1301.0,62.332172,459212.52260287,0.0,BTCUSDT
2020-01-05 00:10:00,7368.29,7377.5,7368.19,7372.0,81.556759,1578183299999.0,601292.8605663,811.0,52.10824,384200.21536075,0.0,BTCUSDT
2020-01-05 00:15:00,7372.0,7387.51,7366.11,7387.28,128.907333,1578183599999.0,950708.62827438,1230.0,91.545267,675146.69006241,0.0,BTCUSDT
2020-01-05 00:20:00,7387.28,7393.0,7369.55,7381.4,270.006381,1578183899999.0,1993708.87094581,1748.0,89.933134,663903.96038799,0.0,BTCUSDT
2020-01-05 00:25:00,7379.62,7389.0,7379.62,7380.73,67.255014,1578184199999.0,496578.35179903,643.0,37.139196,274207.42314692,0.0,BTCUSDT
2020-01-05 00:30:00,7380.74,7383.0,7363.28,7370.81,113.41114,1578184499999.0,835992.27038168,1458.0,71.061501,523787.70587835,0.0,BTCUSDT
2020-01-05 00:35:00,7370.8,7378.01,7362.01,7364.23,95.233112,1578184799999.0,702059.58828462,772.0,42.172471,310898.42339143,0.0,BTCUSDT
2020-01-05 00:40:00,7363.69,7373.22,7359.31,7373.18,106.601036,1578185099999.0,785296.2394423,856.0,53.175719,391732.88702351,0.0,BTCUSDT
2020-01-05 00:45:00,7373.26,7377.89,7364.43,7375.35,88.919483,1578185399999.0,655478.62124849,1006.0,58.226513,429187.72177241,0.0,BTCUSDT
2020-01-05 00:50:00,7377.46,7386.52,7372.96,7383.64,101.02131,1578185699999.0,745277.11662649,1159.0,55.531663,409726.253973,0.0,BTCUSDT
2020-01-05 00:55:00,7383.64,7385.68,7373.03,7373.48,58.152196,1578185999999.0,429050.80920986,756.0,27.877653,205688.09025563,0.0,BTCUSDT
2020-01-05 01:00:00,7373.43,7396.0,7373.43,7394.74,202.082452,1578186299999.0,1493397.12819595,1564.0,148.38295,1096638.68858116,0.0,BTCUSDT
2020-01-05 01:05:00,7394.74,7405.0,7382.3,7395.44,553.918624,1578186599999.0,4097928.96911876,3002.0,392.909356,2906951.90290639,0.0,BTCUSDT
2020-01-05 01:10:00,7395.72,7399.82,7385.81,7393.93,86.124674,1578186899999.0,636812.78956508,917.0,40.724393,301131.97104579,0.0,BTCUSDT
2020-01-05 01:15:00,7393.89,7450.0,7393.89,7449.0,1088.998214,1578187199999.0,8088080.74504467,7050.0,740.645727,5500325.49694756,0.0,BTCUSDT
2020-01-05 01:20:00,7449.0,7458.27,7429.46,7448.37,838.426524,1578187499999.0,6242829.5817243,4768.0,439.524102,3272487.20733798,0.0,BTCUSDT
2020-01-05 01:25:00,7447.6,7472.14,7417.94,7460.6,912.441361,1578187799999.0,6799266.02081706,5430.0,477.845949,3560338.68745048,0.0,BTCUSDT
2020-01-05 01:30:00,7460.24,7466.76,7437.96,7452.47,474.89176,1578188099999.0,3538817.68801093,3904.0,240.070221,1789021.16494112,0.0,BTCUSDT
2020-01-05 01:35:00,7451.38,7452.3,7430.0,7449.64,515.546421,1578188399999.0,3837080.80127151,3240.0,211.994262,1577545.66895002,0.0,BTCUSDT
2020-01-05 01:40:00,7448.99,7473.33,7447.21,7452.88,515.393878,1578188699999.0,3842996.60470846,3695.0,294.782391,2198217.29035292,0.0,BTCUSDT
2020-01-05 01:45:00,7452.86,7481.87,7452.0,7469.79,758.600406,1578188999999.0,5667598.79446767,4736.0,424.36496,3170726.6478217,0.0,BTCUSDT
2020-01-05 01:50:00,7469.61,7469.75,7445.07,7461.33,241.798912,1578189299999.0,1802810.58143423,1973.0,138.298931,1031121.81093372,0.0,BTCUSDT
2020-01-05 01:55:00,7461.19,7466.42,7455.04,7459.18,206.632514,1578189599999.0,1541772.77859787,1263.0,131.46857,980983.64819533,0.0,BTCUSDT
2020-01-05 02:00:00,7459.91,7482.2,7458.86,7479.3,311.755911,1578189899999.0,2329897.48677057,2613.0,167.442315,1251459.53372748,0.0,BTCUSDT
2020-01-05 02:05:00,7480.0,7482.87,7455.53,7465.33,263.760576,1578190199999.0,1969983.31095414,2213.0,119.146306,889871.77508726,0.0,BTCUSDT
2020-01-05 02:10:00,7465.33,7465.33,7444.7,7449.53,259.856389,1578190499999.0,1936777.08527361,2024.0,154.84719,1154165.32267528,0.0,BTCUSDT
2020-01-05 02:15:00,7449.53,7456.52,7442.59,7443.31,178.50442,1578190799999.0,1329980.72453912,1478.0,80.020437,596250.53259974,0.0,BTCUSDT
2020-01-05 02:20:00,7443.89,7449.5,7432.79,7446.6,243.43156,1578191099999.0,1811331.87251467,1802.0,122.743124,913417.63768983,0.0,BTCUSDT
2020-01-05 02:25:00,7446.53,7456.57,7439.77,7448.93,127.565657,1578191399999.0,950149.94940502,1163.0,52.994096,394737.49793223,0.0,BTCUSDT
2020-01-05 02:30:00,7448.71,7449.94,7441.12,7442.42,83.021989,1578191699999.0,618041.66008432,598.0,36.265839,269949.80261001,0.0,BTCUSDT
2020-01-05 02:35:00,7442.42,7462.15,7442.34,7456.72,141.513652,1578191999999.0,1054918.30968279,1151.0,79.301951,591140.27117682,0.0,BTCUSDT
2020-01-05 02:40:00,7456.61,7457.12,7450.0,7456.54,88.537212,1578192299999.0,659943.36573435,748.0,47.77851,356136.7927565,0.0,BTCUSDT
2020-01-05 02:45:00,7456.97,7461.0,7444.88,7446.0,79.607923,1578192599999.0,593304.59310857,748.0,45.760736,341071.72765144,0.0,BTCUSDT
2020-01-05 02:50:00,7446.01,7449.12,7442.05,7444.8,186.092102,1578192899999.0,1385222.1908803,1072.0,147.41741,1097291.98062468,0.0,BTCUSDT
2020-01-05 02:55:00,7445.06,7446.57,7442.1,7443.79,74.368399,1578193199999.0,553612.13788629,683.0,44.301503,329791.61930911,0.0,BTCUSDT
2020-01-05 03:00:00,7443.92,7459.5,7443.91,7454.33,155.588695,1578193499999.0,1159430.14090216,1263.0,81.784129,609499.49688173,0.0,BTCUSDT
2020-01-05 03:05:00,7454.42,7459.99,7451.28,7451.71,135.138637,1578193799999.0,1007528.1723782,884.0,75.393386,562121.3021814,0.0,BTCUSDT
2020-01-05 03:10:00,7452.5,7454.24,7444.5,7447.47,127.733977,1578194099999.0,951493.1715483,973.0,60.833965,453150.43146297,0.0,BTCUSDT
2020-01-05 03:15:00,7446.77,7450.63,7439.33,7447.2,117.828012,1578194399999.0,877206.12569797,852.0,38.348711,285526.70906075,0.0,BTCUSDT
2020-01-05 03:20:00,7446.56,7450.65,7445.53,7447.3,55.053042,1578194699999.0,410119.47218813,677.0,33.409572,248890.03022844,0.0,BTCUSDT
2020-01-05 03:25:00,7447.27,7452.56,7446.86,7452.46,64.128857,1578194999999.0,477759.55133181,494.0,42.314624,315251.60557548,0.0,BTCUSDT
2020-01-05 03:30:00,7451.8,7460.52,7451.8,7456.8,63.401563,1578195299999.0,472796.02325222,755.0,29.944333,223282.50812014,0.0,BTCUSDT
2020-01-05 03:35:00,7456.83,7462.0,7452.48,7457.52,74.455063,1578195599999.0,555186.21403923,825.0,29.033271,216507.83619374,0.0,BTCUSDT
2020-01-05 03:40:00,7457.46,7466.24,7456.78,7466.24,116.218918,1578195899999.0,867006.97935715,870.0,55.836891,416542.02903864,0.0,BTCUSDT
2020-01-05 03:45:00,7466.3,7475.99,7462.25,7474.27,377.527557,1578196199999.0,2820808.80940544,1326.0,178.419433,1332913.5244655,0.0,BTCUSDT
2020-01-05 03:50:00,7474.34,7478.0,7463.32,7477.61,82.497358,1578196499999.0,616256.1151851,926.0,32.916937,245925.17075767,0.0,BTCUSDT
2020-01-05 03:55:00,7476.94,7477.9,7470.0,7475.99,76.651197,1578196799999.0,572869.93880804,897.0,40.216711,300572.04494967,0.0,BTCUSDT
2020-01-05 04:00:00,7476.0,7495.0,7461.0,7464.56,786.481884,1578197099999.0,5888342.92186805,3643.0,388.974238,2912621.20626425,0.0,BTCUSDT
2020-01-05 04:05:00,7465.51,7466.12,7454.01,7457.86,133.124473,1578197399999.0,993159.27298195,1328.0,69.061902,515243.68185337,0.0,BTCUSDT
2020-01-05 04:10:00,7457.8,7467.99,7454.22,7466.43,97.64321,1578197699999.0,728702.60521946,929.0,59.628659,444995.07242463,0.0,BTCUSDT
2020-01-05 04:15:00,7466.13,7466.13,7449.17,7451.99,145.33516,1578197999999.0,1083473.12462501,1168.0,63.554425,473797.36102238,0.0,BTCUSDT
2020-01-05 04:20:00,7450.49,7454.29,7444.0,7448.55,114.008787,1578198299999.0,849271.53789971,1097.0,65.454053,487587.05241828,0.0,BTCUSDT
2020-01-05 04:25:00,7449.23,7456.87,7447.78,7455.25,107.688582,1578198599999.0,802612.01856114,905.0,62.810572,468129.51550355,0.0,BTCUSDT
2020-01-05 04:30:00,7455.23,7461.1,7450.0,7455.09,69.345485,1578198899999.0,516991.56140609,789.0,37.989473,283226.16171683,0.0,BTCUSDT
2020-01-05 04:35:00,7455.0,7456.93,7450.79,7451.08,63.690552,1578199199999.0,474791.97874895,644.0,44.738527,333526.30941134,0.0,BTCUSDT
2020-01-05 04:40:00,7451.39,7453.64,7445.78,7452.79,117.810005,1578199499999.0,877670.54556428,794.0,41.126252,306399.30039746,0.0,BTCUSDT
2020-01-05 04:45:00,7452.78,7463.98,7452.78,7460.52,88.12241,1578199799999.0,657368.91402085,883.0,48.468306,361555.63161574,0.0,BTCUSDT
2020-01-05 04:50:00,7460.53,7463.0,7451.83,7455.44,75.381904,1578200099999.0,562165.63029622,822.0,45.404109,338583.36234206,0.0,BTCUSDT
2020-01-05 04:55:00,7455.18,7457.37,7446.43,7457.14,61.277015,1578200399999.0,456669.66724611,730.0,36.407104,271330.36256647,0.0,BTCUSDT
2020-01-05 05:00:00,7457.18,7459.17,7447.49,7451.68,52.029522,1578200699999.0,387745.94949049,772.0,29.544587,220163.03803254,0.0,BTCUSDT
2020-01-05 05:05:00,7450.81,7460.0,7450.63,7453.25,61.497442,1578200999999.0,458415.40000735,783.0,30.369263,226367.0843595,0.0,BTCUSDT
2020-01-05 05:10:00,7453.24,7461.35,7447.41,7457.32,62.391749,1578201299999.0,465053.77404368,776.0,31.148976,232134.7462081,0.0,BTCUSDT
2020-01-05 05:15:00,7457.32,7457.33,7450.01,7453.27,53.252401,1578201599999.0,396930.22318663,574.0,28.379187,211514.75780815,0.0,BTCUSDT
2020-01-05 05:20:00,7453.26,7453.27,7444.0,7452.3,68.04872,1578201899999.0,506873.88956548,820.0,35.337643,263204.39186686,0.0,BTCUSDT
2020-01-05 05:25:00,7452.26,7457.85,7448.22,7453.42,95.577693,1578202199999.0,712354.29100877,678.0,64.059175,477452.47697142,0.0,BTCUSDT
2020-01-05 05:30:00,7453.31,7460.0,7452.72,7457.35,48.843901,1578202499999.0,364284.02738755,480.0,22.024794,164267.01656078,0.0,BTCUSDT
2020-01-05 05:35:00,7457.35,7470.0,7456.35,7456.43,107.439375,1578202799999.0,801951.56029373,553.0,54.541422,407069.17847348,0.0,BTCUSDT
2020-01-05 05:40:00,7456.65,7463.33,7455.91,7459.92,41.887784,1578203099999.0,312482.44363645,646.0,17.2587,128749.79737974,0.0,BTCUSDT
2020-01-05 05:45:00,7459.94,7464.6,7458.56,7461.98,55.89024,1578203399999.0,416978.42833086,945.0,28.125941,209850.63411238,0.0,BTCUSDT
2020-01-05 05:50:00,7461.91,7464.86,7459.01,7463.94,50.695018,1578203699999.0,378280.66644694,774.0,27.680579,206564.72560495,0.0,BTCUSDT
2020-01-05 05:55:00,7463.95,7466.43,7452.16,7459.12,254.890473,1578203999999.0,1901108.37853333,1211.0,99.23195,740083.49480674,0.0,BTCUSDT
2020-01-05 06:00:00,7458.51,7468.37,7458.51,7466.33,63.425639,1578204299999.0,473414.29286002,631.0,39.507547,294907.96748567,0.0,BTCUSDT
2020-01-05 06:05:00,7466.23,7481.25,7462.4,7478.75,212.312069,1578204599999.0,1585780.19058748,1228.0,143.069591,1068570.51006692,0.0,BTCUSDT
2020-01-05 06:10:00,7479.9,7479.9,7470.4,7471.84,77.524899,1578204899999.0,579511.7202882,759.0,39.370587,294300.04365928,0.0,BTCUSDT
2020-01-05 06:15:00,7471.0,7471.82,7448.02,7451.41,142.353216,1578205199999.0,1061666.59869239,1223.0,58.975898,439934.11655907,0.0,BTCUSDT
2020-01-05 06:20:00,7451.41,7458.97,7447.05,7447.5,148.800769,1578205499999.0,1108810.5832706,793.0,84.357563,628608.84246194,0.0,BTCUSDT
2020-01-05 06:25:00,7448.16,7457.42,7447.53,7455.5,64.774074,1578205799999.0,482681.33637453,706.0,33.911991,252698.62604471,0.0,BTCUSDT
2020-01-05 06:30:00,7455.48,7455.7,7446.93,7447.07,62.489828,1578206099999.0,465553.27317661,653.0,13.219285,98490.11720153,0.0,BTCUSDT
2020-01-05 06:35:00,7447.07,7452.8,7437.4,7451.75,101.310668,1578206399999.0,754182.90187784,954.0,35.578265,264938.383216,0.0,BTCUSDT
2020-01-05 06:40:00,7452.0,7456.44,7448.38,7449.03,63.939941,1578206699999.0,476464.77511652,587.0,41.755081,311151.0687256,0.0,BTCUSDT
2020-01-05 06:45:00,7448.6,7459.48,7440.02,7456.33,107.833145,1578206999999.0,803331.17543055,919.0,58.537418,436123.01132879,0.0,BTCUSDT
2020-01-05 06:50:00,7456.91,7458.24,7450.16,7453.01,63.588642,1578207299999.0,474012.95499481,597.0,34.980153,260755.77429291,0.0,BTCUSDT
2020-01-05 06:55:00,7453.15,7461.65,7451.07,7457.5,58.111399,1578207599999.0,433374.38894512,613.0,34.41785,256666.5656745,0.0,BTCUSDT
2020-01-05 07:00:00,7457.83,7457.83,7444.56,7451.32,90.904263,1578207899999.0,677144.1488992,881.0,36.845197,274461.48808648,0.0,BTCUSDT
2020-01-05 07:05:00,7451.32,7453.76,7444.83,7449.01,77.288763,1578208199999.0,575760.28704542,599.0,25.30686,188490.89941987,0.0,BTCUSDT
2020-01-05 07:10:00,7449.01,7459.26,7442.0,7453.99,102.67006,1578208499999.0,765098.67929415,873.0,43.086857,321036.51691285,0.0,BTCUSDT
2020-01-05 07:15:00,7453.99,7456.23,7446.0,7456.22,72.063683,1578208799999.0,536962.10310918,737.0,46.981096,350072.89413538,0.0,BTCUSDT
2020-01-05 07:20:00,7456.04,7456.04,7449.26,7451.53,46.978415,1578209099999.0,350086.43846143,583.0,24.843902,185147.39117685,0.0,BTCUSDT
2020-01-05 07:25:00,7451.68,7456.71,7445.09,7445.94,88.958233,1578209399999.0,662841.0506854,765.0,34.79729,259285.86094085,0.0,BTCUSDT
2020-01-05 07:30:00,7445.98,7453.99,7445.98,7450.85,66.401814,1578209699999.0,494654.52595838,536.0,55.101805,410459.83857631,0.0,BTCUSDT
2020-01-05 07:35:00,7450.15,7457.26,7450.14,7457.26,38.268075,1578209999999.0,285249.08721116,557.0,22.997453,171431.77386497,0.0,BTCUSDT
2020-01-05 07:40:00,7456.86,7462.42,7452.58,7459.97,92.555349,1578210299999.0,690219.23824793,798.0,38.854161,289763.27417663,0.0,BTCUSDT
2020-01-05 07:45:00,7459.53,7470.36,7459.42,7466.83,94.209058,1578210599999.0,703382.9275507,906.0,50.186761,374703.4445256,0.0,BTCUSDT
2020-01-05 07:50:00,7466.09,7468.49,7460.07,7464.92,75.202222,1578210899999.0,561413.1219975,726.0,45.097038,336694.40286479,0.0,BTCUSDT
2020-01-05 07:55:00,7464.96,7464.96,7460.0,7463.63,42.587919,1578211199999.0,317810.44411926,664.0,14.016826,104594.19463739,0.0,BTCUSDT
2020-01-05 08:00:00,7463.64,7472.0,7454.56,7455.44,116.161498,1578211499999.0,867314.64069577,1281.0,47.862431,357332.5188844,0.0,BTCUSDT
2020-01-05 08:05:00,7455.56,7457.36,7448.0,7456.06,67.410518,1578211799999.0,502431.68652199,834.0,42.198847,314534.836685,0.0,BTCUSDT
2020-01-05 08:10:00,7456.35,7458.0,7449.13,7454.37,63.560216,1578212099999.0,473787.86967467,890.0,30.781338,229455.80680736,0.0,BTCUSDT
2020-01-05 08:15:00,7454.32,7458.43,7451.61,7455.79,81.83637,1578212399999.0,610193.64060384,744.0,35.92172,267840.42666725,0.0,BTCUSDT
2020-01-05 08:20:00,7455.11,7455.96,7448.11,7452.0,46.088319,1578212699999.0,343490.64970869,623.0,34.704355,258646.90276807,0.0,BTCUSDT
2020-01-05 08:25:00,7452.0,7454.14,7449.01,7451.06,68.618668,1578212999999.0,511318.50167012,634.0,33.279241,248004.70438036,0.0,BTCUSDT
2020-01-05 08:30:00,7450.5,7453.96,7448.22,7449.54,58.319205,1578213299999.0,434540.10457005,621.0,36.196,269701.84255518,0.0,BTCUSDT
2020-01-05 08:35:00,7449.54,7453.23,7445.69,7447.51,80.571231,1578213599999.0,600192.47827514,919.0,29.772909,221781.475428,0.0,BTCUSDT
2020-01-05 08:40:00,7447.53,7451.67,7444.0,7447.29,96.001386,1578213899999.0,714896.50288268,955.0,48.722786,362834.08502526,0.0,BTCUSDT
2020-01-05 08:45:00,7446.63,7448.0,7422.5,7430.53,398.919576,1578214199999.0,2965166.48576954,2514.0,146.702016,1090438.77731785,0.0,BTCUSDT
2020-01-05 08:50:00,7432.43,7439.27,7410.0,7427.99,300.382526,1578214499999.0,2229854.25968104,2302.0,99.070576,735827.50046421,0.0,BTCUSDT
2020-01-05 08:55:00,7426.86,7435.0,7423.42,7430.05,218.008821,1578214799999.0,1619818.32903219,1511.0,114.411109,850038.48392909,0.0,BTCUSDT
2020-01-05 09:00:00,7430.0,7436.84,7400.0,7415.52,540.253693,1578215099999.0,4005466.54912525,3382.0,191.462903,1419846.98031836,0.0,BTCUSDT
2020-01-05 09:05:00,7415.68,7428.85,7410.53,7421.27,376.557211,1578215399999.0,2793549.82695712,1454.0,266.285393,1975381.11376848,0.0,BTCUSDT
2020-01-05 09:10:00,7420.44,7430.83,7417.47,7429.8,92.740537,1578215699999.0,688390.68753725,767.0,67.252378,499236.23801774,0.0,BTCUSDT
2020-01-05 09:15:00,7430.1,7435.79,7422.11,7429.61,145.201496,1578215999999.0,1078920.55532524,1008.0,81.541196,605918.17057621,0.0,BTCUSDT
2020-01-05 09:20:00,7429.15,7433.96,7427.0,7432.84,83.258966,1578216299999.0,618653.54779356,633.0,51.68068,384021.25172173,0.0,BTCUSDT
2020-01-05 09:25:00,7432.85,7434.22,7427.4,7427.61,85.403578,1578216599999.0,634570.81952229,682.0,43.598102,323956.25778039,0.0,BTCUSDT
2020-01-05 09:30:00,7427.53,7427.62,7420.0,7420.0,83.707639,1578216899999.0,621444.85334876,656.0,38.630014,286807.28033511,0.0,BTCUSDT
2020-01-05 09:35:00,7420.01,7420.5,7410.08,7419.48,114.814086,1578217199999.0,851546.34881106,1118.0,59.00182,437605.43510101,0.0,BTCUSDT
2020-01-05 09:40:00,7420.47,7423.91,7405.0,7411.35,166.114284,1578217499999.0,1231836.77281886,1267.0,68.626694,509038.94644092,0.0,BTCUSDT
2020-01-05 09:45:00,7411.58,7415.0,7400.67,7414.37,214.047824,1578217799999.0,1585735.80199302,1501.0,104.143014,771691.25549611,0.0,BTCUSDT
2020-01-05 09:50:00,7415.0,7422.79,7413.0,7422.12,89.20308,1578218099999.0,661583.7191256,962.0,57.474795,426295.74623088,0.0,BTCUSDT
2020-01-05 09:55:00,7422.15,7429.1,7416.1,7427.74,81.234701,1578218399999.0,603055.82328319,844.0,41.942094,311358.13572592,0.0,BTCUSDT
2020-01-05 10:00:00,7427.7,7429.0,7419.47,7427.94,95.56202,1578218699999.0,709514.49582847,711.0,56.582452,420120.31512286,0.0,BTCUSDT
2020-01-05 10:05:00,7426.97,7429.44,7418.77,7428.95,67.131317,1578218999999.0,498420.86734605,697.0,39.316268,291903.78400947,0.0,BTCUSDT
2020-01-05 10:10:00,7428.95,7429.21,7421.14,7424.78,43.704372,1578219299999.0,324479.0363073,491.0,23.559599,174921.35174405,0.0,BTCUSDT
2020-01-05 10:15:00,7424.78,7425.0,7418.79,7424.61,75.316383,1578219599999.0,558906.19441442,764.0,30.488525,226248.47654873,0.0,BTCUSDT
2020-01-05 10:20:00,7425.0,7431.0,7423.97,7430.38,42.600177,1578219899999.0,316344.53954459,518.0,34.687969,257588.68378663,0.0,BTCUSDT
2020-01-05 10:25:00,7430.18,7432.28,7420.32,7421.38,75.838392,1578220199999.0,563310.18751309,873.0,35.289261,262155.28478053,0.0,BTCUSDT
2020-01-05 10:30:00,7421.35,7424.53,7416.77,7417.01,48.625351,1578220499999.0,360819.69585385,639.0,21.635822,160558.04083797,0.0,BTCUSDT
2020-01-05 10:35:00,7417.38,7420.04,7412.77,7413.38,91.209803,1578220799999.0,676595.99276,820.0,40.572715,300973.83827289,0.0,BTCUSDT
2020-01-05 10:40:00,7413.38,7413.4,7403.21,7412.12,213.348097,1578221099999.0,1580391.98783625,1423.0,144.40544,1069581.93767985,0.0,BTCUSDT
2020-01-05 10:45:00,7410.89,7422.8,7406.53,7421.8,79.288384,1578221399999.0,587744.25525662,868.0,46.099794,341698.55913313,0.0,BTCUSDT
2020-01-05 10:50:00,7421.82,7422.24,7406.0,7410.0,64.46304,1578221699999.0,478027.32473506,723.0,32.843538,243553.07104888,0.0,BTCUSDT
2020-01-05 10:55:00,7410.0,7418.71,7407.36,7415.12,98.056874,1578221999999.0,727012.53448133,651.0,49.126457,364284.16566584,0.0,BTCUSDT
2020-01-05 11:00:00,7415.1,7417.0,7410.0,7414.56,59.251044,1578222299999.0,439277.50018862,736.0,29.307838,217287.42813789,0.0,BTCUSDT
2020-01-05 11:05:00,7414.59,7420.76,7414.34,7419.75,47.073564,1578222599999.0,349223.66700311,525.0,27.026897,200494.6794202,0.0,BTCUSDT
2020-01-05 11:10:00,7419.75,7430.0,7419.18,7423.85,107.639569,1578222899999.0,799184.81177478,1259.0,66.640201,494745.83341244,0.0,BTCUSDT
2020-01-05 11:15:00,7423.85,7424.3,7415.02,7421.72,103.664982,1578223199999.0,769122.61604524,911.0,67.576091,501384.62407558,0.0,BTCUSDT
2020-01-05 11:20:00,7421.72,7428.01,7421.41,7422.01,79.051859,1578223499999.0,586899.28666482,812.0,50.537649,375210.94397106,0.0,BTCUSDT
2020-01-05 11:25:00,7422.01,7431.19,7422.0,7429.4,104.980622,1578223799999.0,779739.70518232,771.0,53.060331,394094.58502925,0.0,BTCUSDT
2020-01-05 11:30:00,7429.49,7433.53,7427.01,7429.43,125.188512,1578224099999.0,930068.28910268,1032.0,64.647867,480274.23639187,0.0,BTCUSDT
2020-01-05 11:35:00,7429.64,7440.0,7428.0,7432.9,113.530548,1578224399999.0,844056.80090839,1250.0,59.571089,442914.36871897,0.0,BTCUSDT
2020-01-05 11:40:00,7432.93,7438.32,7431.73,7434.87,82.832524,1578224699999.0,615736.71932421,887.0,46.346775,344516.29724683,0.0,BTCUSDT
2020-01-05 11:45:00,7434.74,7435.97,7423.0,7427.86,93.179005,1578224999999.0,692097.40154557,956.0,47.491066,352702.59664623,0.0,BTCUSDT
2020-01-05 11:50:00,7427.5,7428.93,7421.15,7422.27,48.221708,1578225299999.0,358030.56669564,584.0,24.461384,181617.7893805,0.0,BTCUSDT
2020-01-05 11:55:00,7422.45,7427.98,7421.47,7422.33,36.903682,1578225599999.0,274014.56491252,556.0,18.581131,137974.66632574,0.0,BTCUSDT
2020-01-05 12:00:00,7422.27,7432.69,7421.93,7432.69,71.393114,1578225899999.0,530217.01165156,802.0,50.483188,374924.11200288,0.0,BTCUSDT
2020-01-05 12:05:00,7432.57,7436.64,7430.58,7435.61,43.412071,1578226199999.0,322709.65032589,634.0,27.358526,203385.5720145,0.0,BTCUSDT
2020-01-05 12:10:00,7435.59,7446.79,7435.03,7441.73,113.793131,1578226499999.0,846924.74639525,1281.0,47.714661,355116.87248615,0.0,BTCUSDT
2020-01-05 12:15:00,7441.73,7460.46,7437.98,7441.02,244.369286,1578226799999.0,1820121.16221613,2333.0,112.893685,840884.44566103,0.0,BTCUSDT
2020-01-05 12:20:00,7441.01,7445.24,7430.84,7436.53,82.363593,1578227099999.0,612586.4103102,947.0,40.661506,302447.85371913,0.0,BTCUSDT
2020-01-05 12:25:00,7436.1,7443.89,7434.56,7442.98,86.711981,1578227399999.0,645113.78971347,899.0,41.263658,306964.58281294,0.0,BTCUSDT
2020-01-05 12:30:00,7443.59,7445.87,7435.81,7439.02,74.207725,1578227699999.0,552131.5693774,858.0,34.278405,255044.90731403,0.0,BTCUSDT
2020-01-05 12:35:00,7439.02,7443.05,7436.25,7441.67,54.185866,1578227999999.0,403138.49922707,631.0,34.011901,253047.32413817,0.0,BTCUSDT
2020-01-05 12:40:00,7441.57,7443.94,7438.58,7440.2,42.869435,1578228299999.0,319045.73690447,524.0,21.779203,162092.54641132,0.0,BTCUSDT
2020-01-05 12:45:00,7440.2,7449.99,7440.19,7449.04,62.033793,1578228599999.0,461958.45569401,732.0,31.696775,236044.62354747,0.0,BTCUSDT
2020-01-05 12:50:00,7448.93,7456.99,7445.0,7447.37,83.741173,1578228899999.0,623933.93149985,982.0,37.663776,280622.72917487,0.0,BTCUSDT
2020-01-05 12:55:00,7447.35,7458.04,7446.45,7457.01,120.480095,1578229199999.0,897775.59003707,919.0,77.160864,574920.49652664,0.0,BTCUSDT
2020-01-05 13:00:00,7457.79,7458.0,7445.02,7451.01,136.363419,1578229499999.0,1016007.38032672,1380.0,68.046299,507032.26767329,0.0,BTCUSDT
2020-01-05 13:05:00,7450.83,7457.02,7448.01,7450.67,165.436125,1578229799999.0,1233112.3666735,1346.0,90.627248,675509.88862365,0.0,BTCUSDT
2020-01-05 13:10:00,7450.99,7454.59,7450.33,7452.24,41.194311,1578230099999.0,306997.84037046,621.0,25.25366,188202.08394445,0.0,BTCUSDT
2020-01-05 13:15:00,7452.51,7452.88,7440.01,7445.17,105.588522,1578230399999.0,786112.74703386,1287.0,32.537821,242259.28616249,0.0,BTCUSDT
2020-01-05 13:20:00,7445.17,7446.43,7435.0,7441.8,109.207195,1578230699999.0,812653.58244035,844.0,39.978534,297557.06287844,0.0,BTCUSDT
2020-01-05 13:25:00,7441.82,7443.99,7416.43,7420.81,285.120376,1578230999999.0,2117344.48770351,2002.0,112.180457,833164.08017854,0.0,BTCUSDT
2020-01-05 13:30:00,7420.56,7434.23,7415.0,7431.91,111.820098,1578231299999.0,830234.77978078,1081.0,55.787289,414278.99982437,0.0,BTCUSDT
2020-01-05 13:35:00,7431.83,7441.04,7428.67,7439.81,95.866472,1578231599999.0,712848.48447069,820.0,53.955084,401216.83209468,0.0,BTCUSDT
2020-01-05 13:40:00,7439.8,7441.3,7429.53,7434.32,105.3151,1578231899999.0,782970.13645456,869.0,58.60091,435666.39491946,0.0,BTCUSDT
2020-01-05 13:45:00,7434.32,7441.12,7430.01,7436.47,78.529056,1578232199999.0,583877.89690554,752.0,37.686847,280211.74363429,0.0,BTCUSDT
2020-01-05 13:50:00,7436.62,7437.24,7428.75,7435.97,55.852184,1578232499999.0,415130.97733415,708.0,24.66207,183309.56649808,0.0,BTCUSDT
2020-01-05 13:55:00,7434.83,7439.95,7430.01,7431.15,47.278226,1578232799999.0,351487.55643269,667.0,23.095952,171719.84347361,0.0,BTCUSDT
2020-01-05 14:00:00,7431.16,7434.17,7425.0,7433.06,74.766062,1578233099999.0,555465.76748054,823.0,30.141123,223957.40403336,0.0,BTCUSDT
2020-01-05 14:05:00,7433.06,7437.4,7431.37,7435.42,66.008551,1578233399999.0,490709.3390684,825.0,41.359523,307481.44647829,0.0,BTCUSDT
2020-01-05 14:10:00,7435.42,7442.37,7434.09,7439.23,61.090464,1578233699999.0,454392.86086952,720.0,22.772056,169379.68742057,0.0,BTCUSDT
2020-01-05 14:15:00,7438.97,7442.09,7433.68,7438.2,74.425722,1578233999999.0,553609.12430843,940.0,28.953774,215383.82206825,0.0,BTCUSDT
2020-01-05 14:20:00,7438.94,7443.3,7438.27,7440.92,54.33523,1578234299999.0,404297.02552827,761.0,34.722862,258370.61887464,0.0,BTCUSDT
2020-01-05 14:25:00,7440.92,7444.0,7438.81,7441.23,57.324601,1578234599999.0,426590.65016781,875.0,22.884821,170300.30130694,0.0,BTCUSDT
2020-01-05 14:30:00,7441.28,7444.73,7437.53,7437.53,54.449254,1578234899999.0,405188.89715283,745.0,30.643816,228054.90297073,0.0,BTCUSDT
2020-01-05 14:35:00,7437.67,7441.09,7433.88,7433.89,62.675669,1578235199999.0,466132.95723902,855.0,33.545085,249500.86187167,0.0,BTCUSDT
2020-01-05 14:40:00,7433.93,7442.65,7433.0,7439.67,59.926024,1578235499999.0,445648.32436663,936.0,29.432425,218900.56155243,0.0,BTCUSDT
2020-01-05 14:45:00,7438.87,7442.62,7435.74,7438.0,62.211738,1578235799999.0,462751.02665363,725.0,32.244319,239853.04515108,0.0,BTCUSDT
2020-01-05 14:50:00,7438.27,7441.91,7435.25,7436.55,72.992979,1578236099999.0,543028.91600337,748.0,43.803587,325877.21288788,0.0,BTCUSDT
2020-01-05 14:55:00,7436.55,7440.17,7431.01,7431.82,131.581266,1578236399999.0,978606.56697637,1321.0,66.988721,498230.07209115,0.0,BTCUSDT
2020-01-05 15:00:00,7431.71,7436.17,7430.99,7433.17,70.804328,1578236699999.0,526306.3524905,1042.0,26.456258,196663.42140838,0.0,BTCUSDT
2020-01-05 15:05:00,7433.15,7443.2,7431.33,7442.72,80.51002,1578236999999.0,598896.64640443,780.0,40.025567,297784.00918199,0.0,BTCUSDT
2020-01-05 15:10:00,7442.82,7444.81,7439.61,7444.81,60.643676,1578237299999.0,451381.92741565,747.0,41.067675,305676.30223766,0.0,BTCUSDT
2020-01-05 15:15:00,7444.81,7452.2,7444.76,7444.85,107.268007,1578237599999.0,799003.58339223,1115.0,53.083935,395408.49420164,0.0,BTCUSDT
2020-01-05 15:20:00,7445.9,7451.53,7441.08,7450.33,89.331127,1578237899999.0,665247.72277936,1218.0,38.658082,287875.55875927,0.0,BTCUSDT
2020-01-05 15:25:00,7450.38,7466.54,7449.64,7458.54,235.951818,1578238199999.0,1759908.73352314,2384.0,107.436278,801379.37492648,0.0,BTCUSDT
2020-01-05 15:30:00,7458.54,7468.17,7451.39,7463.67,188.617599,1578238499999.0,1407211.11866449,2020.0,105.143751,784549.12392197,0.0,BTCUSDT
2020-01-05 15:35:00,7464.47,7476.31,7460.0,7460.0,276.29948,1578238799999.0,2063901.07631273,2641.0,164.042481,1225380.06937687,0.0,BTCUSDT
2020-01-05 15:40:00,7460.01,7463.58,7441.37,7447.81,195.989033,1578239099999.0,1460347.49616317,2177.0,89.223453,664806.52035718,0.0,BTCUSDT
2020-01-05 15:45:00,7447.41,7464.7,7447.41,7462.55,189.533009,1578239399999.0,1413680.03546773,1742.0,84.652432,631425.05643618,0.0,BTCUSDT
2020-01-05 15:50:00,7462.81,7464.91,7455.89,7460.56,190.398639,1578239699999.0,1420264.58066031,1684.0,80.115941,597664.89567615,0.0,BTCUSDT
2020-01-05 15:55:00,7460.56,7469.64,7460.0,7468.42,154.641782,1578239999999.0,1154334.94635208,1156.0,80.401523,600156.27178833,0.0,BTCUSDT
2020-01-05 16:00:00,7467.91,7481.96,7459.28,7473.73,244.085485,1578240299999.0,1823620.82716986,2390.0,119.705347,894479.52578068,0.0,BTCUSDT
2020-01-05 16:05:00,7474.77,7474.83,7455.48,7463.31,158.97561,1578240599999.0,1186594.81173,1346.0,89.067531,664809.1286612,0.0,BTCUSDT
2020-01-05 16:10:00,7462.73,7465.98,7456.23,7460.2,117.130973,1578240899999.0,874030.08657701,988.0,57.633567,430087.87793527,0.0,BTCUSDT
2020-01-05 16:15:00,7461.5,7471.99,7460.22,7466.72,90.753596,1578241199999.0,677643.80991262,1000.0,56.198337,419637.28323073,0.0,BTCUSDT
2020-01-05 16:20:00,7466.72,7473.44,7462.49,7471.31,150.909341,1578241499999.0,1127117.14123012,1213.0,85.757301,640518.16893199,0.0,BTCUSDT
2020-01-05 16:25:00,7471.37,7475.96,7468.21,7473.36,158.770542,1578241799999.0,1186462.25306161,1412.0,95.530243,713889.04032314,0.0,BTCUSDT
2020-01-05 16:30:00,7474.1,7484.0,7462.02,7467.0,237.117984,1578242099999.0,1772151.12691265,2230.0,123.136776,920311.75342383,0.0,BTCUSDT
2020-01-05 16:35:00,7467.2,7479.44,7467.14,7470.01,181.218022,1578242399999.0,1354488.3516224,1244.0,59.463004,444425.44391326,0.0,BTCUSDT
2020-01-05 16:40:00,7470.05,7472.17,7462.32,7462.44,87.46996,1578242699999.0,653287.62740782,756.0,34.181644,255296.97003219,0.0,BTCUSDT
2020-01-05 16:45:00,7462.35,7471.88,7462.0,7464.49,88.911422,1578242999999.0,663970.79407878,783.0,38.989516,291176.626888,0.0,BTCUSDT
2020-01-05 16:50:00,7464.1,7465.15,7455.0,7455.01,141.182027,1578243299999.0,1053158.39033487,1181.0,58.101306,433424.05760315,0.0,BTCUSDT
2020-01-05 16:55:00,7455.02,7464.17,7450.0,7461.38,107.837547,1578243599999.0,803957.66868843,1131.0,60.065563,447801.071901,0.0,BTCUSDT
2020-01-05 17:00:00,7461.26,7461.27,7445.15,7447.67,124.851939,1578243899999.0,930519.27101875,983.0,42.421908,316154.0919895,0.0,BTCUSDT
2020-01-05 17:05:00,7447.82,7456.75,7447.82,7456.63,76.158796,1578244199999.0,567601.71737613,1020.0,53.841643,401270.60855271,0.0,BTCUSDT
2020-01-05 17:10:00,7456.63,7459.72,7452.83,7458.09,102.764242,1578244499999.0,766295.63229596,1377.0,66.499351,495872.0654397,0.0,BTCUSDT
2020-01-05 17:15:00,7458.08,7462.99,7454.77,7462.43,84.974705,1578244799999.0,633720.20348192,1012.0,49.589864,369849.47804971,0.0,BTCUSDT
2020-01-05 17:20:00,7462.67,7470.0,7461.75,7464.14,76.949477,1578245099999.0,574432.28941059,932.0,43.217524,322629.97586491,0.0,BTCUSDT
2020-01-05 17:25:00,7463.98,7470.0,7463.71,7466.6,89.28761,1578245399999.0,666763.55934982,922.0,30.972187,231280.77611447,0.0,BTCUSDT
2020-01-05 17:30:00,7466.63,7468.73,7458.24,7459.86,75.005558,1578245699999.0,559861.0987975,913.0,31.031896,231635.44422054,0.0,BTCUSDT
2020-01-05 17:35:00,7459.86,7467.3,7459.35,7467.3,44.037229,1578245999999.0,328668.12754339,656.0,28.184077,210355.48282215,0.0,BTCUSDT
2020-01-05 17:40:00,7466.97,7470.76,7461.51,7462.06,65.332994,1578246299999.0,487857.62420581,695.0,29.799808,222511.40117809,0.0,BTCUSDT
2020-01-05 17:45:00,7462.09,7469.42,7462.09,7467.92,58.281014,1578246599999.0,435161.62531904,745.0,22.940588,171289.52912568,0.0,BTCUSDT
2020-01-05 17:50:00,7467.5,7467.95,7459.0,7463.83,59.211357,1578246899999.0,441892.34551952,773.0,38.426598,286769.75850858,0.0,BTCUSDT
2020-01-05 17:55:00,7463.97,7465.81,7460.01,7464.65,47.420955,1578247199999.0,353906.64803137,602.0,26.213489,195636.89746862,0.0,BTCUSDT
2020-01-05 18:00:00,7464.62,7468.87,7454.9,7455.67,89.925677,1578247499999.0,670976.18105093,1040.0,30.931836,230774.00220815,0.0,BTCUSDT
2020-01-05 18:05:00,7455.69,7459.13,7454.9,7457.99,42.020958,1578247799999.0,313334.89261374,675.0,19.984605,149026.39690713,0.0,BTCUSDT
2020-01-05 18:10:00,7458.0,7458.0,7452.51,7454.57,38.989276,1578248099999.0,290641.54461213,558.0,18.436376,137439.01319557,0.0,BTCUSDT
2020-01-05 18:15:00,7453.82,7455.0,7440.07,7445.2,136.424582,1578248399999.0,1015964.27142025,1369.0,55.171354,410824.70980711,0.0,BTCUSDT
2020-01-05 18:20:00,7446.06,7457.96,7443.75,7453.13,96.79255,1578248699999.0,721357.71483946,1261.0,57.43164,428005.89420699,0.0,BTCUSDT
2020-01-05 18:25:00,7451.51,7452.64,7439.37,7439.37,79.176366,1578248999999.0,589615.33658916,709.0,31.597227,235326.51745657,0.0,BTCUSDT
2020-01-05 18:30:00,7439.42,7446.76,7437.47,7438.58,96.524866,1578249299999.0,718440.63458543,1092.0,50.761623,377838.61078987,0.0,BTCUSDT
2020-01-05 18:35:00,7438.41,7438.41,7421.77,7427.41,302.450203,1578249599999.0,2247119.7343712,2156.0,139.614493,1037238.82000267,0.0,BTCUSDT
2020-01-05 18:40:00,7428.22,7436.23,7425.79,7435.13,108.323548,1578249899999.0,804942.47042139,1179.0,62.993864,468134.19307702,0.0,BTCUSDT
2020-01-05 18:45:00,7435.12,7442.34,7435.04,7438.45,97.656544,1578250199999.0,726477.49467255,981.0,58.122667,432367.00216307,0.0,BTCUSDT
2020-01-05 18:50:00,7438.44,7439.54,7430.91,7432.84,73.718232,1578250499999.0,548066.6044778,755.0,27.621196,205344.26878406,0.0,BTCUSDT
2020-01-05 18:55:00,7432.8,7441.43,7430.0,7438.72,64.757442,1578250799999.0,481583.34029132,716.0,42.200945,313861.04737455,0.0,BTCUSDT
2020-01-05 19:00:00,7439.02,7439.49,7428.08,7431.67,78.744782,1578251099999.0,585330.71584413,872.0,30.941217,230007.04805814,0.0,BTCUSDT
2020-01-05 19:05:00,7431.7,7438.55,7427.1,7434.55,98.074858,1578251399999.0,728939.48143652,716.0,50.63092,376243.98903093,0.0,BTCUSDT
2020-01-05 19:10:00,7434.54,7444.64,7432.91,7444.34,151.185998,1578251699999.0,1124870.91944134,1194.0,84.134838,626062.27734792,0.0,BTCUSDT
2020-01-05 19:15:00,7443.8,7445.81,7436.74,7436.74,104.265221,1578251999999.0,776018.57128803,1120.0,60.129893,447563.39653232,0.0,BTCUSDT
2020-01-05 19:20:00,7437.47,7442.88,7437.47,7442.0,54.289545,1578252299999.0,403935.66154003,814.0,27.292933,203076.26675576,0.0,BTCUSDT
2020-01-05 19:25:00,7442.09,7449.69,7441.4,7449.0,69.713672,1578252599999.0,519113.57511792,753.0,45.157825,336291.08850711,0.0,BTCUSDT
2020-01-05 19:30:00,7449.01,7449.01,7439.36,7440.87,70.449624,1578252899999.0,524401.16019128,621.0,37.619279,280028.96067014,0.0,BTCUSDT
2020-01-05 19:35:00,7441.36,7445.0,7436.48,7444.0,71.976531,1578253199999.0,535592.15370737,925.0,27.765138,206606.8862889,0.0,BTCUSDT
2020-01-05 19:40:00,7444.0,7448.0,7440.2,7446.6,43.351468,1578253499999.0,322764.9905638,641.0,27.042913,201345.53556713,0.0,BTCUSDT
2020-01-05 19:45:00,7446.6,7448.0,7438.87,7439.49,51.107062,1578253799999.0,380485.55398083,779.0,19.553563,145590.9538047,0.0,BTCUSDT
2020-01-05 19:50:00,7439.47,7444.86,7434.77,7438.55,94.56655,1578254099999.0,703530.20507905,777.0,28.006527,208423.98621799,0.0,BTCUSDT
2020-01-05 19:55:00,7438.28,7448.99,7437.22,7444.14,64.650669,1578254399999.0,481245.45951448,814.0,33.556753,249807.266428,0.0,BTCUSDT
2020-01-05 20:00:00,7444.71,7445.0,7431.0,7434.95,63.046982,1578254699999.0,468778.42134207,917.0,41.237177,306632.15875678,0.0,BTCUSDT
2020-01-05 20:05:00,7435.28,7440.71,7434.88,7438.99,73.533695,1578254999999.0,546874.30772274,832.0,49.142732,365489.27240065,0.0,BTCUSDT
2020-01-05 20:10:00,7438.99,7441.72,7438.69,7440.82,39.394718,1578255299999.0,293123.36976956,459.0,26.709478,198736.68603541,0.0,BTCUSDT
2020-01-05 20:15:00,7440.91,7440.92,7431.0,7433.49,55.900106,1578255599999.0,415653.2634673,536.0,12.450743,92583.94150943,0.0,BTCUSDT
2020-01-05 20:20:00,7432.95,7439.73,7432.95,7436.17,54.412995,1578255899999.0,404598.19697484,494.0,37.199125,276594.64344547,0.0,BTCUSDT
2020-01-05 20:25:00,7436.17,7437.19,7428.34,7430.82,97.283981,1578256199999.0,723139.74910365,670.0,18.962345,140979.68695466,0.0,BTCUSDT
2020-01-05 20:30:00,7430.69,7436.0,7426.0,7433.43,68.159792,1578256499999.0,506487.07753982,784.0,37.514376,278778.58532879,0.0,BTCUSDT
2020-01-05 20:35:00,7433.2,7437.94,7432.9,7435.46,59.915237,1578256799999.0,445437.05537534,561.0,32.016189,238031.97322123,0.0,BTCUSDT
2020-01-05 20:40:00,7435.42,7438.5,7431.22,7434.47,45.569192,1578257099999.0,338822.92957005,559.0,24.748952,184030.144201,0.0,BTCUSDT
2020-01-05 20:45:00,7434.33,7439.0,7432.76,7438.42,32.9736,1578257399999.0,245184.3830018,390.0,18.648122,138668.67204261,0.0,BTCUSDT
2020-01-05 20:50:00,7438.42,7439.98,7434.66,7435.74,39.120777,1578257699999.0,290984.06933307,549.0,15.560011,115745.19820179,0.0,BTCUSDT
2020-01-05 20:55:00,7435.64,7436.44,7430.3,7431.6,58.460348,1578257999999.0,434550.14163527,684.0,24.193352,179834.91190405,0.0,BTCUSDT
2020-01-05 21:00:00,7431.01,7431.53,7406.55,7418.38,339.088343,1578258299999.0,2514841.93083533,2541.0,138.208094,1025055.41052206,0.0,BTCUSDT
2020-01-05 21:05:00,7418.07,7426.14,7414.77,7423.26,124.614122,1578258599999.0,924649.16588651,860.0,56.168282,416805.05818697,0.0,BTCUSDT
2020-01-05 21:10:00,7423.05,7425.16,7412.02,7415.11,67.694427,1578258899999.0,502190.06183991,638.0,31.942354,236980.14188702,0.0,BTCUSDT
2020-01-05 21:15:00,7414.58,7420.42,7411.17,7411.42,45.855565,1578259199999.0,340001.80815199,615.0,22.062826,163593.01731802,0.0,BTCUSDT
2020-01-05 21:20:00,7411.24,7418.73,7407.17,7418.73,115.052109,1578259499999.0,852844.74134744,890.0,44.935044,333106.78239469,0.0,BTCUSDT
2020-01-05 21:25:00,7418.37,7418.43,7408.61,7409.32,63.05649,1578259799999.0,467427.94113478,572.0,20.673615,153246.41043605,0.0,BTCUSDT
2020-01-05 21:30:00,7409.31,7409.92,7361.01,7394.04,739.735184,1578260099999.0,5463929.06196126,5821.0,284.143121,2098486.9640202,0.0,BTCUSDT
2020-01-05 21:35:00,7394.29,7397.18,7382.63,7388.81,162.773984,1578260399999.0,1203060.41533718,1362.0,95.280835,704288.06075776,0.0,BTCUSDT
2020-01-05 21:40:00,7388.53,7388.86,7380.03,7387.96,81.136071,1578260699999.0,599237.0154135,862.0,45.893472,338970.14496393,0.0,BTCUSDT
2020-01-05 21:45:00,7387.9,7395.3,7386.62,7392.66,167.99014,1578260999999.0,1241694.0123771,968.0,72.357598,534748.1027857,0.0,BTCUSDT
2020-01-05 21:50:00,7393.62,7393.67,7370.0,7372.26,126.521817,1578261299999.0,934262.63191422,1083.0,40.237242,297162.9359308,0.0,BTCUSDT
2020-01-05 21:55:00,7371.03,7388.37,7367.62,7368.52,191.676106,1578261599999.0,1414068.64755534,1553.0,85.231548,628913.26995871,0.0,BTCUSDT
2020-01-05 22:00:00,7367.62,7380.39,7362.54,7379.94,205.550669,1578261899999.0,1515354.92519831,1660.0,111.033508,818690.91314685,0.0,BTCUSDT
2020-01-05 22:05:00,7379.11,7383.47,7377.0,7382.62,80.771083,1578262199999.0,596135.76463937,827.0,43.671519,322325.391453,0.0,BTCUSDT
2020-01-05 22:10:00,7382.7,7385.65,7380.83,7384.94,72.762276,1578262499999.0,537183.27114177,726.0,44.495867,328509.62278898,0.0,BTCUSDT
2020-01-05 22:15:00,7384.94,7385.39,7362.57,7367.84,128.970618,1578262799999.0,950887.77292775,1315.0,63.298428,466697.43198138,0.0,BTCUSDT
2020-01-05 22:20:00,7368.09,7368.09,7318.0,7346.01,873.328474,1578263099999.0,6410195.52867192,5903.0,273.873974,2010511.13234683,0.0,BTCUSDT
2020-01-05 22:25:00,7347.47,7347.84,7327.69,7337.89,211.564698,1578263399999.0,1552225.44439672,1903.0,100.339624,736223.20419787,0.0,BTCUSDT
2020-01-05 22:30:00,7338.9,7349.89,7332.5,7338.26,136.063851,1578263699999.0,998796.28419995,1600.0,84.922546,623436.49505252,0.0,BTCUSDT
2020-01-05 22:35:00,7338.65,7340.77,7326.2,7340.0,115.402791,1578263999999.0,846619.40626096,1020.0,36.19089,265588.69352929,0.0,BTCUSDT
2020-01-05 22:40:00,7340.0,7351.86,7339.5,7351.4,98.138792,1578264299999.0,721111.2489048,928.0,62.219582,457193.98181955,0.0,BTCUSDT
2020-01-05 22:45:00,7351.15,7358.53,7340.82,7358.28,124.104958,1578264599999.0,911998.42039298,1070.0,72.575585,533401.14670975,0.0,BTCUSDT
2020-01-05 22:50:00,7357.97,7363.55,7349.86,7355.97,150.296164,1578264899999.0,1105462.97088043,1134.0,78.93434,580530.66311334,0.0,BTCUSDT
2020-01-05 22:55:00,7355.98,7355.98,7350.47,7355.73,52.631663,1578265199999.0,387034.53960692,681.0,34.627682,254645.91504159,0.0,BTCUSDT
2020-01-05 23:00:00,7355.73,7360.06,7348.32,7358.42,77.65649,1578265499999.0,570994.30272638,909.0,42.759742,314431.5562849,0.0,BTCUSDT
2020-01-05 23:05:00,7358.75,7359.12,7350.45,7351.16,82.471269,1578265799999.0,606515.96840805,907.0,46.63256,342959.51347004,0.0,BTCUSDT
2020-01-05 23:10:00,7351.71,7352.62,7325.21,7340.01,265.212235,1578266099999.0,1945683.26390211,2211.0,68.061459,499315.28549069,0.0,BTCUSDT
2020-01-05 23:15:00,7340.01,7350.85,7321.0,7349.87,222.188469,1578266399999.0,1629099.75810736,1857.0,101.848877,746906.36768631,0.0,BTCUSDT
2020-01-05 23:20:00,7350.78,7354.73,7345.0,7346.73,108.213125,1578266699999.0,795263.58045001,1015.0,60.510145,444729.99257078,0.0,BTCUSDT
2020-01-05 23:25:00,7345.96,7354.73,7345.95,7349.19,88.020158,1578266999999.0,647031.61217381,830.0,51.605985,379366.56081684,0.0,BTCUSDT
2020-01-05 23:30:00,7349.19,7363.35,7349.19,7362.65,102.140147,1578267299999.0,751751.00134412,752.0,55.936255,411671.94522954,0.0,BTCUSDT
2020-01-05 23:35:00,7362.65,7362.66,7351.09,7356.73,99.249518,1578267599999.0,730326.94137029,811.0,42.07598,309616.71073512,0.0,BTCUSDT
2020-01-05 23:40:00,7356.28,7362.5,7350.13,7356.54,76.172343,1578267899999.0,560365.9093652,752.0,43.470267,319790.25105768,0.0,BTCUSDT
2020-01-05 23:45:00,7355.8,7356.61,7345.0,7345.11,128.816806,1578268199999.0,946760.06445773,844.0,48.666715,357665.32907877,0.0,BTCUSDT
2020-01-05 23:50:00,7345.85,7351.0,7342.97,7350.82,70.666443,1578268499999.0,519201.49302493,714.0,39.172487,287819.71797892,0.0,BTCUSDT
2020-01-05 23:55:00,7350.15,7362.95,7347.5,7358.75,67.610717,1578268799999.0,497366.74899086,715.0,35.735504,262849.85798358,0.0,BTCUSDT
2020-01-06 00:00:00,7357.64,7359.38,7346.76,7358.28,162.294247,1578269099999.0,1193129.22050156,977.0,108.542555,797907.48423463,0.0,BTCUSDT
2020-01-06 00:05:00,7359.08,7361.58,7353.54,7359.08,90.404589,1578269399999.0,665183.63328716,838.0,39.580373,291221.10694438,0.0,BTCUSDT
2020-01-06 00:10:00,7359.14,7373.96,7357.18,7368.35,182.280259,1578269699999.0,1342738.23819102,1032.0,111.279413,819651.12401937,0.0,BTCUSDT
2020-01-06 00:15:00,7367.29,7369.44,7352.41,7358.15,109.457974,1578269999999.0,805816.98966147,955.0,62.439351,459740.14287402,0.0,BTCUSDT
2020-01-06 00:20:00,7359.31,7370.0,7352.55,7362.2,130.494767,1578270299999.0,960895.79654079,825.0,58.849877,433266.78275052,0.0,BTCUSDT
2020-01-06 00:25:00,7363.27,7367.97,7352.68,7358.99,110.801739,1578270599999.0,815252.92339179,971.0,67.794863,498803.68411446,0.0,BTCUSDT
2020-01-06 00:30:00,7358.76,7362.71,7350.09,7361.39,59.787698,1578270899999.0,439730.6663151,624.0,29.377309,216086.64020688,0.0,BTCUSDT
2020-01-06 00:35:00,7360.88,7369.99,7359.96,7366.45,93.23045,1578271199999.0,686606.99790406,681.0,47.181622,347458.80383655,0.0,BTCUSDT
2020-01-06 00:40:00,7366.43,7371.74,7365.0,7368.2,70.947989,1578271499999.0,522820.43311884,645.0,28.277956,208375.01127987,0.0,BTCUSDT
2020-01-06 00:45:00,7368.2,7373.0,7362.02,7365.44,124.865733,1578271799999.0,919928.91257195,764.0,45.508246,335368.05141887,0.0,BTCUSDT
2020-01-06 00:50:00,7366.12,7381.68,7365.72,7376.51,125.141793,1578272099999.0,922893.5877172,959.0,77.129413,568798.24580166,0.0,BTCUSDT
2020-01-06 00:55:00,7377.42,7384.72,7373.46,7378.75,99.160549,1578272399999.0,731653.07599642,1128.0,36.222997,267280.6629505,0.0,BTCUSDT
2020-01-06 01:00:00,7378.97,7392.83,7373.49,7380.76,223.878557,1578272699999.0,1652516.24008779,1449.0,119.040262,878513.25314667,0.0,BTCUSDT
2020-01-06 01:05:00,7380.76,7387.11,7372.08,7374.2,140.099708,1578272999999.0,1033696.70087014,1433.0,72.07699,531834.58938913,0.0,BTCUSDT
2020-01-06 01:10:00,7374.2,7379.37,7368.55,7374.45,71.260037,1578273299999.0,525480.4944258,866.0,33.580502,247656.13118822,0.0,BTCUSDT
2020-01-06 01:15:00,7374.92,7379.66,7370.0,7377.0,57.316934,1578273599999.0,422683.24341858,743.0,32.333977,238452.20369302,0.0,BTCUSDT
2020-01-06 01:20:00,7376.99,7387.19,7371.0,7386.0,76.828102,1578273899999.0,567024.3959088,735.0,41.594709,306995.2185988,0.0,BTCUSDT
2020-01-06 01:25:00,7386.0,7389.47,7369.18,7378.28,100.516306,1578274199999.0,741603.5208397,974.0,47.986102,354047.66563572,0.0,BTCUSDT
2020-01-06 01:30:00,7376.58,7387.0,7371.26,7387.0,62.538461,1578274499999.0,461347.13189516,719.0,38.090441,281001.5752298,0.0,BTCUSDT
2020-01-06 01:35:00,7386.96,7390.0,7378.94,7379.99,87.339614,1578274799999.0,645035.89834937,843.0,29.489983,217795.15929374,0.0,BTCUSDT
2020-01-06 01:40:00,7379.99,7390.7,7379.73,7387.6,82.466642,1578275099999.0,609042.00043154,971.0,40.556132,299522.81902831,0.0,BTCUSDT
2020-01-06 01:45:00,7387.6,7395.15,7386.39,7395.15,182.973685,1578275399999.0,1352440.39975535,1304.0,117.724701,870146.87322961,0.0,BTCUSDT
2020-01-06 01:50:00,7395.15,7407.99,7395.0,7398.69,303.660948,1578275699999.0,2247340.00695978,1793.0,211.463953,1565011.96712377,0.0,BTCUSDT
2020-01-06 01:55:00,7398.56,7426.82,7397.35,7423.5,241.348547,1578275999999.0,1789856.4556566,2269.0,133.285812,988181.9014818,0.0,BTCUSDT
2020-01-06 02:00:00,7423.06,7481.41,7421.64,7479.05,657.978065,1578276299999.0,4899745.11914363,4851.0,459.727831,3424091.79498172,0.0,BTCUSDT
2020-01-06 02:05:00,7479.14,7536.0,7458.0,7514.67,1577.991107,1578276599999.0,11835054.14851906,9220.0,927.221139,6952609.47691173,0.0,BTCUSDT
2020-01-06 02:10:00,7514.66,7525.82,7480.0,7480.5,627.606057,1578276899999.0,4708086.35201188,4510.0,286.79658,2152279.56808678,0.0,BTCUSDT
2020-01-06 02:15:00,7480.13,7503.51,7480.11,7493.51,261.48463,1578277199999.0,1958929.69502745,2026.0,131.710128,986908.1994722,0.0,BTCUSDT
2020-01-06 02:20:00,7493.71,7513.74,7490.89,7512.02,267.595755,1578277499999.0,2008077.66460326,2094.0,148.753757,1116250.96339433,0.0,BTCUSDT
2020-01-06 02:25:00,7512.8,7516.42,7495.0,7512.88,254.892694,1578277799999.0,1913504.23773947,1725.0,117.57639,882547.31646554,0.0,BTCUSDT
2020-01-06 02:30:00,7513.11,7516.55,7492.0,7492.5,221.216168,1578278099999.0,1659497.15532013,1470.0,101.293735,759915.65544322,0.0,BTCUSDT
2020-01-06 02:35:00,7492.21,7505.05,7490.66,7504.65,175.523413,1578278399999.0,1315837.44290407,1399.0,87.920265,659128.88351098,0.0,BTCUSDT
2020-01-06 02:40:00,7505.05,7506.42,7495.0,7497.81,123.333383,1578278699999.0,925035.12516185,1103.0,71.225901,534229.4064516,0.0,BTCUSDT
2020-01-06 02:45:00,7498.04,7514.98,7496.26,7509.67,214.176048,1578278999999.0,1608314.81515101,1672.0,122.422012,919264.02475469,0.0,BTCUSDT
2020-01-06 02:50:00,7510.42,7523.49,7507.0,7519.74,464.347457,1578279299999.0,3489132.60904801,1650.0,402.427667,3023878.79741997,0.0,BTCUSDT
2020-01-06 02:55:00,7519.73,7562.0,7517.66,7551.44,973.112195,1578279599999.0,7342494.74227255,6536.0,545.103223,4113305.58582022,0.0,BTCUSDT
2020-01-06 03:00:00,7551.47,7580.0,7530.0,7555.24,1268.971968,1578279899999.0,9591921.69630257,6652.0,511.887209,3870522.09694919,0.0,BTCUSDT
2020-01-06 03:05:00,7555.71,7557.7,7516.02,7525.33,770.400246,1578280199999.0,5804287.85877774,4077.0,288.59548,2173814.26626068,0.0,BTCUSDT
2020-01-06 03:10:00,7525.36,7541.85,7486.85,7533.13,1037.826031,1578280499999.0,7799067.70414447,5898.0,497.606831,3740205.34981491,0.0,BTCUSDT
2020-01-06 03:15:00,7533.53,7539.18,7521.46,7537.05,410.47285,1578280799999.0,3090925.18930477,2225.0,226.785886,1707724.73914898,0.0,BTCUSDT
2020-01-06 03:20:00,7536.9,7536.9,7514.01,7515.04,258.785747,1578281099999.0,1947697.65918202,1527.0,149.548011,1125498.82238638,0.0,BTCUSDT
2020-01-06 03:25:00,7515.43,7526.47,7515.43,7520.96,150.25144,1578281399999.0,1130227.35700538,969.0,64.342054,483978.00420339,0.0,BTCUSDT
2020-01-06 03:30:00,7521.15,7533.46,7517.0,7526.45,192.85243,1578281699999.0,1450977.1944043,1225.0,94.938034,714344.82540282,0.0,BTCUSDT
2020-01-06 03:35:00,7526.39,7531.0,7525.01,7529.09,125.679892,1578281999999.0,946144.71540495,859.0,59.993037,451656.05195199,0.0,BTCUSDT
2020-01-06 03:40:00,7528.78,7531.8,7520.94,7527.69,104.39336,1578282299999.0,785732.5538286,808.0,62.682487,471783.47029096,0.0,BTCUSDT
2020-01-06 03:45:00,7527.69,7531.75,7520.93,7530.94,113.60589,1578282599999.0,854905.57713592,870.0,66.875918,503253.28056603,0.0,BTCUSDT
2020-01-06 03:50:00,7530.96,7540.0,7530.65,7535.72,149.277057,1578282899999.0,1125103.73155872,1243.0,85.129069,641625.09649884,0.0,BTCUSDT
2020-01-06 03:55:00,7534.61,7545.23,7528.36,7540.9,187.389445,1578283199999.0,1412697.13145103,1464.0,113.736755,857451.77041861,0.0,BTCUSDT
2020-01-06 04:00:00,7540.9,7550.0,7535.89,7548.74,235.550579,1578283499999.0,1777416.39401503,1612.0,132.45356,999458.05088223,0.0,BTCUSDT
2020-01-06 04:05:00,7548.32,7554.61,7536.25,7545.0,183.637077,1578283799999.0,1385708.1595905,1396.0,92.431163,697557.53715055,0.0,BTCUSDT
2020-01-06 04:10:00,7544.99,7545.02,7525.76,7535.16,138.254621,1578284099999.0,1041670.33887378,1107.0,58.016938,437166.96118229,0.0,BTCUSDT
2020-01-06 04:15:00,7535.27,7537.46,7517.02,7528.45,133.328708,1578284399999.0,1003695.13119443,1396.0,67.981204,511800.25568764,0.0,BTCUSDT
2020-01-06 04:20:00,7528.36,7528.77,7518.73,7526.63,161.31312,1578284699999.0,1213325.03616731,949.0,122.606658,922161.50258992,0.0,BTCUSDT
2020-01-06 04:25:00,7526.63,7526.63,7518.0,7518.8,100.004707,1578284999999.0,752539.07418332,999.0,71.943991,541425.71600028,0.0,BTCUSDT
2020-01-06 04:30:00,7518.79,7525.0,7516.06,7520.83,124.596387,1578285299999.0,937050.15741637,1118.0,65.473349,492401.82474911,0.0,BTCUSDT
2020-01-06 04:35:00,7520.95,7524.97,7516.43,7521.94,69.222143,1578285599999.0,520696.98915408,780.0,46.979738,353399.47634508,0.0,BTCUSDT
2020-01-06 04:40:00,7521.91,7529.87,7521.78,7528.24,68.208975,1578285899999.0,513350.4889556,912.0,52.808775,397447.95663625,0.0,BTCUSDT
2020-01-06 04:45:00,7528.24,7540.17,7527.09,7538.19,82.917889,1578286199999.0,624720.16165648,1067.0,37.529815,282783.465401,0.0,BTCUSDT
2020-01-06 04:50:00,7538.2,7543.7,7529.76,7531.57,194.717546,1578286499999.0,1467763.93628488,1275.0,78.530143,591903.76300949,0.0,BTCUSDT
2020-01-06 04:55:00,7531.57,7532.48,7524.18,7529.52,62.830709,1578286799999.0,473007.95440317,864.0,27.599611,207776.0688948,0.0,BTCUSDT
2020-01-06 05:00:00,7529.52,7537.52,7527.44,7533.2,98.835282,1578287099999.0,744420.84895085,896.0,67.383143,507531.40739158,0.0,BTCUSDT
2020-01-06 05:05:00,7533.19,7541.55,7531.93,7536.07,76.297698,1578287399999.0,575099.60270622,771.0,33.662787,253740.41747705,0.0,BTCUSDT
2020-01-06 05:10:00,7535.63,7536.68,7520.0,7523.85,117.710013,1578287699999.0,885799.7663673,1204.0,64.654757,486493.62681925,0.0,BTCUSDT
2020-01-06 05:15:00,7523.86,7527.53,7517.29,7518.18,63.912036,1578287999999.0,480797.13967938,837.0,31.468038,236759.48752195,0.0,BTCUSDT
2020-01-06 05:20:00,7518.18,7524.13,7509.2,7511.49,160.036276,1578288299999.0,1202630.01880766,1110.0,90.399214,679222.10176703,0.0,BTCUSDT
2020-01-06 05:25:00,7510.74,7517.74,7504.6,7513.26,139.739764,1578288599999.0,1049662.54297606,1319.0,61.659251,463189.61230168,0.0,BTCUSDT
2020-01-06 05:30:00,7513.21,7517.63,7498.45,7498.79,137.371947,1578288899999.0,1031083.90846699,1175.0,58.365249,438204.8648828,0.0,BTCUSDT
2020-01-06 05:35:00,7498.5,7509.66,7496.9,7498.41,119.047482,1578289199999.0,893042.26993399,1181.0,53.406821,400652.81032187,0.0,BTCUSDT
2020-01-06 05:40:00,7498.21,7511.71,7496.0,7508.33,111.944783,1578289499999.0,839931.33759563,1039.0,83.56307,626961.36949941,0.0,BTCUSDT
2020-01-06 05:45:00,7508.34,7514.02,7507.96,7510.87,60.266383,1578289799999.0,452659.71663364,794.0,28.414961,213429.2047219,0.0,BTCUSDT
2020-01-06 05:50:00,7510.87,7525.0,7510.0,7522.97,133.371677,1578290099999.0,1002567.17243051,883.0,87.741645,659643.33630188,0.0,BTCUSDT
2020-01-06 05:55:00,7522.14,7540.15,7522.14,7532.85,254.386589,1578290399999.0,1915937.68917523,1559.0,142.965467,1076645.63077001,0.0,BTCUSDT
2020-01-06 06:00:00,7532.85,7537.53,7525.0,7529.31,70.96598,1578290699999.0,534310.50560252,954.0,28.147921,211951.53436987,0.0,BTCUSDT
2020-01-06 06:05:00,7529.41,7535.18,7525.17,7527.81,111.80378,1578290999999.0,841796.19975946,1102.0,49.582235,373313.73616879,0.0,BTCUSDT
2020-01-06 06:10:00,7527.83,7535.0,7525.0,7527.48,104.345707,1578291299999.0,785696.58509659,898.0,35.088064,264180.54597727,0.0,BTCUSDT
2020-01-06 06:15:00,7527.48,7527.7,7510.99,7520.85,124.141205,1578291599999.0,933518.31562231,1021.0,64.677217,486281.46495163,0.0,BTCUSDT
2020-01-06 06:20:00,7521.42,7522.03,7511.69,7517.52,50.971554,1578291899999.0,383197.85865942,620.0,24.042626,180753.83452655,0.0,BTCUSDT
2020-01-06 06:25:00,7517.77,7519.04,7515.0,7518.01,39.239326,1578292199999.0,294962.11055775,563.0,25.198603,189424.54842791,0.0,BTCUSDT
2020-01-06 06:30:00,7518.02,7527.43,7516.08,7526.56,86.588858,1578292499999.0,651346.17438773,829.0,61.426618,462054.22967382,0.0,BTCUSDT
2020-01-06 06:35:00,7526.79,7527.34,7518.08,7518.17,60.827657,1578292799999.0,457650.40987406,767.0,34.46865,259357.15658573,0.0,BTCUSDT
2020-01-06 06:40:00,7518.19,7526.44,7516.0,7522.0,74.58398,1578293099999.0,561002.70565664,704.0,36.011487,270875.45383651,0.0,BTCUSDT
2020-01-06 06:45:00,7522.39,7523.43,7512.95,7516.31,64.336333,1578293399999.0,483630.7749259,760.0,33.036604,248365.68012809,0.0,BTCUSDT
2020-01-06 06:50:00,7517.24,7519.76,7513.0,7516.27,47.083797,1578293699999.0,353835.5397835,613.0,13.76658,103460.81619975,0.0,BTCUSDT
2020-01-06 06:55:00,7516.28,7520.0,7512.93,7520.0,38.441193,1578293999999.0,288960.98648424,676.0,26.360827,198156.86681212,0.0,BTCUSDT
2020-01-06 07:00:00,7520.0,7526.55,7520.0,7524.83,74.525749,1578294299999.0,560712.9657273,876.0,33.186506,249679.84398503,0.0,BTCUSDT
2020-01-06 07:05:00,7525.05,7527.27,7521.73,7526.54,40.975003,1578294599999.0,308318.79302725,549.0,29.572656,222515.35437429,0.0,BTCUSDT
2020-01-06 07:10:00,7526.53,7527.26,7521.04,7521.99,80.638634,1578294899999.0,606695.8287184,880.0,39.371786,296224.13111172,0.0,BTCUSDT
2020-01-06 07:15:00,7521.98,7526.6,7520.0,7520.7,64.384386,1578295199999.0,484361.93466282,658.0,30.540355,229770.58934001,0.0,BTCUSDT
2020-01-06 07:20:00,7520.77,7527.21,7520.35,7520.9,47.477454,1578295499999.0,357186.50730099,686.0,27.014297,203238.56788006,0.0,BTCUSDT
2020-01-06 07:25:00,7520.74,7522.55,7516.82,7520.1,98.615992,1578295799999.0,741568.36245559,889.0,53.337423,401110.53991925,0.0,BTCUSDT
2020-01-06 07:30:00,7520.23,7525.25,7517.73,7520.52,63.40851,1578296099999.0,476926.81796196,645.0,24.479599,184134.55777841,0.0,BTCUSDT
2020-01-06 07:35:00,7520.52,7522.22,7512.0,7514.99,72.838828,1578296399999.0,547487.57005675,812.0,26.061935,195895.39261384,0.0,BTCUSDT
2020-01-06 07:40:00,7514.99,7521.54,7510.52,7517.18,140.199068,1578296699999.0,1053569.41513704,979.0,100.469343,754978.67376846,0.0,BTCUSDT
2020-01-06 07:45:00,7516.52,7522.1,7516.03,7518.15,87.905427,1578296999999.0,660932.72363822,802.0,26.511402,199331.97833037,0.0,BTCUSDT
2020-01-06 07:50:00,7518.16,7518.73,7512.48,7513.53,50.917791,1578297299999.0,382713.71827727,527.0,13.220928,99365.78510095,0.0,BTCUSDT
2020-01-06 07:55:00,7513.71,7516.79,7505.57,7507.91,99.999552,1578297599999.0,751080.95623679,856.0,40.238595,302272.47532987,0.0,BTCUSDT
2020-01-06 08:00:00,7508.18,7523.99,7507.39,7518.1,107.821722,1578297899999.0,810410.34216461,1149.0,51.201294,384826.88869998,0.0,BTCUSDT
2020-01-06 08:05:00,7518.58,7521.85,7514.94,7521.85,63.948255,1578298199999.0,480815.42321873,666.0,36.948495,277827.24714943,0.0,BTCUSDT
2020-01-06 08:10:00,7521.48,7530.03,7520.9,7525.39,246.790658,1578298499999.0,1857439.87150176,1402.0,60.703392,456831.93460586,0.0,BTCUSDT
2020-01-06 08:15:00,7525.31,7535.44,7524.68,7533.34,153.330234,1578298799999.0,1154839.74635055,1180.0,59.411095,447500.41040015,0.0,BTCUSDT
2020-01-06 08:20:00,7533.36,7534.31,7525.69,7528.26,76.932788,1578299099999.0,579305.24954247,876.0,28.533448,214850.26848129,0.0,BTCUSDT
2020-01-06 08:25:00,7527.61,7529.38,7522.02,7525.0,56.877285,1578299399999.0,428013.82121167,801.0,33.535564,252367.73154735,0.0,BTCUSDT
2020-01-06 08:30:00,7525.0,7529.96,7520.0,7528.19,82.526231,1578299699999.0,621012.23269634,774.0,32.110846,241621.5022056,0.0,BTCUSDT
2020-01-06 08:35:00,7528.19,7535.0,7528.0,7532.28,120.335682,1578299999999.0,906257.50706766,1184.0,65.285012,491642.00428233,0.0,BTCUSDT
2020-01-06 08:40:00,7532.28,7548.22,7531.83,7535.8,192.050952,1578300299999.0,1448184.35641258,1716.0,93.877583,707893.27699799,0.0,BTCUSDT
2020-01-06 08:45:00,7535.19,7536.69,7526.6,7532.23,193.833637,1578300599999.0,1459719.99098652,1418.0,128.393299,966847.24529197,0.0,BTCUSDT
2020-01-06 08:50:00,7532.06,7546.58,7532.04,7542.91,119.734278,1578300899999.0,902824.50389638,1234.0,48.272828,363919.81602918,0.0,BTCUSDT
2020-01-06 08:55:00,7543.01,7551.68,7542.0,7547.55,276.676076,1578301199999.0,2088162.37773827,1928.0,175.992089,1328359.18367054,0.0,BTCUSDT
2020-01-06 09:00:00,7547.88,7550.49,7526.04,7534.71,251.010876,1578301499999.0,1891989.08152032,1832.0,76.935738,579861.8528586,0.0,BTCUSDT
2020-01-06 09:05:00,7534.05,7534.83,7523.48,7529.98,131.304131,1578301799999.0,988480.27904723,1089.0,49.427343,372101.27344679,0.0,BTCUSDT
2020-01-06 09:10:00,7528.68,7540.37,7527.42,7528.8,146.492398,1578302099999.0,1103367.20196262,1486.0,69.532667,523754.56673406,0.0,BTCUSDT
2020-01-06 09:15:00,7528.87,7529.5,7520.21,7526.87,114.505393,1578302399999.0,861622.28594906,1202.0,53.835795,405069.64628493,0.0,BTCUSDT
2020-01-06 09:20:00,7526.79,7528.27,7516.51,7521.55,153.464167,1578302699999.0,1154254.27965944,1208.0,67.428889,507158.49634378,0.0,BTCUSDT
2020-01-06 09:25:00,7520.56,7532.46,7518.95,7530.1,271.91794,1578302999999.0,2046951.71465873,1812.0,81.449908,613030.62202014,0.0,BTCUSDT
2020-01-06 09:30:00,7530.09,7534.37,7519.2,7520.93,120.944857,1578303299999.0,910147.78050966,1351.0,35.524533,267367.40417042,0.0,BTCUSDT
2020-01-06 09:35:00,7520.93,7533.2,7519.63,7532.81,122.649996,1578303599999.0,923110.10130023,1378.0,61.823677,465347.47830713,0.0,BTCUSDT
2020-01-06 09:40:00,7532.93,7543.96,7532.89,7542.18,208.27044,1578303899999.0,1570145.92326315,1895.0,116.056153,874904.20175411,0.0,BTCUSDT
2020-01-06 09:45:00,7541.64,7547.52,7535.9,7546.59,118.450814,1578304199999.0,893275.48705114,1495.0,49.775506,375366.8081931,0.0,BTCUSDT
2020-01-06 09:50:00,7546.59,7553.0,7536.04,7545.22,302.972321,1578304499999.0,2286099.85987064,2337.0,131.113486,989236.55941261,0.0,BTCUSDT
2020-01-06 09:55:00,7545.22,7551.0,7538.64,7550.78,132.122543,1578304799999.0,996796.93170621,1602.0,71.975227,543028.7312576,0.0,BTCUSDT
2020-01-06 10:00:00,7550.84,7558.45,7540.57,7541.62,246.753388,1578305099999.0,1863272.15161171,1606.0,140.772588,1063003.06292532,0.0,BTCUSDT
2020-01-06 10:05:00,7541.32,7545.64,7537.46,7539.67,140.179239,1578305399999.0,1057092.48891742,1368.0,87.309409,658409.07767191,0.0,BTCUSDT
2020-01-06 10:10:00,7539.65,7550.41,7535.64,7545.73,101.207392,1578305699999.0,763459.01105961,1317.0,53.613685,404491.14742592,0.0,BTCUSDT
2020-01-06 10:15:00,7545.73,7553.28,7541.32,7544.1,115.984171,1578305999999.0,875367.77904159,1336.0,51.678357,390046.30886355,0.0,BTCUSDT
2020-01-06 10:20:00,7544.7,7546.11,7540.06,7542.02,78.499932,1578306299999.0,592133.05797098,991.0,37.734798,284648.72636989,0.0,BTCUSDT
2020-01-06 10:25:00,7542.02,7544.99,7536.0,7543.02,123.656512,1578306599999.0,932542.25471135,1252.0,48.505598,365818.24610728,0.0,BTCUSDT
2020-01-06 10:30:00,7543.47,7549.42,7536.5,7549.42,106.944767,1578306899999.0,806532.09788676,1121.0,65.871053,496797.34273583,0.0,BTCUSDT
2020-01-06 10:35:00,7547.85,7551.93,7544.32,7550.61,119.42213,1578307199999.0,901286.7815593,1258.0,57.050949,430573.89447147,0.0,BTCUSDT
2020-01-06 10:40:00,7550.21,7550.61,7540.8,7545.92,183.601606,1578307499999.0,1385375.95116071,1930.0,66.04942,498360.80270703,0.0,BTCUSDT
2020-01-06 10:45:00,7546.24,7563.29,7545.08,7563.0,223.534402,1578307799999.0,1689358.18984905,2160.0,104.231654,787714.44554284,0.0,BTCUSDT
2020-01-06 10:50:00,7563.01,7576.68,7556.0,7569.04,292.957,1578308099999.0,2216812.01756532,2349.0,143.124435,1083089.17415887,0.0,BTCUSDT
2020-01-06 10:55:00,7569.04,7569.92,7557.23,7561.22,179.988154,1578308399999.0,1361292.83058796,1855.0,59.357172,448967.51496365,0.0,BTCUSDT
2020-01-06 11:00:00,7561.27,7574.78,7555.0,7567.65,176.750803,1578308699999.0,1336762.13780963,1725.0,63.102139,477162.50910257,0.0,BTCUSDT
2020-01-06 11:05:00,7567.65,7575.56,7558.24,7558.6,159.129635,1578308999999.0,1204252.62413857,1558.0,85.615651,647867.34462612,0.0,BTCUSDT
2020-01-06 11:10:00,7559.39,7575.0,7558.32,7572.71,146.827015,1578309299999.0,1110869.14270456,1410.0,75.654028,572361.95906879,0.0,BTCUSDT
2020-01-06 11:15:00,7571.58,7582.27,7559.28,7560.77,282.13859,1578309599999.0,2136595.34763083,2819.0,142.134328,1076440.05970085,0.0,BTCUSDT
2020-01-06 11:20:00,7560.5,7563.81,7550.0,7560.9,157.941162,1578309899999.0,1193418.06018123,1724.0,73.784747,557553.63149556,0.0,BTCUSDT
2020-01-06 11:25:00,7560.62,7562.34,7550.0,7551.18,121.44685,1578310199999.0,917406.44680607,1308.0,59.112724,446555.46726152,0.0,BTCUSDT
2020-01-06 11:30:00,7551.2,7552.5,7539.9,7548.39,264.477071,1578310499999.0,1995680.63171918,1961.0,124.178596,936999.51486629,0.0,BTCUSDT
2020-01-06 11:35:00,7548.43,7550.0,7534.0,7534.0,188.095237,1578310799999.0,1418563.2750417,1838.0,94.405369,712000.49473818,0.0,BTCUSDT
2020-01-06 11:40:00,7535.64,7542.73,7527.0,7533.09,234.653499,1578311099999.0,1768197.86998248,1820.0,82.772644,623809.96547463,0.0,BTCUSDT
2020-01-06 11:45:00,7532.93,7550.0,7526.88,7548.94,222.735636,1578311399999.0,1679424.25263888,1488.0,126.465502,953795.20067492,0.0,BTCUSDT
2020-01-06 11:50:00,7549.1,7550.0,7535.0,7541.75,99.594012,1578311699999.0,751334.49203846,1113.0,55.68196,420093.49351167,0.0,BTCUSDT
2020-01-06 11:55:00,7541.74,7550.0,7538.7,7544.72,95.845716,1578311999999.0,723124.83361402,1126.0,56.290918,424697.06690201,0.0,BTCUSDT
2020-01-06 12:00:00,7544.72,7556.12,7542.57,7547.08,94.480075,1578312299999.0,713292.31624141,1040.0,51.351016,387713.86532506,0.0,BTCUSDT
2020-01-06 12:05:00,7547.23,7554.96,7544.55,7545.61,92.147242,1578312599999.0,695654.69618211,857.0,41.062341,310003.6931089,0.0,BTCUSDT
2020-01-06 12:10:00,7546.44,7551.0,7539.0,7550.95,112.363228,1578312899999.0,847817.96980343,1072.0,47.997827,362162.03203609,0.0,BTCUSDT
2020-01-06 12:15:00,7550.96,7553.64,7547.77,7551.02,96.783052,1578313199999.0,730754.35133801,817.0,57.204534,431924.31839346,0.0,BTCUSDT
2020-01-06 12:20:00,7551.1,7552.16,7537.99,7548.6,181.546903,1578313499999.0,1370195.64288258,1052.0,107.78137,813449.56590273,0.0,BTCUSDT
2020-01-06 12:25:00,7548.59,7548.59,7535.0,7540.71,122.916987,1578313799999.0,927003.88983018,1152.0,20.818585,157004.67094309,0.0,BTCUSDT
2020-01-06 12:30:00,7540.71,7550.11,7540.58,7546.59,99.222305,1578314099999.0,748811.20106277,913.0,27.25625,205700.1596801,0.0,BTCUSDT
2020-01-06 12:35:00,7546.59,7554.0,7544.99,7554.0,118.389873,1578314399999.0,893857.23134407,1064.0,81.120512,612498.02441055,0.0,BTCUSDT
2020-01-06 12:40:00,7553.92,7558.92,7550.46,7552.0,126.796558,1578314699999.0,957836.92110186,1110.0,84.019513,634700.10726869,0.0,BTCUSDT
2020-01-06 12:45:00,7552.07,7559.0,7552.0,7557.11,124.140672,1578314999999.0,937996.10268944,1057.0,76.492433,577960.06154657,0.0,BTCUSDT
2020-01-06 12:50:00,7557.76,7566.24,7555.0,7555.6,191.211739,1578315299999.0,1445812.68429558,1664.0,82.808364,626134.80732288,0.0,BTCUSDT
2020-01-06 12:55:00,7556.38,7560.73,7552.01,7557.42,124.61496,1578315599999.0,941534.43046975,1086.0,26.978094,203849.45106099,0.0,BTCUSDT
2020-01-06 13:00:00,7557.77,7572.0,7557.77,7562.14,168.514723,1578315899999.0,1274884.32840881,1705.0,112.153479,848434.87285545,0.0,BTCUSDT
2020-01-06 13:05:00,7561.39,7569.64,7551.01,7552.86,120.332793,1578316199999.0,909837.24803915,1202.0,39.352143,297566.00346045,0.0,BTCUSDT
2020-01-06 13:10:00,7552.86,7559.93,7550.0,7553.14,126.291817,1578316499999.0,954028.17879086,1029.0,57.211624,432175.54384622,0.0,BTCUSDT
2020-01-06 13:15:00,7553.14,7554.0,7545.87,7549.66,97.824344,1578316799999.0,738550.4220482,1025.0,36.896372,278571.24721537,0.0,BTCUSDT
2020-01-06 13:20:00,7550.52,7557.42,7549.52,7553.79,84.165198,1578317099999.0,635711.2169234,857.0,40.757397,307859.53293805,0.0,BTCUSDT
2020-01-06 13:25:00,7553.75,7558.2,7550.02,7556.41,66.09594,1578317399999.0,499208.26271634,866.0,32.331943,244217.92148026,0.0,BTCUSDT
2020-01-06 13:30:00,7556.31,7564.05,7551.77,7559.59,216.476935,1578317699999.0,1635967.97948869,1359.0,104.872897,792476.50578196,0.0,BTCUSDT
2020-01-06 13:35:00,7559.58,7567.37,7559.58,7564.47,70.473941,1578317999999.0,533085.6301347,1124.0,34.962004,264461.87102713,0.0,BTCUSDT
2020-01-06 13:40:00,7564.42,7570.0,7564.26,7564.58,108.805985,1578318299999.0,823316.40006218,1167.0,54.509472,412471.87078072,0.0,BTCUSDT
2020-01-06 13:45:00,7564.3,7567.22,7559.72,7562.79,112.50438,1578318599999.0,850758.11301872,1090.0,47.317145,357822.28053895,0.0,BTCUSDT
2020-01-06 13:50:00,7562.37,7622.0,7521.66,7536.22,1378.963037,1578318899999.0,10447290.47976295,8400.0,783.984703,5944762.79106916,0.0,BTCUSDT
2020-01-06 13:55:00,7538.49,7541.17,7465.44,7528.64,1147.691749,1578319199999.0,8620307.96053276,8520.0,518.276115,3894255.87728772,0.0,BTCUSDT
2020-01-06 14:00:00,7528.59,7528.65,7505.02,7522.26,458.451833,1578319499999.0,3445525.73357991,4012.0,251.266693,1888386.84161487,0.0,BTCUSDT
2020-01-06 14:05:00,7522.26,7533.0,7519.04,7524.54,254.307086,1578319799999.0,1913798.86913606,1783.0,147.312008,1108624.48027548,0.0,BTCUSDT
2020-01-06 14:10:00,7524.45,7541.87,7523.43,7537.64,246.360274,1578320099999.0,1856498.13974605,1740.0,150.24394,1132139.27700674,0.0,BTCUSDT
2020-01-06 14:15:00,7537.64,7539.58,7528.03,7531.44,159.743064,1578320399999.0,1203651.11000891,1435.0,81.61175,614990.81934212,0.0,BTCUSDT
2020-01-06 14:20:00,7531.57,7545.67,7529.13,7544.89,140.136579,1578320699999.0,1056541.53443754,1188.0,85.75323,646594.87791346,0.0,BTCUSDT
2020-01-06 14:25:00,7544.87,7545.99,7536.23,7537.66,130.017534,1578320999999.0,980610.92783126,1251.0,63.112893,476033.75179131,0.0,BTCUSDT
2020-01-06 14:30:00,7537.29,7541.99,7527.64,7537.73,187.906394,1578321299999.0,1415830.22627751,1446.0,99.901762,752714.01990103,0.0,BTCUSDT
2020-01-06 14:35:00,7537.72,7558.45,7537.4,7549.79,278.360902,1578321599999.0,2101849.99394331,1948.0,145.145654,1095847.88982904,0.0,BTCUSDT
2020-01-06 14:40:00,7549.51,7555.57,7542.25,7551.31,101.826727,1578321899999.0,768734.00642949,1066.0,55.303603,417508.9331122,0.0,BTCUSDT
2020-01-06 14:45:00,7551.78,7557.48,7542.0,7543.52,156.290058,1578322199999.0,1179626.27175394,1227.0,63.872031,482148.50045719,0.0,BTCUSDT
2020-01-06 14:50:00,7543.52,7552.66,7542.0,7547.85,133.743422,1578322499999.0,1009344.22237063,1063.0,82.298125,621112.05697174,0.0,BTCUSDT
2020-01-06 14:55:00,7548.01,7548.97,7540.55,7547.93,136.601738,1578322799999.0,1030652.14415159,1126.0,77.910723,587847.15357753,0.0,BTCUSDT
2020-01-06 15:00:00,7548.1,7553.28,7541.76,7546.08,176.321062,1578323099999.0,1331026.19623236,1279.0,94.545859,713781.88712592,0.0,BTCUSDT
2020-01-06 15:05:00,7545.33,7548.66,7531.44,7540.0,154.77751,1578323399999.0,1167270.90276317,1256.0,76.517393,577137.85345082,0.0,BTCUSDT
2020-01-06 15:10:00,7540.0,7540.26,7531.72,7532.72,90.34928,1578323699999.0,680863.09849969,1027.0,39.969644,301226.78061327,0.0,BTCUSDT
2020-01-06 15:15:00,7532.71,7537.32,7530.0,7533.25,169.619285,1578323999999.0,1277898.84438394,1412.0,93.757547,706368.57713311,0.0,BTCUSDT
2020-01-06 15:20:00,7533.32,7543.56,7532.72,7536.5,130.587798,1578324299999.0,984419.00799287,1096.0,55.480845,418214.97016069,0.0,BTCUSDT
2020-01-06 15:25:00,7536.84,7536.96,7527.13,7530.15,106.7628,1578324599999.0,804073.25700276,1055.0,48.15109,362642.37947266,0.0,BTCUSDT
2020-01-06 15:30:00,7530.15,7536.99,7528.27,7530.09,141.558916,1578324899999.0,1066387.58456228,1121.0,62.243543,468945.10426847,0.0,BTCUSDT
2020-01-06 15:35:00,7530.23,7535.41,7530.0,7534.14,58.164573,1578325199999.0,438172.21738298,636.0,32.555316,245262.08587888,0.0,BTCUSDT
2020-01-06 15:40:00,7534.56,7537.09,7528.85,7529.35,88.86352,1578325499999.0,669417.87725682,905.0,41.882258,315500.68852516,0.0,BTCUSDT
2020-01-06 15:45:00,7529.47,7533.44,7524.0,7527.25,107.269098,1578325799999.0,807517.15687548,1175.0,37.584216,282937.22582646,0.0,BTCUSDT
2020-01-06 15:50:00,7527.25,7531.93,7520.0,7530.8,223.893129,1578326099999.0,1684351.1490252,1235.0,124.332375,935291.31862514,0.0,BTCUSDT
2020-01-06 15:55:00,7531.33,7531.53,7516.34,7519.99,196.226906,1578326399999.0,1476253.17255256,1353.0,91.996581,692183.96800345,0.0,BTCUSDT
2020-01-06 16:00:00,7519.05,7528.68,7513.9,7521.62,127.005178,1578326699999.0,955507.53813289,1434.0,55.038881,414080.57785464,0.0,BTCUSDT
2020-01-06 16:05:00,7521.87,7522.54,7509.43,7512.0,187.045586,1578326999999.0,1405455.66107037,1726.0,84.400772,634161.50177048,0.0,BTCUSDT
2020-01-06 16:10:00,7512.0,7540.0,7512.0,7534.59,188.722673,1578327299999.0,1420816.03474842,1659.0,108.72554,818663.04459455,0.0,BTCUSDT
2020-01-06 16:15:00,7533.13,7546.01,7533.13,7542.0,263.970029,1578327599999.0,1990913.95656082,1620.0,103.932641,783895.41042711,0.0,BTCUSDT
2020-01-06 16:20:00,7542.0,7546.08,7536.28,7540.59,119.558941,1578327899999.0,901559.87313778,1470.0,36.200931,272997.72785827,0.0,BTCUSDT
2020-01-06 16:25:00,7540.71,7545.34,7532.32,7534.42,96.498459,1578328199999.0,727490.96454792,1039.0,36.660312,276359.10647993,0.0,BTCUSDT
2020-01-06 16:30:00,7534.43,7540.0,7528.0,7529.12,115.106475,1578328499999.0,867065.7474969,1187.0,60.486719,455602.38333181,0.0,BTCUSDT
2020-01-06 16:35:00,7529.41,7535.0,7526.09,7527.42,63.877275,1578328799999.0,481041.31780228,834.0,27.103756,204130.9357545,0.0,BTCUSDT
2020-01-06 16:40:00,7527.42,7531.53,7520.78,7525.0,221.57464,1578329099999.0,1667572.97361725,1909.0,111.600243,839939.78394774,0.0,BTCUSDT
2020-01-06 16:45:00,7525.56,7535.0,7525.0,7534.27,62.503008,1578329399999.0,470724.84707789,1015.0,32.721115,246426.95532909,0.0,BTCUSDT
2020-01-06 16:50:00,7534.26,7539.76,7528.74,7538.22,122.506327,1578329699999.0,923038.24469827,1023.0,60.879499,458712.65849232,0.0,BTCUSDT
2020-01-06 16:55:00,7538.23,7538.23,7529.0,7529.24,57.986826,1578329999999.0,436821.83731681,738.0,18.532014,139598.95259239,0.0,BTCUSDT
2020-01-06 17:00:00,7529.01,7535.96,7526.91,7535.89,67.367285,1578330299999.0,507380.63725174,909.0,33.272126,250608.26808968,0.0,BTCUSDT
2020-01-06 17:05:00,7535.1,7545.42,7534.73,7542.1,104.729594,1578330599999.0,789842.65866966,1243.0,59.282479,447082.83248074,0.0,BTCUSDT
2020-01-06 17:10:00,7541.64,7550.54,7536.77,7550.54,122.436155,1578330899999.0,923737.80382783,1196.0,73.291363,553011.54005176,0.0,BTCUSDT
2020-01-06 17:15:00,7550.84,7561.0,7550.0,7554.05,149.12672,1578331199999.0,1126654.03055542,1748.0,81.764871,617770.04037267,0.0,BTCUSDT
2020-01-06 17:20:00,7553.92,7559.17,7545.17,7558.38,91.37967,1578331499999.0,690148.47275704,959.0,54.01517,407978.38991414,0.0,BTCUSDT
2020-01-06 17:25:00,7558.38,7558.69,7549.43,7554.98,100.450477,1578331799999.0,758779.58775987,1059.0,47.286651,357200.5078242,0.0,BTCUSDT
2020-01-06 17:30:00,7554.94,7557.32,7544.15,7548.78,89.733116,1578332099999.0,677540.40589992,1093.0,30.156639,227702.54328319,0.0,BTCUSDT
2020-01-06 17:35:00,7548.26,7553.02,7544.5,7549.09,58.264454,1578332399999.0,439864.6618301,753.0,29.061232,219396.7248196,0.0,BTCUSDT
2020-01-06 17:40:00,7548.88,7553.12,7542.07,7546.29,90.476194,1578332699999.0,682916.57060002,851.0,37.808742,285393.59849793,0.0,BTCUSDT
2020-01-06 17:45:00,7546.33,7550.0,7543.89,7549.0,63.30884,1578332999999.0,477833.79573681,816.0,34.281757,258747.92724218,0.0,BTCUSDT
2020-01-06 17:50:00,7549.31,7556.36,7549.01,7554.17,80.721747,1578333299999.0,609735.12681185,980.0,30.451449,230012.13137115,0.0,BTCUSDT
2020-01-06 17:55:00,7554.15,7560.0,7552.0,7558.48,85.00427,1578333599999.0,642362.05785267,832.0,58.666694,443363.16483983,0.0,BTCUSDT
2020-01-06 18:00:00,7558.78,7560.0,7550.0,7552.37,65.799997,1578333899999.0,497006.81496007,816.0,40.848291,308526.61752556,0.0,BTCUSDT
2020-01-06 18:05:00,7551.89,7553.0,7541.0,7545.73,86.825309,1578334199999.0,655275.044515,854.0,38.447655,290165.18173595,0.0,BTCUSDT
2020-01-06 18:10:00,7545.7,7551.41,7542.0,7550.87,78.362929,1578334499999.0,591362.55823555,997.0,37.485117,282912.43740859,0.0,BTCUSDT
2020-01-06 18:15:00,7550.84,7550.84,7542.88,7545.16,54.850413,1578334799999.0,413914.30930144,896.0,22.066413,166536.11695215,0.0,BTCUSDT
2020-01-06 18:20:00,7545.23,7548.04,7542.6,7543.0,91.772553,1578335099999.0,692443.9703505,893.0,49.353275,372389.38785857,0.0,BTCUSDT
2020-01-06 18:25:00,7543.0,7546.68,7540.0,7541.8,54.066431,1578335399999.0,407843.87811721,744.0,27.814577,209827.58678467,0.0,BTCUSDT
2020-01-06 18:30:00,7541.99,7546.86,7541.98,7543.4,72.17896,1578335699999.0,544515.08420957,789.0,49.024286,369834.46804418,0.0,BTCUSDT
2020-01-06 18:35:00,7542.63,7546.68,7540.34,7546.66,50.010157,1578335999999.0,377285.16940408,690.0,28.16107,212467.7740938,0.0,BTCUSDT
2020-01-06 18:40:00,7546.03,7547.16,7537.36,7538.16,75.686814,1578336299999.0,570926.28322494,603.0,18.172067,137091.86437243,0.0,BTCUSDT
2020-01-06 18:45:00,7538.17,7541.75,7529.0,7535.54,105.854847,1578336599999.0,797448.62864198,1186.0,44.328392,333970.95885149,0.0,BTCUSDT
2020-01-06 18:50:00,7535.63,7537.98,7530.43,7533.49,80.896362,1578336899999.0,609508.91062118,905.0,56.54905,426080.99590985,0.0,BTCUSDT
2020-01-06 18:55:00,7533.47,7536.09,7525.96,7533.0,94.662534,1578337199999.0,712877.61216346,974.0,41.202348,310305.7199967,0.0,BTCUSDT
2020-01-06 19:00:00,7532.5,7535.14,7528.57,7529.65,67.022199,1578337499999.0,504798.66223453,914.0,38.611457,290824.30151867,0.0,BTCUSDT
2020-01-06 19:05:00,7529.65,7532.11,7526.57,7532.0,66.455759,1578337799999.0,500422.02891725,803.0,45.461641,342341.349089,0.0,BTCUSDT
2020-01-06 19:10:00,7531.99,7532.13,7524.0,7528.16,62.246439,1578338099999.0,468558.7529547,931.0,33.407102,251475.82311437,0.0,BTCUSDT
2020-01-06 19:15:00,7528.12,7532.05,7527.99,7531.39,53.58855,1578338399999.0,403501.16756968,752.0,36.107111,271867.5988671,0.0,BTCUSDT
2020-01-06 19:20:00,7531.38,7538.61,7531.35,7537.95,74.933286,1578338699999.0,564682.28671456,1072.0,41.202025,310489.98043998,0.0,BTCUSDT
2020-01-06 19:25:00,7537.95,7539.72,7533.67,7536.87,61.138065,1578338999999.0,460841.56409931,956.0,38.970188,293747.72182276,0.0,BTCUSDT
2020-01-06 19:30:00,7537.08,7539.71,7531.72,7532.12,57.497605,1578339299999.0,433380.619715,694.0,24.273256,182978.88313152,0.0,BTCUSDT
2020-01-06 19:35:00,7532.12,7536.77,7531.71,7534.48,47.792908,1578339599999.0,360051.68241463,686.0,30.738067,231572.56935562,0.0,BTCUSDT
2020-01-06 19:40:00,7534.47,7544.85,7531.99,7544.05,92.537215,1578339899999.0,697620.30651561,939.0,48.748373,367424.14585973,0.0,BTCUSDT
2020-01-06 19:45:00,7543.55,7551.71,7540.8,7549.84,110.957968,1578340199999.0,837482.30707602,1040.0,62.048237,468341.10491137,0.0,BTCUSDT
2020-01-06 19:50:00,7549.86,7551.0,7543.04,7546.18,75.95268,1578340499999.0,573189.17157051,1240.0,30.553116,230589.23086238,0.0,BTCUSDT
2020-01-06 19:55:00,7546.2,7546.25,7535.6,7539.9,93.12996,1578340799999.0,702278.30962474,908.0,43.741161,329851.62133864,0.0,BTCUSDT
2020-01-06 20:00:00,7539.74,7544.16,7538.38,7543.35,59.099043,1578341099999.0,445658.33900099,744.0,45.941936,346437.20376553,0.0,BTCUSDT
2020-01-06 20:05:00,7543.03,7545.17,7536.44,7539.5,63.186586,1578341399999.0,476464.14606182,867.0,28.325916,213605.66874875,0.0,BTCUSDT
2020-01-06 20:10:00,7539.83,7542.0,7537.2,7540.16,48.575684,1578341699999.0,366278.58719001,932.0,28.213343,212743.1809388,0.0,BTCUSDT
2020-01-06 20:15:00,7540.15,7554.8,7538.39,7551.87,92.110617,1578341999999.0,695137.77259258,1271.0,55.174281,416355.20527714,0.0,BTCUSDT
2020-01-06 20:20:00,7551.93,7556.0,7548.35,7552.1,110.83683,1578342299999.0,837070.84017277,1286.0,45.586242,344300.06530739,0.0,BTCUSDT
2020-01-06 20:25:00,7551.54,7554.0,7545.04,7549.32,70.447732,1578342599999.0,531861.99155814,956.0,44.220006,333869.38875979,0.0,BTCUSDT
2020-01-06 20:30:00,7549.52,7552.19,7547.19,7551.58,32.874974,1578342899999.0,248212.62923042,647.0,22.301039,168381.32225153,0.0,BTCUSDT
2020-01-06 20:35:00,7551.56,7551.56,7543.01,7544.77,72.311931,1578343199999.0,545831.91648949,776.0,37.140296,280334.21973026,0.0,BTCUSDT
2020-01-06 20:40:00,7544.76,7545.76,7534.9,7540.17,195.291641,1578343499999.0,1471902.10134829,1165.0,136.680293,1030092.63112619,0.0,BTCUSDT
2020-01-06 20:45:00,7540.1,7540.9,7535.21,7538.0,59.627848,1578343799999.0,449526.59762698,770.0,26.910645,202887.2305615,0.0,BTCUSDT
2020-01-06 20:50:00,7537.82,7547.17,7535.0,7547.12,70.63335,1578344099999.0,532552.29555653,915.0,33.707665,254155.76146634,0.0,BTCUSDT
2020-01-06 20:55:00,7546.78,7557.99,7545.38,7551.25,103.346676,1578344399999.0,780449.51807267,1366.0,65.091823,491576.11339955,0.0,BTCUSDT
2020-01-06 21:00:00,7551.24,7557.04,7547.56,7553.44,60.430986,1578344699999.0,456315.7259256,793.0,22.375231,168955.94163495,0.0,BTCUSDT
2020-01-06 21:05:00,7552.62,7554.95,7550.94,7553.0,42.986988,1578344999999.0,324661.72979753,610.0,30.703783,231893.4591905,0.0,BTCUSDT
2020-01-06 21:10:00,7552.9,7588.0,7551.4,7566.14,371.651169,1578345299999.0,2813521.06173858,2840.0,244.575525,1851510.287519,0.0,BTCUSDT
2020-01-06 21:15:00,7566.14,7574.75,7564.66,7567.97,121.511742,1578345599999.0,919885.11876349,1128.0,53.432083,404486.91226776,0.0,BTCUSDT
2020-01-06 21:20:00,7567.97,7579.08,7565.03,7568.0,158.535915,1578345899999.0,1200292.72894168,1269.0,56.229261,425794.44162736,0.0,BTCUSDT
2020-01-06 21:25:00,7568.0,7587.07,7561.0,7580.95,158.464367,1578346199999.0,1200173.84470015,1753.0,88.249583,668427.07559852,0.0,BTCUSDT
2020-01-06 21:30:00,7581.18,7593.63,7581.18,7581.33,151.712349,1578346499999.0,1151127.05331554,1898.0,83.850489,636259.5192213,0.0,BTCUSDT
2020-01-06 21:35:00,7581.34,7598.0,7580.54,7596.82,209.637661,1578346799999.0,1591317.56458249,1772.0,100.407169,762216.50829456,0.0,BTCUSDT
2020-01-06 21:40:00,7597.95,7598.84,7580.0,7584.99,142.749638,1578347099999.0,1083136.39813838,1621.0,62.199446,471960.43004932,0.0,BTCUSDT
2020-01-06 21:45:00,7584.99,7592.13,7583.07,7586.65,97.942558,1578347399999.0,743252.02520608,1127.0,50.150393,380585.44522445,0.0,BTCUSDT
2020-01-06 21:50:00,7586.73,7599.0,7585.14,7596.28,112.476561,1578347699999.0,853964.82230541,1351.0,57.991703,440310.44709386,0.0,BTCUSDT
2020-01-06 21:55:00,7596.28,7608.0,7563.23,7578.42,473.477733,1578347999999.0,3593842.09195037,3445.0,224.930178,1707478.97661304,0.0,BTCUSDT
2020-01-06 22:00:00,7578.42,7597.84,7574.39,7592.92,159.448723,1578348299999.0,1210019.21829501,1726.0,86.669924,657751.85697288,0.0,BTCUSDT
2020-01-06 22:05:00,7593.02,7596.27,7590.17,7590.21,121.361392,1578348599999.0,921486.54263268,1280.0,60.367196,458377.04498593,0.0,BTCUSDT
2020-01-06 22:10:00,7590.21,7633.41,7590.0,7633.36,389.735256,1578348899999.0,2965348.44771533,3697.0,261.223684,1988136.5961896,0.0,BTCUSDT
2020-01-06 22:15:00,7632.96,7644.0,7613.08,7643.54,545.517627,1578349199999.0,4164205.4523755,4545.0,331.666653,2531897.11077278,0.0,BTCUSDT
2020-01-06 22:20:00,7643.54,7673.99,7636.0,7660.67,979.494352,1578349499999.0,7497513.20334276,7742.0,638.196684,4885759.38875066,0.0,BTCUSDT
2020-01-06 22:25:00,7662.38,7689.2,7653.33,7660.17,673.651336,1578349799999.0,5167764.00659831,6081.0,421.927867,3237938.15627145,0.0,BTCUSDT
2020-01-06 22:30:00,7659.77,7686.53,7651.0,7670.0,362.223048,1578350099999.0,2777469.5303687,3027.0,168.548711,1293002.79133215,0.0,BTCUSDT
2020-01-06 22:35:00,7670.07,7700.0,7670.07,7689.76,507.765242,1578350399999.0,3905280.542397,4454.0,349.032285,2684767.44740799,0.0,BTCUSDT
2020-01-06 22:40:00,7689.7,7752.0,7682.22,7714.41,1531.769818,1578350699999.0,11821821.8230888,9987.0,963.518279,7438150.01453473,0.0,BTCUSDT
2020-01-06 22:45:00,7712.64,7749.0,7705.11,7740.46,669.246267,1578350999999.0,5172370.29674749,4942.0,330.241414,2552512.358353,0.0,BTCUSDT
2020-01-06 22:50:00,7741.35,7742.51,7710.01,7712.0,334.859162,1578351299999.0,2587229.24424763,2780.0,139.757754,1079737.66033156,0.0,BTCUSDT
2020-01-06 22:55:00,7714.72,7734.82,7706.76,7712.63,271.6581,1578351599999.0,2097905.93292997,2567.0,151.572876,1170544.4026172,0.0,BTCUSDT
2020-01-06 23:00:00,7712.58,7742.05,7712.13,7740.6,240.743608,1578351899999.0,1860223.25232764,2340.0,152.276725,1176640.9829902,0.0,BTCUSDT
2020-01-06 23:05:00,7740.6,7772.2,7737.17,7756.75,508.516818,1578352199999.0,3942706.10958753,4060.0,334.392817,2592868.63654502,0.0,BTCUSDT
2020-01-06 23:10:00,7755.09,7778.99,7750.79,7766.31,458.552561,1578352499999.0,3560862.25769974,3635.0,279.979417,2174308.13088673,0.0,BTCUSDT
2020-01-06 23:15:00,7765.39,7795.34,7690.7,7737.78,1703.300891,1578352799999.0,13217119.06136475,8584.0,1078.381198,8375567.06472846,0.0,BTCUSDT
2020-01-06 23:20:00,7737.47,7755.95,7732.11,7744.27,303.225963,1578353099999.0,2347422.87857934,2329.0,139.324525,1078726.94967813,0.0,BTCUSDT
2020-01-06 23:25:00,7744.24,7754.98,7735.68,7739.34,254.419552,1578353399999.0,1970126.37777593,1865.0,126.570951,980159.2751718,0.0,BTCUSDT
2020-01-06 23:30:00,7739.59,7763.22,7737.15,7754.3,313.782757,1578353699999.0,2432482.14334237,2477.0,150.582562,1167289.0905345,0.0,BTCUSDT
2020-01-06 23:35:00,7754.56,7777.0,7749.95,7772.26,276.124143,1578353999999.0,2144360.66306163,2424.0,153.558577,1192452.61930892,0.0,BTCUSDT
2020-01-06 23:40:00,7772.81,7789.98,7760.04,7768.0,336.050507,1578354299999.0,2613528.90013047,2593.0,202.765774,1577019.04567581,0.0,BTCUSDT
2020-01-06 23:45:00,7767.88,7780.0,7766.54,7774.21,229.734302,1578354599999.0,1785640.15635214,1597.0,143.894263,1118412.23191425,0.0,BTCUSDT
2020-01-06 23:50:00,7774.21,7785.0,7765.02,7765.97,226.701896,1578354899999.0,1762695.47866707,1669.0,120.789439,939204.88794975,0.0,BTCUSDT
2020-01-06 23:55:00,7765.97,7766.0,7751.01,7758.0,215.119209,1578355199999.0,1669081.46593804,1868.0,99.738649,773894.46554846,0.0,BTCUSDT
2020-01-07 00:00:00,7758.9,7797.97,7758.29,7790.41,551.925583,1578355499999.0,4294530.45114956,3637.0,309.089579,2405229.95828279,0.0,BTCUSDT
2020-01-07 00:05:00,7790.41,7847.25,7783.44,7830.18,1225.45618,1578355799999.0,9581890.35770735,8984.0,816.099706,6380708.64679777,0.0,BTCUSDT
2020-01-07 00:10:00,7830.26,7863.6,7811.18,7851.83,837.662559,1578356099999.0,6565873.77230212,5892.0,468.552098,3673864.41555459,0.0,BTCUSDT
2020-01-07 00:15:00,7851.67,7908.63,7846.94,7878.67,1803.806175,1578356399999.0,14209804.28428085,11777.0,934.25788,7360581.50162721,0.0,BTCUSDT
2020-01-07 00:20:00,7876.97,7888.0,7852.29,7882.88,656.109799,1578356699999.0,5163518.4596504,5118.0,318.164883,2504195.57648775,0.0,BTCUSDT
2020-01-07 00:25:00,7882.13,7900.0,7871.31,7898.6,538.813079,1578356999999.0,4248272.27192182,3394.0,353.890396,2790110.61450518,0.0,BTCUSDT
2020-01-07 00:30:00,7898.6,7989.9,7897.56,7968.53,2038.453514,1578357299999.0,16205067.71204312,12136.0,1167.750782,9281489.70719778,0.0,BTCUSDT
2020-01-07 00:35:00,7963.6,7993.0,7955.17,7969.99,1037.666281,1578357599999.0,8274486.4983475,6319.0,494.736475,3945559.48405375,0.0,BTCUSDT
2020-01-07 00:40:00,7969.99,8000.0,7910.39,7951.8,1405.622366,1578357899999.0,11191937.13644361,9465.0,831.269297,6622812.69700186,0.0,BTCUSDT
2020-01-07 00:45:00,7951.78,7963.15,7925.0,7925.55,542.404628,1578358199999.0,4307837.90302687,4171.0,213.042738,1692580.53846623,0.0,BTCUSDT
2020-01-07 00:50:00,7928.39,7929.7,7881.0,7906.74,1029.203997,1578358499999.0,8137958.32023439,5920.0,431.153665,3408228.39035942,0.0,BTCUSDT
2020-01-07 00:55:00,7906.73,7908.92,7851.0,7888.42,1047.706545,1578358799999.0,8250312.60724131,6133.0,371.954054,2929607.93454749,0.0,BTCUSDT
2020-01-07 01:00:00,7889.64,7919.99,7888.48,7906.7,448.791315,1578359099999.0,3549009.51288054,3028.0,257.407606,2035438.70267661,0.0,BTCUSDT
2020-01-07 01:05:00,7906.29,7907.85,7875.0,7887.65,487.113293,1578359399999.0,3843232.15272702,2935.0,201.063187,1586121.50419721,0.0,BTCUSDT
2020-01-07 01:10:00,7885.99,7909.96,7877.66,7906.0,445.809925,1578359699999.0,3518918.68769633,3194.0,325.580705,2569911.20335099,0.0,BTCUSDT
2020-01-07 01:15:00,7907.49,7908.93,7880.75,7888.97,374.030392,1578359999999.0,2951797.04214417,2188.0,180.126993,1422006.99160747,0.0,BTCUSDT
2020-01-07 01:20:00,7888.83,7893.16,7874.32,7881.33,256.153839,1578360299999.0,2019682.8075993,1704.0,105.223694,829804.92192923,0.0,BTCUSDT
2020-01-07 01:25:00,7881.3,7909.0,7881.17,7904.23,292.845134,1578360599999.0,2313450.27106028,1854.0,172.136041,1359927.4504933,0.0,BTCUSDT
2020-01-07 01:30:00,7903.95,7904.03,7887.92,7891.77,197.611934,1578360899999.0,1560034.34686535,1565.0,99.61275,786384.3375953,0.0,BTCUSDT
2020-01-07 01:35:00,7891.35,7898.07,7882.0,7887.96,165.455391,1578361199999.0,1305657.66227928,1298.0,98.552524,777778.08377985,0.0,BTCUSDT
2020-01-07 01:40:00,7886.65,7887.89,7870.1,7871.99,297.628756,1578361499999.0,2344885.51505591,1856.0,129.564469,1020798.3555917,0.0,BTCUSDT
2020-01-07 01:45:00,7870.9,7896.06,7866.01,7891.46,256.39581,1578361799999.0,2020048.8232554,1646.0,138.025154,1087541.19738763,0.0,BTCUSDT
2020-01-07 01:50:00,7891.46,7899.59,7887.1,7898.13,272.088542,1578362099999.0,2147679.14944732,1760.0,79.237558,625486.87065978,0.0,BTCUSDT
2020-01-07 01:55:00,7898.68,7913.74,7891.12,7905.67,290.682365,1578362399999.0,2297520.70122284,1767.0,152.025327,1201611.15164711,0.0,BTCUSDT
2020-01-07 02:00:00,7905.67,7926.16,7905.67,7922.15,266.61549,1578362699999.0,2111705.11815203,2130.0,128.314093,1016282.80235872,0.0,BTCUSDT
2020-01-07 02:05:00,7921.83,7923.97,7899.99,7903.09,293.454874,1578362999999.0,2321155.37102084,1643.0,123.545996,977296.14283962,0.0,BTCUSDT
2020-01-07 02:10:00,7903.12,7910.63,7899.97,7908.5,251.251066,1578363299999.0,1986014.01003709,1371.0,120.208616,950226.94338718,0.0,BTCUSDT
2020-01-07 02:15:00,7909.0,7923.99,7908.97,7919.51,255.951877,1578363599999.0,2026774.4685419,1670.0,143.696766,1137870.40688773,0.0,BTCUSDT
2020-01-07 02:20:00,7920.08,7928.73,7913.1,7915.8,150.118831,1578363899999.0,1189221.74252524,1416.0,63.724866,504834.00453834,0.0,BTCUSDT
2020-01-07 02:25:00,7915.8,7934.27,7913.79,7932.0,210.064694,1578364199999.0,1664921.86978561,1480.0,147.632961,1170132.49240842,0.0,BTCUSDT
2020-01-07 02:30:00,7932.0,7940.0,7921.15,7921.86,276.318254,1578364499999.0,2191805.30394567,1802.0,184.638346,1464772.66482679,0.0,BTCUSDT
2020-01-07 02:35:00,7921.88,7924.17,7911.12,7915.24,192.884203,1578364799999.0,1526943.37608356,1682.0,92.498384,732261.47087592,0.0,BTCUSDT
2020-01-07 02:40:00,7915.21,7923.31,7913.0,7915.94,139.920179,1578365099999.0,1107916.64095443,1378.0,79.135665,626564.34671925,0.0,BTCUSDT
2020-01-07 02:45:00,7915.8,7919.14,7906.69,7914.14,195.82866,1578365399999.0,1549870.58854636,1125.0,85.555583,677181.16851352,0.0,BTCUSDT
2020-01-07 02:50:00,7914.16,7915.28,7911.06,7912.65,132.669233,1578365699999.0,1050021.53882651,1291.0,101.437786,802855.54706811,0.0,BTCUSDT
2020-01-07 02:55:00,7912.65,7913.28,7892.32,7896.2,293.393485,1578365999999.0,2317920.00746042,1823.0,100.485604,793834.62045008,0.0,BTCUSDT
2020-01-07 03:00:00,7896.08,7905.0,7893.36,7902.59,171.723774,1578366299999.0,1356733.00294231,1796.0,102.023801,806077.94056353,0.0,BTCUSDT
2020-01-07 03:05:00,7903.05,7915.28,7900.69,7911.08,123.408201,1578366599999.0,976204.40303304,1164.0,72.184736,570999.09756762,0.0,BTCUSDT
2020-01-07 03:10:00,7911.02,7916.94,7906.58,7908.02,182.905226,1578366899999.0,1447558.8348601,987.0,113.497838,898259.74048474,0.0,BTCUSDT
2020-01-07 03:15:00,7908.03,7908.74,7898.89,7899.79,262.962101,1578367199999.0,2078476.90823573,1297.0,71.235834,563095.53181209,0.0,BTCUSDT
2020-01-07 03:20:00,7900.0,7902.93,7889.53,7892.52,220.907997,1578367499999.0,1744211.77230688,1445.0,117.06001,924401.92193443,0.0,BTCUSDT
2020-01-07 03:25:00,7892.44,7897.76,7885.75,7897.31,176.402594,1578367799999.0,1392243.51218754,1885.0,113.259525,893948.65408397,0.0,BTCUSDT
2020-01-07 03:30:00,7897.38,7906.37,7892.5,7898.47,158.633333,1578368099999.0,1253220.53392168,1381.0,80.118161,632952.23914955,0.0,BTCUSDT
2020-01-07 03:35:00,7899.49,7906.99,7898.24,7906.9,91.400429,1578368399999.0,722489.51980785,1286.0,65.712778,519446.61876268,0.0,BTCUSDT
2020-01-07 03:40:00,7906.9,7912.88,7904.25,7912.78,95.385084,1578368699999.0,754431.57645202,1125.0,63.26761,500409.77291952,0.0,BTCUSDT
2020-01-07 03:45:00,7911.56,7912.98,7900.0,7901.8,123.649506,1578368999999.0,977438.9958653,947.0,45.467404,359400.10169364,0.0,BTCUSDT
2020-01-07 03:50:00,7902.54,7904.2,7898.46,7903.34,130.584317,1578369299999.0,1031788.17266011,893.0,97.237371,768313.37821398,0.0,BTCUSDT
2020-01-07 03:55:00,7902.89,7902.99,7892.8,7894.9,73.565768,1578369599999.0,581038.73073361,805.0,34.344293,271262.94730038,0.0,BTCUSDT
2020-01-07 04:00:00,7894.71,7905.5,7894.71,7900.0,139.327501,1578369899999.0,1100954.36298274,1129.0,71.062272,561549.21837741,0.0,BTCUSDT
2020-01-07 04:05:00,7900.0,7904.02,7893.3,7896.39,108.048219,1578370199999.0,853468.7887668,1168.0,73.873946,583552.59287879,0.0,BTCUSDT
2020-01-07 04:10:00,7896.07,7896.98,7883.0,7885.63,201.80562,1578370499999.0,1592273.75309693,1733.0,99.401636,784274.89317765,0.0,BTCUSDT
2020-01-07 04:15:00,7885.47,7885.47,7864.0,7867.62,415.23112,1578370799999.0,3269986.23747928,2507.0,225.47335,1776148.24351912,0.0,BTCUSDT
2020-01-07 04:20:00,7867.9,7875.14,7854.02,7858.37,357.614984,1578371099999.0,2813539.57375872,2347.0,192.105692,1511617.54290714,0.0,BTCUSDT
2020-01-07 04:25:00,7858.37,7879.61,7853.65,7873.35,315.387223,1578371399999.0,2481412.50839864,2340.0,138.564306,1090245.61573941,0.0,BTCUSDT
2020-01-07 04:30:00,7873.35,7882.75,7872.1,7872.86,113.858018,1578371699999.0,896959.13115779,1108.0,54.146767,426572.37194248,0.0,BTCUSDT
2020-01-07 04:35:00,7872.17,7873.23,7858.0,7860.25,183.638099,1578371999999.0,1444459.44757132,1427.0,98.153181,772107.88222454,0.0,BTCUSDT
2020-01-07 04:40:00,7860.25,7870.0,7854.57,7868.61,394.544088,1578372299999.0,3102302.27349357,1711.0,282.364476,2220147.20540951,0.0,BTCUSDT
2020-01-07 04:45:00,7868.55,7868.56,7854.59,7862.29,144.705865,1578372599999.0,1137078.00089834,1240.0,70.440667,553568.40533632,0.0,BTCUSDT
2020-01-07 04:50:00,7862.22,7863.04,7821.0,7832.43,711.981797,1578372899999.0,5580048.74601148,4489.0,334.002392,2617373.76930744,0.0,BTCUSDT
2020-01-07 04:55:00,7832.76,7848.0,7828.05,7840.83,179.247022,1578373199999.0,1404968.71461002,1878.0,103.238626,809340.69962764,0.0,BTCUSDT
2020-01-07 05:00:00,7839.75,7848.0,7833.65,7843.48,138.39987,1578373499999.0,1085525.630191,1372.0,69.736773,547002.60666896,0.0,BTCUSDT
2020-01-07 05:05:00,7843.58,7845.82,7826.63,7841.6,180.107909,1578373799999.0,1411496.74425579,1494.0,77.847131,610132.65125775,0.0,BTCUSDT
2020-01-07 05:10:00,7841.86,7854.01,7836.32,7853.27,321.540773,1578374099999.0,2522826.98429631,1647.0,256.034661,2008990.51381816,0.0,BTCUSDT
2020-01-07 05:15:00,7852.98,7864.27,7848.93,7858.67,167.083537,1578374399999.0,1312500.6609276,1382.0,106.26455,834713.81814533,0.0,BTCUSDT
2020-01-07 05:20:00,7857.95,7882.56,7857.88,7871.0,213.848788,1578374699999.0,1682885.01235852,2077.0,125.767979,989777.0586058,0.0,BTCUSDT
2020-01-07 05:25:00,7871.1,7880.0,7862.96,7871.0,160.059987,1578374999999.0,1259924.74807973,1629.0,74.749012,588424.42334673,0.0,BTCUSDT
2020-01-07 05:30:00,7871.0,7871.99,7857.92,7867.45,139.58778,1578375299999.0,1097877.52392358,1608.0,67.815631,533397.91233407,0.0,BTCUSDT
2020-01-07 05:35:00,7867.59,7868.24,7853.56,7858.66,127.970517,1578375599999.0,1005902.60472711,1270.0,49.209893,386836.78836501,0.0,BTCUSDT
2020-01-07 05:40:00,7858.52,7865.0,7856.08,7863.34,71.384028,1578375899999.0,561149.86790546,905.0,38.870946,305580.58222974,0.0,BTCUSDT
2020-01-07 05:45:00,7863.33,7876.89,7862.42,7871.32,63.181204,1578376199999.0,497260.61382986,817.0,34.721402,273252.75521947,0.0,BTCUSDT
2020-01-07 05:50:00,7871.3,7871.65,7865.89,7869.75,80.069068,1578376499999.0,630034.37629572,965.0,33.903629,266794.29484433,0.0,BTCUSDT
2020-01-07 05:55:00,7869.75,7878.95,7869.0,7869.33,85.887267,1578376799999.0,676188.95763042,1011.0,50.427226,397011.08926769,0.0,BTCUSDT
2020-01-07 06:00:00,7869.29,7872.15,7862.16,7863.08,74.599762,1578377099999.0,586926.0629272,1041.0,33.01859,259776.39355521,0.0,BTCUSDT
2020-01-07 06:05:00,7862.72,7863.48,7851.26,7855.78,94.263886,1578377399999.0,740616.6420069,1145.0,34.445403,270667.91376993,0.0,BTCUSDT
2020-01-07 06:10:00,7855.87,7873.04,7853.25,7868.29,112.771127,1578377699999.0,886780.06419945,1035.0,77.070451,606127.26897981,0.0,BTCUSDT
2020-01-07 06:15:00,7868.31,7876.0,7862.72,7864.23,71.511448,1578377999999.0,562781.57414518,988.0,34.013072,267713.86497882,0.0,BTCUSDT
2020-01-07 06:20:00,7863.95,7868.28,7860.0,7861.98,88.177193,1578378299999.0,693341.87113718,949.0,41.215773,324091.51914668,0.0,BTCUSDT
2020-01-07 06:25:00,7861.98,7864.97,7856.87,7863.6,92.878387,1578378599999.0,730068.98307066,970.0,42.559503,334553.83666654,0.0,BTCUSDT
2020-01-07 06:30:00,7863.43,7864.23,7856.0,7856.99,87.789784,1578378899999.0,689938.96982621,911.0,40.45684,317946.59989376,0.0,BTCUSDT
2020-01-07 06:35:00,7856.74,7861.71,7855.0,7859.72,82.949835,1578379199999.0,651836.50112115,923.0,46.026947,361703.53591895,0.0,BTCUSDT
2020-01-07 06:40:00,7858.7,7868.44,7858.43,7860.43,78.460689,1578379499999.0,616893.86147372,751.0,48.077212,378023.64312284,0.0,BTCUSDT
2020-01-07 06:45:00,7860.43,7868.14,7857.64,7867.18,70.009401,1578379799999.0,550383.43290815,808.0,35.442477,278638.43273475,0.0,BTCUSDT
2020-01-07 06:50:00,7867.18,7874.64,7863.54,7874.24,96.867804,1578380099999.0,762311.13551109,873.0,43.648916,343481.17019964,0.0,BTCUSDT
2020-01-07 06:55:00,7874.26,7874.5,7863.54,7872.91,84.091827,1578380399999.0,661885.78727542,880.0,51.447101,404930.83090425,0.0,BTCUSDT
2020-01-07 07:00:00,7873.05,7888.92,7870.23,7888.04,145.002747,1578380699999.0,1142431.62673288,1369.0,84.543877,666103.49939921,0.0,BTCUSDT
2020-01-07 07:05:00,7888.93,7896.72,7883.6,7884.88,198.638074,1578380999999.0,1567218.08415967,1648.0,113.337666,894265.37268736,0.0,BTCUSDT
2020-01-07 07:10:00,7884.83,7884.86,7870.0,7873.71,142.039307,1578381299999.0,1118912.33690894,1309.0,41.093909,323735.83241774,0.0,BTCUSDT
2020-01-07 07:15:00,7873.04,7874.26,7857.53,7863.22,139.685709,1578381599999.0,1098482.59796528,1370.0,70.067633,550991.14650303,0.0,BTCUSDT
2020-01-07 07:20:00,7863.22,7873.5,7859.09,7872.37,112.957923,1578381899999.0,888491.11079635,1197.0,65.725043,516975.73798418,0.0,BTCUSDT
2020-01-07 07:25:00,7872.23,7879.0,7868.85,7872.28,122.088856,1578382199999.0,961397.86133228,1192.0,53.460692,421014.84029873,0.0,BTCUSDT
2020-01-07 07:30:00,7872.28,7872.28,7864.06,7868.24,131.681359,1578382499999.0,1036150.23091843,1305.0,36.732612,289028.29694425,0.0,BTCUSDT
2020-01-07 07:35:00,7869.27,7874.08,7864.08,7872.26,101.652139,1578382799999.0,800068.84690201,980.0,64.528873,507918.95718925,0.0,BTCUSDT
2020-01-07 07:40:00,7872.3,7874.61,7869.94,7870.01,97.735436,1578383099999.0,769397.93856067,783.0,63.311561,498402.9258278,0.0,BTCUSDT
2020-01-07 07:45:00,7870.53,7880.0,7868.83,7877.6,312.805812,1578383399999.0,2463770.66986454,1300.0,98.512883,775815.73696484,0.0,BTCUSDT
2020-01-07 07:50:00,7877.6,7883.2,7876.88,7877.34,126.144939,1578383699999.0,993806.75164899,1365.0,32.417609,255422.18538796,0.0,BTCUSDT
2020-01-07 07:55:00,7877.34,7883.48,7877.34,7883.37,100.375435,1578383999999.0,790945.5432455,1180.0,31.900922,251388.41961541,0.0,BTCUSDT
2020-01-07 08:00:00,7883.11,7894.01,7880.61,7894.0,133.178817,1578384299999.0,1050479.4904472,1180.0,69.810997,550631.59957579,0.0,BTCUSDT
2020-01-07 08:05:00,7893.7,7894.0,7887.68,7887.68,205.040457,1578384599999.0,1617911.60379051,1916.0,61.410364,484598.49380843,0.0,BTCUSDT
2020-01-07 08:10:00,7887.68,7894.51,7885.68,7891.2,205.157209,1578384899999.0,1618599.36895697,1676.0,71.049569,560619.85253945,0.0,BTCUSDT
2020-01-07 08:15:00,7891.2,7892.32,7883.08,7887.47,156.099853,1578385199999.0,1231243.76546156,1593.0,39.450456,311215.91012777,0.0,BTCUSDT
2020-01-07 08:20:00,7887.48,7893.0,7885.0,7889.56,149.645901,1578385499999.0,1180470.45310948,1611.0,77.554605,611815.8437702,0.0,BTCUSDT
2020-01-07 08:25:00,7889.34,7904.72,7888.87,7900.93,343.890497,1578385799999.0,2716257.83306019,1883.0,233.283521,1842630.89145526,0.0,BTCUSDT
2020-01-07 08:30:00,7900.93,7903.5,7879.0,7880.64,257.7507,1578386099999.0,2034205.24481055,2317.0,92.629198,731069.19786492,0.0,BTCUSDT
2020-01-07 08:35:00,7880.63,7890.12,7877.37,7890.12,96.248918,1578386399999.0,758636.95829399,972.0,51.125733,402994.14563458,0.0,BTCUSDT
2020-01-07 08:40:00,7890.12,7893.78,7880.0,7880.18,86.682435,1578386699999.0,683505.2393912,776.0,42.055296,331614.9440487,0.0,BTCUSDT
2020-01-07 08:45:00,7880.21,7880.21,7871.38,7872.57,151.869976,1578386999999.0,1196167.51185205,1149.0,44.425623,349897.86374747,0.0,BTCUSDT
2020-01-07 08:50:00,7872.57,7880.0,7868.0,7873.04,171.399442,1578387299999.0,1349456.60053351,1243.0,89.087422,701371.59599155,0.0,BTCUSDT
2020-01-07 08:55:00,7872.99,7887.94,7872.99,7883.97,103.981306,1578387599999.0,819479.01200577,1074.0,78.583845,619297.96008093,0.0,BTCUSDT
2020-01-07 09:00:00,7884.32,7886.17,7877.53,7877.89,70.580941,1578387899999.0,556293.27999056,818.0,24.222881,190925.7835786,0.0,BTCUSDT
2020-01-07 09:05:00,7878.03,7883.89,7876.82,7881.92,56.998385,1578388199999.0,449133.71926722,609.0,23.648002,186341.75873176,0.0,BTCUSDT
2020-01-07 09:10:00,7882.53,7885.43,7881.48,7882.09,67.959727,1578388499999.0,535718.6693771,804.0,31.335448,247013.16918545,0.0,BTCUSDT
2020-01-07 09:15:00,7882.16,7885.0,7879.0,7879.21,70.097614,1578388799999.0,552487.09128741,775.0,27.283666,215050.26943778,0.0,BTCUSDT
2020-01-07 09:20:00,7879.24,7880.0,7873.53,7877.13,199.669407,1578389099999.0,1572906.13160459,982.0,116.684492,919200.35450161,0.0,BTCUSDT
2020-01-07 09:25:00,7877.23,7878.94,7866.52,7868.04,129.957624,1578389399999.0,1023001.34236435,920.0,46.292948,364460.81631245,0.0,BTCUSDT
2020-01-07 09:30:00,7867.97,7874.67,7863.67,7872.03,108.841704,1578389699999.0,856524.21636965,1514.0,76.965315,605685.08857098,0.0,BTCUSDT
2020-01-07 09:35:00,7872.88,7876.76,7871.6,7875.04,70.196481,1578389999999.0,552765.35987517,886.0,45.666899,359611.29217299,0.0,BTCUSDT
2020-01-07 09:40:00,7875.04,7875.54,7870.03,7875.12,88.183071,1578390299999.0,694328.41669552,998.0,52.059674,409924.2482713,0.0,BTCUSDT
2020-01-07 09:45:00,7875.09,7875.09,7864.93,7868.04,63.8977,1578390599999.0,502916.68808679,746.0,27.99569,220364.53710963,0.0,BTCUSDT
2020-01-07 09:50:00,7867.54,7868.21,7857.91,7864.99,126.067997,1578390899999.0,991158.55585761,1111.0,46.234798,363551.2525731,0.0,BTCUSDT
2020-01-07 09:55:00,7864.84,7864.99,7855.0,7856.26,213.731325,1578391199999.0,1679778.80128015,1197.0,112.132791,881448.21418204,0.0,BTCUSDT
2020-01-07 10:00:00,7856.26,7872.65,7856.15,7868.14,135.72311,1578391499999.0,1067425.76840464,1613.0,95.784574,753221.29814473,0.0,BTCUSDT
2020-01-07 10:05:00,7868.16,7874.36,7865.09,7873.9,93.565524,1578391799999.0,736312.04431696,1096.0,51.081898,402027.36490202,0.0,BTCUSDT
2020-01-07 10:10:00,7874.18,7874.18,7864.01,7864.84,75.645591,1578392099999.0,595164.14316555,906.0,31.740367,249702.58482045,0.0,BTCUSDT
2020-01-07 10:15:00,7864.47,7865.43,7863.85,7864.76,61.212184,1578392399999.0,481395.90496063,609.0,39.291975,309007.37967307,0.0,BTCUSDT
2020-01-07 10:20:00,7864.49,7869.6,7864.13,7867.4,73.042765,1578392699999.0,574574.74658876,876.0,46.238922,363732.65307006,0.0,BTCUSDT
2020-01-07 10:25:00,7867.39,7871.0,7865.45,7870.99,88.141387,1578392999999.0,693643.63923454,764.0,58.503009,460424.39040859,0.0,BTCUSDT
2020-01-07 10:30:00,7871.0,7879.55,7870.99,7873.44,90.011904,1578393299999.0,708875.15855915,992.0,48.514675,382093.15448823,0.0,BTCUSDT
2020-01-07 10:35:00,7873.75,7879.07,7873.02,7879.03,73.900627,1578393599999.0,581990.05243229,765.0,42.314233,333249.77984276,0.0,BTCUSDT
2020-01-07 10:40:00,7879.03,7879.05,7872.61,7873.4,83.312835,1578393899999.0,656038.05671937,1051.0,34.327106,270291.16987895,0.0,BTCUSDT
2020-01-07 10:45:00,7873.69,7877.17,7869.71,7874.62,87.291747,1578394199999.0,687239.18187644,990.0,41.385665,325828.75665982,0.0,BTCUSDT
2020-01-07 10:50:00,7874.62,7874.63,7870.0,7872.46,53.063683,1578394499999.0,417721.49601318,688.0,19.70176,155094.88593794,0.0,BTCUSDT
2020-01-07 10:55:00,7872.25,7889.78,7872.0,7889.24,249.655068,1578394799999.0,1967820.04600047,1563.0,178.914742,1410105.3216141,0.0,BTCUSDT
2020-01-07 11:00:00,7888.12,7894.95,7885.55,7893.04,209.164119,1578395099999.0,1650735.7300481,1371.0,88.080419,695121.23328543,0.0,BTCUSDT
2020-01-07 11:05:00,7893.04,7893.05,7881.69,7890.89,149.878746,1578395399999.0,1182233.23710288,1583.0,60.586809,477934.69003292,0.0,BTCUSDT
2020-01-07 11:10:00,7891.54,7917.97,7890.38,7916.44,298.393586,1578395699999.0,2357866.38577649,2128.0,250.903205,1982524.12490323,0.0,BTCUSDT
2020-01-07 11:15:00,7916.45,7924.35,7905.0,7918.84,385.354054,1578395999999.0,3050804.43519744,2557.0,137.085304,1085395.26525363,0.0,BTCUSDT
2020-01-07 11:20:00,7918.98,7919.59,7906.23,7915.0,209.748037,1578396299999.0,1659998.95163617,1631.0,99.224467,785324.65812688,0.0,BTCUSDT
2020-01-07 11:25:00,7915.03,7940.4,7911.45,7938.43,409.965942,1578396599999.0,3251297.82198755,3094.0,188.112175,1491849.63814931,0.0,BTCUSDT
2020-01-07 11:30:00,7938.43,7944.8,7922.35,7925.46,317.511559,1578396899999.0,2518112.93576478,2361.0,106.17952,842270.95496206,0.0,BTCUSDT
2020-01-07 11:35:00,7926.67,7952.43,7920.0,7923.42,392.294233,1578397199999.0,3113482.30929717,2248.0,174.532511,1385503.06264838,0.0,BTCUSDT
2020-01-07 11:40:00,7923.8,7931.13,7921.0,7928.22,210.080159,1578397499999.0,1664777.41998261,1660.0,85.521285,677683.82394165,0.0,BTCUSDT
2020-01-07 11:45:00,7928.38,7954.04,7928.26,7950.33,348.578222,1578397799999.0,2767996.92955478,2484.0,197.922155,1571805.02827378,0.0,BTCUSDT
2020-01-07 11:50:00,7951.68,7965.0,7939.04,7940.0,558.561832,1578398099999.0,4442456.08207164,3712.0,300.343919,2388842.47958428,0.0,BTCUSDT
2020-01-07 11:55:00,7939.11,7939.99,7888.19,7895.14,717.577095,1578398399999.0,5676479.80723548,4781.0,250.720493,1983170.98419961,0.0,BTCUSDT
2020-01-07 12:00:00,7895.13,7910.0,7875.0,7907.1,482.652019,1578398699999.0,3808251.7215101,3438.0,226.983545,1791269.24066781,0.0,BTCUSDT
2020-01-07 12:05:00,7908.18,7915.77,7885.56,7904.49,282.897344,1578398999999.0,2235433.20154818,2095.0,111.734357,882980.30859082,0.0,BTCUSDT
2020-01-07 12:10:00,7904.41,7906.22,7895.99,7898.35,160.205051,1578399299999.0,1265769.84103926,1600.0,90.787487,717294.02140777,0.0,BTCUSDT
2020-01-07 12:15:00,7898.2,7904.84,7881.07,7882.74,220.584613,1578399599999.0,1741088.56328703,1694.0,86.324317,681417.43933844,0.0,BTCUSDT
2020-01-07 12:20:00,7882.63,7883.18,7859.28,7867.43,401.785192,1578399899999.0,3163140.68786719,3382.0,184.510236,1452705.09977746,0.0,BTCUSDT
2020-01-07 12:25:00,7867.39,7875.0,7840.0,7864.81,496.663618,1578400199999.0,3902589.23992941,4004.0,203.507436,1599570.169364,0.0,BTCUSDT
2020-01-07 12:30:00,7866.64,7879.0,7860.85,7872.98,215.467038,1578400499999.0,1696032.23320469,2261.0,117.401381,924070.95306367,0.0,BTCUSDT
2020-01-07 12:35:00,7872.27,7885.7,7870.0,7879.89,165.138695,1578400799999.0,1301403.39403326,1481.0,101.293727,798314.7185802,0.0,BTCUSDT
2020-01-07 12:40:00,7879.45,7880.53,7865.64,7875.64,199.857514,1578401099999.0,1573250.59015972,1474.0,115.758912,911211.31690181,0.0,BTCUSDT
2020-01-07 12:45:00,7875.64,7889.98,7873.65,7882.78,219.596477,1578401399999.0,1730579.80672484,1392.0,119.145851,938956.59437277,0.0,BTCUSDT
2020-01-07 12:50:00,7882.78,7889.72,7863.41,7868.03,139.609965,1578401699999.0,1099680.43471348,1357.0,59.948298,472142.06348584,0.0,BTCUSDT
2020-01-07 12:55:00,7868.03,7870.99,7856.8,7869.05,183.345836,1578401999999.0,1441547.52768281,1616.0,88.983936,699655.22657033,0.0,BTCUSDT
2020-01-07 13:00:00,7869.02,7869.03,7831.0,7832.03,253.951784,1578402299999.0,1993681.45309625,2432.0,101.113618,794084.94289901,0.0,BTCUSDT
2020-01-07 13:05:00,7831.0,7844.0,7810.73,7843.61,752.714473,1578402599999.0,5891829.8661638,5551.0,400.690384,3136700.15078406,0.0,BTCUSDT
2020-01-07 13:10:00,7843.68,7849.02,7829.98,7835.04,204.758958,1578402899999.0,1605137.5111254,2006.0,116.306351,911624.87579223,0.0,BTCUSDT
2020-01-07 13:15:00,7835.05,7848.49,7823.15,7845.63,309.864922,1578403199999.0,2426919.76074486,2200.0,183.412901,1436571.44731148,0.0,BTCUSDT
2020-01-07 13:20:00,7844.5,7855.0,7839.53,7847.05,168.693836,1578403499999.0,1323895.77838672,1674.0,98.34447,771826.48662872,0.0,BTCUSDT
2020-01-07 13:25:00,7847.05,7851.04,7837.03,7842.12,160.905734,1578403799999.0,1262338.34225404,1297.0,78.672875,617244.05915453,0.0,BTCUSDT
2020-01-07 13:30:00,7840.3,7841.71,7814.88,7829.0,296.23355,1578404099999.0,2318657.32812794,2269.0,166.04131,1299764.48371485,0.0,BTCUSDT
2020-01-07 13:35:00,7829.0,7839.89,7825.25,7833.78,147.865718,1578404399999.0,1158132.65856494,1444.0,88.979917,696935.17840421,0.0,BTCUSDT
2020-01-07 13:40:00,7833.78,7845.69,7831.5,7843.59,150.359325,1578404699999.0,1178539.14701389,1263.0,91.171113,714592.5625403,0.0,BTCUSDT
2020-01-07 13:45:00,7843.0,7858.0,7837.55,7856.34,162.530998,1578404999999.0,1275517.90158601,1412.0,84.491637,663138.99094046,0.0,BTCUSDT
2020-01-07 13:50:00,7856.83,7858.0,7846.65,7854.98,193.811996,1578405299999.0,1522223.71653674,1102.0,93.557966,734808.69397074,0.0,BTCUSDT
2020-01-07 13:55:00,7854.71,7858.85,7847.99,7847.99,134.165446,1578405599999.0,1053766.46148021,1156.0,85.602438,672408.32992832,0.0,BTCUSDT
2020-01-07 14:00:00,7847.99,7854.99,7839.17,7839.73,136.144583,1578405899999.0,1068376.45464965,1165.0,49.349882,387235.97876151,0.0,BTCUSDT
2020-01-07 14:05:00,7840.0,7852.06,7837.26,7851.38,187.545115,1578406199999.0,1470914.8574493,1348.0,84.647634,663893.9684246,0.0,BTCUSDT
2020-01-07 14:10:00,7851.55,7866.0,7851.54,7857.67,211.492868,1578406499999.0,1662377.98830366,1656.0,117.013146,919746.36833696,0.0,BTCUSDT
2020-01-07 14:15:00,7857.5,7866.66,7855.57,7860.41,138.373477,1578406799999.0,1087856.03438259,1065.0,90.426277,710926.7250299,0.0,BTCUSDT
2020-01-07 14:20:00,7860.46,7868.58,7853.02,7857.39,178.517207,1578407099999.0,1403534.93580432,1507.0,93.616064,736012.80467787,0.0,BTCUSDT
2020-01-07 14:25:00,7857.22,7878.28,7854.35,7875.37,176.341155,1578407399999.0,1387392.9509734,1586.0,101.878997,801564.39333996,0.0,BTCUSDT
2020-01-07 14:30:00,7875.29,7884.59,7871.82,7877.6,210.140457,1578407699999.0,1655673.08253139,1492.0,99.768915,786083.18006004,0.0,BTCUSDT
2020-01-07 14:35:00,7877.67,7879.62,7869.08,7869.51,164.084999,1578407999999.0,1291975.36364988,1676.0,66.288566,521905.2108469,0.0,BTCUSDT
2020-01-07 14:40:00,7869.61,7874.74,7862.65,7863.6,260.466542,1578408299999.0,2049696.73028511,1538.0,174.167795,1370631.97334037,0.0,BTCUSDT
2020-01-07 14:45:00,7863.14,7868.46,7858.19,7866.36,275.589657,1578408599999.0,2166696.93902721,1496.0,194.096595,1525884.90053924,0.0,BTCUSDT
2020-01-07 14:50:00,7866.8,7868.53,7854.22,7857.96,190.769956,1578408899999.0,1499528.04846677,1886.0,85.618523,672990.6457562,0.0,BTCUSDT
2020-01-07 14:55:00,7857.99,7860.0,7838.8,7838.8,290.310991,1578409199999.0,2280016.28276042,2028.0,185.689423,1458681.10669726,0.0,BTCUSDT
2020-01-07 15:00:00,7841.16,7847.99,7830.43,7832.52,228.595357,1578409499999.0,1791448.06198351,2028.0,108.340159,849099.71995245,0.0,BTCUSDT
2020-01-07 15:05:00,7832.52,7832.52,7815.0,7824.18,407.35519,1578409799999.0,3186543.53089131,3458.0,216.372269,1692651.76783116,0.0,BTCUSDT
2020-01-07 15:10:00,7824.23,7839.15,7816.87,7833.77,336.531032,1578410099999.0,2634268.82091704,4070.0,192.617941,1507949.95189372,0.0,BTCUSDT
2020-01-07 15:15:00,7833.29,7843.9,7831.11,7835.94,177.779507,1578410399999.0,1393433.20357951,2117.0,101.864668,798391.9708183,0.0,BTCUSDT
2020-01-07 15:20:00,7835.94,7844.43,7833.78,7836.01,118.978527,1578410699999.0,932747.2245836,1079.0,75.292193,590256.8612411,0.0,BTCUSDT
2020-01-07 15:25:00,7835.7,7838.08,7827.09,7831.37,215.734567,1578410999999.0,1689403.3093551,1752.0,115.54666,904896.98303983,0.0,BTCUSDT
2020-01-07 15:30:00,7830.3,7831.35,7793.65,7799.66,511.653392,1578411299999.0,3995644.17150834,3523.0,151.74559,1185555.18144544,0.0,BTCUSDT
2020-01-07 15:35:00,7798.5,7799.63,7762.0,7777.14,1070.699889,1578411599999.0,8328064.7409685,6710.0,519.454655,4040607.45704719,0.0,BTCUSDT
2020-01-07 15:40:00,7777.14,7798.48,7776.13,7789.22,356.01834,1578411899999.0,2772915.13289673,2470.0,135.834176,1057968.91477751,0.0,BTCUSDT
2020-01-07 15:45:00,7789.27,7798.33,7774.38,7783.95,289.977189,1578412199999.0,2257862.31351663,1961.0,130.166943,1013609.97068572,0.0,BTCUSDT
2020-01-07 15:50:00,7783.46,7784.02,7740.29,7762.98,1068.712558,1578412499999.0,8293876.28672674,4591.0,512.432923,3974409.47948407,0.0,BTCUSDT
2020-01-07 15:55:00,7762.26,7773.16,7744.32,7764.59,510.166603,1578412799999.0,3957343.83798373,2688.0,281.079453,2180249.81268212,0.0,BTCUSDT
2020-01-07 16:00:00,7764.04,7860.0,7723.71,7794.65,1035.422627,1578413099999.0,8045340.58766623,6432.0,541.686679,4213190.39268858,0.0,BTCUSDT
2020-01-07 16:05:00,7794.07,7828.57,7793.49,7825.13,578.253491,1578413399999.0,4515770.59005879,3722.0,250.627764,1957348.41698754,0.0,BTCUSDT
2020-01-07 16:10:00,7826.32,7857.97,7815.72,7852.85,632.623912,1578413699999.0,4957749.81530881,3610.0,326.55131,2559753.73072959,0.0,BTCUSDT
2020-01-07 16:15:00,7852.84,7855.48,7830.0,7844.45,325.24257,1578413999999.0,2549772.66541959,2225.0,148.797286,1166535.23872602,0.0,BTCUSDT
2020-01-07 16:20:00,7844.47,7848.94,7833.19,7839.8,222.149801,1578414299999.0,1741810.40011403,1739.0,92.829896,727928.78504591,0.0,BTCUSDT
2020-01-07 16:25:00,7839.86,7886.65,7835.01,7882.96,620.090666,1578414599999.0,4878530.63179744,3711.0,334.164699,2629007.93054945,0.0,BTCUSDT
2020-01-07 16:30:00,7882.96,7920.51,7868.15,7917.6,657.125481,1578414899999.0,5188146.817833,4275.0,362.349997,2862215.43051241,0.0,BTCUSDT
2020-01-07 16:35:00,7917.61,7924.39,7891.81,7921.28,783.292897,1578415199999.0,6190684.37274662,3850.0,270.285816,2137066.20997722,0.0,BTCUSDT
2020-01-07 16:40:00,7923.0,7936.54,7902.0,7903.01,588.908321,1578415499999.0,4662368.07987263,3556.0,286.712181,2269481.84174469,0.0,BTCUSDT
2020-01-07 16:45:00,7903.35,7930.67,7902.06,7927.1,325.092569,1578415799999.0,2574676.76040537,2064.0,182.187574,1442817.92317807,0.0,BTCUSDT
2020-01-07 16:50:00,7927.1,7934.55,7910.0,7913.41,344.975902,1578416099999.0,2732800.56823246,2354.0,171.226611,1356618.24311431,0.0,BTCUSDT
2020-01-07 16:55:00,7913.44,7940.12,7911.48,7912.18,297.703838,1578416399999.0,2359686.28185268,2284.0,184.821065,1465243.22079985,0.0,BTCUSDT
2020-01-07 17:00:00,7912.18,7929.89,7909.98,7911.43,208.470705,1578416699999.0,1650888.13794215,1844.0,121.430876,961652.16527464,0.0,BTCUSDT
2020-01-07 17:05:00,7912.14,7915.0,7878.01,7890.84,352.831941,1578416999999.0,2786446.18624601,2622.0,165.117276,1304060.15571411,0.0,BTCUSDT
2020-01-07 17:10:00,7890.84,7904.52,7888.95,7901.99,255.320693,1578417299999.0,2016024.05116382,2085.0,151.228107,1194167.01652199,0.0,BTCUSDT
2020-01-07 17:15:00,7901.76,7927.57,7895.27,7919.86,265.210619,1578417599999.0,2098573.25090827,2006.0,153.016688,1210794.94788094,0.0,BTCUSDT
2020-01-07 17:20:00,7919.9,7929.62,7918.06,7922.83,219.329188,1578417899999.0,1737803.26072526,1898.0,117.771725,933162.5180896,0.0,BTCUSDT
2020-01-07 17:25:00,7922.81,7952.05,7922.81,7935.72,468.206487,1578418199999.0,3717705.17512171,3445.0,275.572169,2188279.48895683,0.0,BTCUSDT
2020-01-07 17:30:00,7937.21,7944.02,7897.82,7921.06,488.43867,1578418499999.0,3867350.68006406,3626.0,254.680875,2016496.40877447,0.0,BTCUSDT
2020-01-07 17:35:00,7923.1,7938.0,7920.0,7937.15,154.259265,1578418799999.0,1223031.73216654,1581.0,66.657857,528493.99280095,0.0,BTCUSDT
2020-01-07 17:40:00,7937.09,7947.38,7930.23,7943.54,195.235819,1578419099999.0,1550104.27721728,1675.0,121.957129,968449.01837508,0.0,BTCUSDT
2020-01-07 17:45:00,7943.88,7952.0,7928.48,7943.35,353.360961,1578419399999.0,2806321.73771174,1834.0,211.859346,1682519.25596206,0.0,BTCUSDT
2020-01-07 17:50:00,7942.89,7945.44,7922.74,7925.47,202.131954,1578419699999.0,1603748.06846284,1718.0,74.853784,593939.43694266,0.0,BTCUSDT
2020-01-07 17:55:00,7925.47,7939.83,7920.12,7938.33,130.209835,1578419999999.0,1032375.20643633,1182.0,97.538415,773300.3025379,0.0,BTCUSDT
2020-01-07 18:00:00,7937.88,7945.0,7922.64,7926.49,207.421767,1578420299999.0,1646502.06124438,1469.0,116.771981,927053.47580095,0.0,BTCUSDT
2020-01-07 18:05:00,7926.35,7939.01,7919.22,7935.34,123.631065,1578420599999.0,980250.82443419,1103.0,47.766196,378774.03174758,0.0,BTCUSDT
2020-01-07 18:10:00,7935.73,7970.0,7927.36,7966.85,444.535043,1578420899999.0,3534383.4863269,2740.0,223.491988,1776824.71564023,0.0,BTCUSDT
2020-01-07 18:15:00,7966.85,7983.65,7953.68,7953.79,521.724977,1578421199999.0,4158702.7613969,3625.0,270.737414,2158644.69247112,0.0,BTCUSDT
2020-01-07 18:20:00,7953.79,7980.0,7948.0,7977.74,441.84966,1578421499999.0,3521587.50490662,2266.0,227.25747,1811206.58619584,0.0,BTCUSDT
2020-01-07 18:25:00,7977.82,8069.99,7967.14,8039.72,1772.523185,1578421799999.0,14207043.85426912,11834.0,1040.690064,8339085.31862494,0.0,BTCUSDT
2020-01-07 18:30:00,8039.72,8090.0,8035.38,8058.86,1393.403945,1578422099999.0,11235883.58004982,9927.0,746.793297,6023974.46677931,0.0,BTCUSDT
2020-01-07 18:35:00,8058.71,8137.0,8046.39,8078.9,1776.405915,1578422399999.0,14372186.21387246,11024.0,887.516446,7182671.19439568,0.0,BTCUSDT
2020-01-07 18:40:00,8079.76,8100.0,8062.66,8073.01,729.064412,1578422699999.0,5893439.34261777,4992.0,333.272212,2693722.47851602,0.0,BTCUSDT
2020-01-07 18:45:00,8071.17,8125.0,8071.06,8115.13,567.421215,1578422999999.0,4595189.59661643,4551.0,328.130877,2657387.30188636,0.0,BTCUSDT
2020-01-07 18:50:00,8114.18,8124.75,8081.0,8094.05,669.43683,1578423299999.0,5424327.11733974,5013.0,272.051916,2204259.7849656,0.0,BTCUSDT
2020-01-07 18:55:00,8092.29,8093.88,8030.0,8037.69,680.389473,1578423599999.0,5485659.60951171,4727.0,267.925027,2159911.99915745,0.0,BTCUSDT
2020-01-07 19:00:00,8038.54,8073.38,8032.39,8054.08,628.529619,1578423899999.0,5063634.96902273,4077.0,406.550548,3275236.25565552,0.0,BTCUSDT
2020-01-07 19:05:00,8053.56,8079.71,8052.54,8072.13,335.266065,1578424199999.0,2705482.06413624,2809.0,179.751272,1450456.50564432,0.0,BTCUSDT
2020-01-07 19:10:00,8072.46,8087.34,8064.83,8084.0,584.084289,1578424499999.0,4717550.29390963,2669.0,224.188276,1810614.80860338,0.0,BTCUSDT
2020-01-07 19:15:00,8080.3,8098.19,8064.83,8074.45,329.2844,1578424799999.0,2661234.48894844,3126.0,161.776218,1307468.25785137,0.0,BTCUSDT
2020-01-07 19:20:00,8074.47,8089.0,8061.13,8061.56,258.739635,1578425099999.0,2089021.94895878,2095.0,132.152677,1066916.34166259,0.0,BTCUSDT
2020-01-07 19:25:00,8061.36,8094.99,8061.28,8086.26,411.685055,1578425399999.0,3324600.81044391,3267.0,191.440393,1545953.17754114,0.0,BTCUSDT
2020-01-07 19:30:00,8086.26,8096.49,8068.35,8091.69,412.949487,1578425699999.0,3337444.69460718,4098.0,208.17962,1682710.78376821,0.0,BTCUSDT
2020-01-07 19:35:00,8092.52,8110.0,8085.64,8095.0,357.434276,1578425999999.0,2894722.40459153,3266.0,172.293413,1395442.53737389,0.0,BTCUSDT
2020-01-07 19:40:00,8095.0,8097.74,8074.34,8086.74,228.704217,1578426299999.0,1849722.88008151,1891.0,98.555753,797161.89689711,0.0,BTCUSDT
2020-01-07 19:45:00,8086.74,8103.63,8077.33,8102.12,179.723847,1578426599999.0,1453500.89177249,1574.0,97.268638,786628.58872609,0.0,BTCUSDT
2020-01-07 19:50:00,8102.77,8111.45,8083.47,8089.3,187.436289,1578426899999.0,1517708.83182258,2191.0,94.599364,766089.4675989,0.0,BTCUSDT
2020-01-07 19:55:00,8089.31,8089.31,8060.0,8073.69,369.371505,1578427199999.0,2980716.94201532,2549.0,224.719841,1813199.15271551,0.0,BTCUSDT
2020-01-07 20:00:00,8073.69,8079.71,8041.28,8079.66,514.82153,1578427499999.0,4148610.9656081,3515.0,372.611117,3002688.35961197,0.0,BTCUSDT
2020-01-07 20:05:00,8079.62,8085.36,8067.83,8068.82,119.562853,1578427799999.0,965717.93186063,1506.0,56.607107,457284.98338132,0.0,BTCUSDT
2020-01-07 20:10:00,8069.18,8073.37,8059.99,8072.22,416.691408,1578428099999.0,3361281.89482152,2788.0,302.260441,2438195.57544679,0.0,BTCUSDT
2020-01-07 20:15:00,8072.23,8097.0,8072.23,8083.98,299.74584,1578428399999.0,2424210.37502063,2766.0,140.068939,1132778.51740761,0.0,BTCUSDT
2020-01-07 20:20:00,8083.32,8099.0,8082.99,8087.22,138.902836,1578428699999.0,1123835.94329469,1554.0,87.055922,704366.77436533,0.0,BTCUSDT
2020-01-07 20:25:00,8089.02,8109.68,8088.16,8108.03,194.78495,1578428999999.0,1577815.44848634,2179.0,97.692318,791372.46228983,0.0,BTCUSDT
2020-01-07 20:30:00,8108.01,8110.51,8079.0,8102.1,435.080823,1578429299999.0,3522370.57993391,2698.0,131.564714,1064988.9803663,0.0,BTCUSDT
2020-01-07 20:35:00,8102.85,8104.15,8091.92,8096.24,102.083344,1578429599999.0,826731.06838022,1245.0,51.99993,421131.29325871,0.0,BTCUSDT
2020-01-07 20:40:00,8096.38,8159.0,8089.25,8149.3,760.562636,1578429899999.0,6184767.21191919,5123.0,429.981888,3497780.26367585,0.0,BTCUSDT
2020-01-07 20:45:00,8149.31,8175.01,8134.12,8168.49,659.492433,1578430199999.0,5380630.16431191,4507.0,237.080944,1934304.93959502,0.0,BTCUSDT
2020-01-07 20:50:00,8169.16,8173.65,8137.64,8173.65,390.659386,1578430499999.0,3186947.8900816,3018.0,165.779459,1352515.49344244,0.0,BTCUSDT
2020-01-07 20:55:00,8171.5,8174.87,8156.25,8162.66,372.339628,1578430799999.0,3040144.99715127,2803.0,127.452617,1040585.42235631,0.0,BTCUSDT
2020-01-07 21:00:00,8162.57,8188.0,8162.0,8175.18,346.187857,1578431099999.0,2830339.24592113,3061.0,169.711141,1387601.62731826,0.0,BTCUSDT
2020-01-07 21:05:00,8175.18,8176.54,8132.67,8143.14,630.113496,1578431399999.0,5136672.28399814,4309.0,223.993156,1825560.88695171,0.0,BTCUSDT
2020-01-07 21:10:00,8143.06,8165.23,8136.96,8144.53,218.334121,1578431699999.0,1779580.14389104,2156.0,87.823563,715832.82268792,0.0,BTCUSDT
2020-01-07 21:15:00,8144.16,8146.32,8057.31,8103.97,871.438839,1578431999999.0,7056991.75531788,6653.0,460.21228,3727302.27423533,0.0,BTCUSDT
2020-01-07 21:20:00,8105.16,8106.43,8065.02,8088.52,431.900715,1578432299999.0,3490516.88704623,3150.0,155.878073,1259940.37394162,0.0,BTCUSDT
2020-01-07 21:25:00,8088.93,8102.86,8070.0,8076.59,235.751719,1578432599999.0,1906793.3118946,1998.0,84.508168,683846.86292386,0.0,BTCUSDT
2020-01-07 21:30:00,8075.01,8088.58,8060.01,8073.53,257.093827,1578432899999.0,2075783.01455274,2479.0,111.320891,899023.10633528,0.0,BTCUSDT
2020-01-07 21:35:00,8073.34,8088.0,8055.55,8077.7,199.641146,1578433199999.0,1612071.73832493,1916.0,79.093441,638732.08087365,0.0,BTCUSDT
2020-01-07 21:40:00,8077.7,8080.54,8066.24,8068.73,338.522725,1578433499999.0,2734348.04091959,1608.0,87.748132,708734.34673582,0.0,BTCUSDT
2020-01-07 21:45:00,8068.8,8075.21,8052.5,8052.5,314.559885,1578433799999.0,2536615.38115555,1929.0,85.515018,689441.11345758,0.0,BTCUSDT
2020-01-07 21:50:00,8053.09,8053.72,7975.74,8036.1,968.4123,1578434099999.0,7767129.38387123,6959.0,457.986172,3673655.06633601,0.0,BTCUSDT
2020-01-07 21:55:00,8036.15,8037.86,8003.01,8016.44,304.60105,1578434399999.0,2442307.67584996,2700.0,158.434177,1270243.40067663,0.0,BTCUSDT
2020-01-07 22:00:00,8016.43,8067.06,8008.61,8051.38,420.748234,1578434699999.0,3385211.06474953,3619.0,290.395052,2336837.67146757,0.0,BTCUSDT
2020-01-07 22:05:00,8053.14,8057.96,8032.17,8033.68,174.585174,1578434999999.0,1404910.53142226,1560.0,79.013358,635825.31231905,0.0,BTCUSDT
2020-01-07 22:10:00,8032.52,8033.96,7999.17,8026.0,282.239241,1578435299999.0,2262374.77166615,2610.0,110.955597,889584.07923219,0.0,BTCUSDT
2020-01-07 22:15:00,8025.54,8026.22,7950.25,7963.64,330.206427,1578435599999.0,2638056.68746618,3275.0,124.626007,996366.12728734,0.0,BTCUSDT
2020-01-07 22:20:00,7963.65,7994.56,7945.72,7980.04,487.868683,1578435899999.0,3886835.29628932,3987.0,250.711545,1997818.62345131,0.0,BTCUSDT
2020-01-07 22:25:00,7981.17,8029.1,7979.75,8023.91,279.865366,1578436199999.0,2240551.15502259,2639.0,192.398445,1540264.17397882,0.0,BTCUSDT
2020-01-07 22:30:00,8020.58,8030.05,7999.64,8001.48,306.845336,1578436499999.0,2460880.90578888,2707.0,99.462927,797230.28178577,0.0,BTCUSDT
2020-01-07 22:35:00,8000.35,8038.03,7997.81,8028.92,166.497899,1578436799999.0,1335793.8584906,2727.0,97.299254,780651.32993271,0.0,BTCUSDT
2020-01-07 22:40:00,8028.81,8060.42,8028.81,8045.38,242.920602,1578437099999.0,1956080.75158175,3160.0,129.884164,1045880.81991852,0.0,BTCUSDT
2020-01-07 22:45:00,8045.38,8057.27,8044.24,8045.17,115.095292,1578437399999.0,926528.69887671,1606.0,57.898888,466126.00886419,0.0,BTCUSDT
2020-01-07 22:50:00,8044.73,8046.27,8016.0,8016.44,153.729982,1578437699999.0,1234645.76311961,2022.0,60.757115,488073.99076854,0.0,BTCUSDT
2020-01-07 22:55:00,8016.83,8049.99,8015.86,8049.55,127.931154,1578437999999.0,1027740.67305754,1506.0,90.662887,728253.55516924,0.0,BTCUSDT
2020-01-07 23:00:00,8049.83,8055.0,8034.97,8040.01,121.746718,1578438299999.0,979601.90120355,1591.0,51.350948,413204.08957813,0.0,BTCUSDT
2020-01-07 23:05:00,8040.01,8055.45,8020.7,8042.63,147.987379,1578438599999.0,1189116.07344422,1841.0,63.374758,509332.68559882,0.0,BTCUSDT
2020-01-07 23:10:00,8042.26,8060.42,8040.8,8056.58,198.418239,1578438899999.0,1597877.21686175,1693.0,126.296083,1017050.56454023,0.0,BTCUSDT
2020-01-07 23:15:00,8056.58,8080.54,8055.54,8066.41,260.39957,1578439199999.0,2101819.96872223,3193.0,118.735491,958419.14432815,0.0,BTCUSDT
2020-01-07 23:20:00,8066.72,8079.37,8065.17,8077.19,97.62124,1578439499999.0,788041.36918269,1250.0,52.710223,425519.52017438,0.0,BTCUSDT
2020-01-07 23:25:00,8077.19,8082.33,8066.66,8078.61,144.865607,1578439799999.0,1169818.02361186,2018.0,64.239254,518761.07078109,0.0,BTCUSDT
2020-01-07 23:30:00,8078.0,8110.98,8078.0,8107.78,356.949209,1578440099999.0,2889473.21638034,2956.0,238.319801,1929247.77181804,0.0,BTCUSDT
2020-01-07 23:35:00,8109.53,8150.57,8102.72,8135.0,430.738845,1578440399999.0,3500396.84723446,4056.0,227.530704,1849292.27357398,0.0,BTCUSDT
2020-01-07 23:40:00,8135.22,8190.0,8122.84,8177.59,627.203406,1578440699999.0,5117564.71076705,5542.0,390.437469,3186474.16340984,0.0,BTCUSDT
2020-01-07 23:45:00,8177.5,8207.68,8150.01,8171.74,876.694357,1578440999999.0,7173629.23078768,6724.0,486.983057,3986519.71598831,0.0,BTCUSDT
2020-01-07 23:50:00,8172.02,8174.31,8131.7,8163.09,415.109525,1578441299999.0,3386382.37467925,3702.0,162.332165,1324344.1510431,0.0,BTCUSDT
2020-01-07 23:55:00,8163.09,8180.78,8145.01,8145.28,305.660949,1578441599999.0,2494798.91014893,2638.0,153.443095,1252443.43537421,0.0,BTCUSDT
2020-01-08 00:00:00,8145.92,8239.16,8142.0,8222.71,871.069724,1578441899999.0,7140529.06290463,6895.0,486.186604,3986471.17352807,0.0,BTCUSDT
2020-01-08 00:05:00,8221.53,8300.0,8221.52,8276.94,1295.601501,1578442199999.0,10698201.0811896,10946.0,799.255947,6601141.67040198,0.0,BTCUSDT
2020-01-08 00:10:00,8274.05,8350.0,8231.85,8236.52,1763.677078,1578442499999.0,14645105.53878126,13373.0,953.402353,7921833.0794599,0.0,BTCUSDT
2020-01-08 00:15:00,8236.36,8308.53,8231.86,8292.89,903.590883,1578442799999.0,7482162.45508241,5864.0,520.40387,4310058.92325702,0.0,BTCUSDT
2020-01-08 00:20:00,8292.89,8322.64,8272.77,8299.99,687.757672,1578443099999.0,5705364.22622167,5013.0,368.42673,3056909.71141407,0.0,BTCUSDT
2020-01-08 00:25:00,8296.15,8357.88,8279.0,8335.45,782.136249,1578443399999.0,6503716.86730113,5531.0,459.634318,3823326.21686197,0.0,BTCUSDT
2020-01-08 00:30:00,8336.28,8340.45,8298.18,8326.22,579.304458,1578443699999.0,4816014.11865534,3838.0,262.874323,2185277.0966884,0.0,BTCUSDT
2020-01-08 00:35:00,8326.22,8337.0,8286.3,8288.25,607.015749,1578443999999.0,5046058.31085856,3267.0,274.029762,2278519.01434452,0.0,BTCUSDT
2020-01-08 00:40:00,8288.31,8349.0,8284.69,8331.99,781.694087,1578444299999.0,6503242.73690691,4444.0,494.313343,4111773.86913729,0.0,BTCUSDT
2020-01-08 00:45:00,8332.28,8398.0,8301.0,8396.77,1198.097459,1578444599999.0,10025122.65516871,8520.0,665.631355,5571814.72971839,0.0,BTCUSDT
2020-01-08 00:50:00,8396.8,8430.0,8366.22,8410.76,1790.377724,1578444899999.0,15044264.2587252,10640.0,1250.820176,10510176.16685257,0.0,BTCUSDT
2020-01-08 00:55:00,8411.44,8455.0,8408.21,8431.82,1319.305473,1578445199999.0,11133119.05586528,8325.0,761.133355,6422519.78484037,0.0,BTCUSDT
2020-01-08 01:00:00,8430.53,8448.14,8328.89,8344.59,1637.738704,1578445499999.0,13750815.27356997,9353.0,778.324197,6537544.86633177,0.0,BTCUSDT
2020-01-08 01:05:00,8342.77,8423.9,8335.0,8374.75,1339.963813,1578445799999.0,11240818.85630502,8160.0,593.480923,4977404.97393104,0.0,BTCUSDT
2020-01-08 01:10:00,8374.89,8395.55,8357.77,8377.3,427.269662,1578446099999.0,3580741.99796666,3519.0,207.240336,1737027.85718634,0.0,BTCUSDT
2020-01-08 01:15:00,8376.6,8414.23,8353.68,8404.97,960.930861,1578446399999.0,8058822.57045456,4740.0,520.27619,4363623.32548471,0.0,BTCUSDT
2020-01-08 01:20:00,8404.97,8425.0,8402.66,8405.11,417.418255,1578446699999.0,3512934.89893666,3747.0,213.295437,1795081.43792908,0.0,BTCUSDT
2020-01-08 01:25:00,8405.47,8430.0,8392.49,8416.26,542.431952,1578446999999.0,4562728.09743286,3773.0,320.877025,2699435.42312198,0.0,BTCUSDT
2020-01-08 01:30:00,8416.26,8428.16,8390.0,8406.68,527.411381,1578447299999.0,4434273.89141079,3664.0,232.044729,1950904.66908728,0.0,BTCUSDT
2020-01-08 01:35:00,8407.26,8409.52,8371.0,8384.72,576.702048,1578447599999.0,4838195.87595986,3977.0,207.47041,1741048.89386622,0.0,BTCUSDT
2020-01-08 01:40:00,8386.26,8398.57,8371.98,8379.13,360.074268,1578447899999.0,3018473.54738651,3112.0,181.82138,1524275.8512683,0.0,BTCUSDT
2020-01-08 01:45:00,8379.52,8383.75,8359.75,8383.21,563.617136,1578448199999.0,4718072.33500446,3910.0,208.639801,1746584.42555799,0.0,BTCUSDT
2020-01-08 01:50:00,8383.21,8385.95,8342.17,8355.6,579.807907,1578448499999.0,4847284.73761486,3952.0,209.202955,1749144.09400401,0.0,BTCUSDT
2020-01-08 01:55:00,8355.57,8383.47,8352.33,8370.92,451.579571,1578448799999.0,3778302.99323946,3537.0,244.854256,2048773.44070784,0.0,BTCUSDT
2020-01-08 02:00:00,8370.93,8422.0,8370.51,8400.0,545.982413,1578449099999.0,4588395.65434678,3734.0,314.92873,2646683.09811311,0.0,BTCUSDT
2020-01-08 02:05:00,8400.0,8404.87,8376.28,8379.21,269.750577,1578449399999.0,2263333.74836183,2237.0,122.916794,1031413.749017,0.0,BTCUSDT
2020-01-08 02:10:00,8379.99,8391.15,8365.13,8366.99,216.920525,1578449699999.0,1817502.58298217,2098.0,113.631049,952165.53145215,0.0,BTCUSDT
2020-01-08 02:15:00,8366.45,8380.69,8332.3,8334.48,384.481248,1578449999999.0,3214042.80673819,3045.0,154.047989,1288363.19498002,0.0,BTCUSDT
2020-01-08 02:20:00,8334.47,8362.52,8333.35,8355.93,422.348979,1578450299999.0,3526240.30994198,2828.0,270.330042,2257042.69923146,0.0,BTCUSDT
2020-01-08 02:25:00,8356.28,8358.0,8286.0,8291.93,461.76723,1578450599999.0,3844539.81356774,3350.0,165.478414,1378520.1950511,0.0,BTCUSDT
2020-01-08 02:30:00,8293.38,8364.89,8286.02,8360.66,417.040118,1578450899999.0,3475766.4806752,3556.0,240.175588,2001611.630168,0.0,BTCUSDT
2020-01-08 02:35:00,8361.88,8366.63,8341.95,8356.48,287.561416,1578451199999.0,2403231.15873136,2604.0,124.422035,1039606.17749658,0.0,BTCUSDT
2020-01-08 02:40:00,8356.52,8374.93,8343.78,8372.6,204.295206,1578451499999.0,1707717.58831741,2085.0,96.985634,810905.00083124,0.0,BTCUSDT
2020-01-08 02:45:00,8372.6,8374.76,8345.31,8347.03,148.53555,1578451799999.0,1241751.11305376,1750.0,67.455507,563969.17288881,0.0,BTCUSDT
2020-01-08 02:50:00,8347.65,8347.99,8315.76,8318.33,447.502636,1578452099999.0,3727553.2104046,2733.0,193.393223,1611021.28314704,0.0,BTCUSDT
2020-01-08 02:55:00,8317.94,8320.0,8256.74,8278.59,752.060378,1578452399999.0,6231951.32557343,5380.0,346.647761,2872838.36677749,0.0,BTCUSDT
2020-01-08 03:00:00,8278.07,8313.31,8265.1,8295.52,672.07927,1578452699999.0,5570485.75467497,4525.0,304.118334,2521163.73506478,0.0,BTCUSDT
2020-01-08 03:05:00,8294.14,8309.17,8280.06,8303.78,335.568497,1578452999999.0,2783256.41395947,3003.0,176.261496,1462063.15341487,0.0,BTCUSDT
2020-01-08 03:10:00,8304.08,8308.0,8285.0,8307.1,209.916279,1578453299999.0,1741506.79239791,2288.0,93.667277,777175.69575261,0.0,BTCUSDT
2020-01-08 03:15:00,8307.1,8307.5,8280.17,8280.77,314.413019,1578453599999.0,2607734.16790699,2367.0,113.411046,940643.06019471,0.0,BTCUSDT
2020-01-08 03:20:00,8282.5,8282.53,8250.01,8260.35,454.236415,1578453899999.0,3753702.36102734,4030.0,151.288641,1250201.10603016,0.0,BTCUSDT
2020-01-08 03:25:00,8260.35,8274.33,8244.93,8261.3,483.390976,1578454199999.0,3991497.92561752,3790.0,256.598616,2119434.88089049,0.0,BTCUSDT
2020-01-08 03:30:00,8261.33,8288.98,8255.0,8288.91,246.893356,1578454499999.0,2041480.18582876,2954.0,116.517626,963651.7380053,0.0,BTCUSDT
2020-01-08 03:35:00,8287.72,8318.99,8284.74,8314.18,361.890426,1578454799999.0,3005830.19924451,3573.0,171.22431,1422009.99202451,0.0,BTCUSDT
2020-01-08 03:40:00,8314.18,8344.0,8311.21,8321.33,318.27583,1578455099999.0,2650384.6472313,2957.0,174.036441,1449610.25086838,0.0,BTCUSDT
2020-01-08 03:45:00,8321.11,8330.0,8305.0,8322.66,462.882866,1578455399999.0,3847506.29642102,2935.0,270.180644,2245335.97365453,0.0,BTCUSDT
2020-01-08 03:50:00,8322.77,8323.9,8308.0,8319.69,280.22296,1578455699999.0,2330449.74591083,2335.0,154.646664,1286250.83749847,0.0,BTCUSDT
2020-01-08 03:55:00,8318.99,8319.64,8295.0,8300.34,220.177793,1578455999999.0,1828758.95044034,2182.0,73.526632,610784.79685568,0.0,BTCUSDT
2020-01-08 04:00:00,8300.34,8332.08,8299.58,8331.28,451.527532,1578456299999.0,3754544.89965771,3154.0,316.603566,2632210.82446819,0.0,BTCUSDT
2020-01-08 04:05:00,8331.56,8343.52,8329.04,8335.61,287.021124,1578456599999.0,2392314.26269737,2724.0,136.295046,1136122.82182573,0.0,BTCUSDT
2020-01-08 04:10:00,8335.61,8337.88,8317.34,8324.17,413.927347,1578456899999.0,3447007.70608354,2283.0,65.265633,543305.21793779,0.0,BTCUSDT
2020-01-08 04:15:00,8324.17,8336.02,8324.12,8335.92,100.845169,1578457199999.0,839929.68729517,1227.0,57.328746,477495.89577247,0.0,BTCUSDT
2020-01-08 04:20:00,8335.92,8339.18,8320.9,8323.73,165.962521,1578457499999.0,1383175.5102182,1614.0,55.096444,459169.79255747,0.0,BTCUSDT
2020-01-08 04:25:00,8321.07,8323.31,8305.0,8306.18,221.202111,1578457799999.0,1838857.37973074,2002.0,81.034428,673608.7413035,0.0,BTCUSDT
2020-01-08 04:30:00,8306.05,8316.54,8288.0,8302.0,190.2379,1578458099999.0,1579266.38722682,1850.0,71.985791,597722.40384544,0.0,BTCUSDT
2020-01-08 04:35:00,8302.05,8318.16,8301.61,8301.9,166.826976,1578458399999.0,1386100.08775042,1453.0,114.758584,953403.18336464,0.0,BTCUSDT
2020-01-08 04:40:00,8302.02,8314.94,8296.92,8309.75,136.965306,1578458699999.0,1137948.12986582,1667.0,85.044692,706618.79259854,0.0,BTCUSDT
2020-01-08 04:45:00,8309.75,8330.0,8309.29,8324.74,129.541507,1578458999999.0,1078032.0227169,1476.0,69.892708,581695.91325983,0.0,BTCUSDT
2020-01-08 04:50:00,8325.91,8338.26,8321.04,8329.29,105.487614,1578459299999.0,878692.88392242,1482.0,55.38237,461343.01325711,0.0,BTCUSDT
2020-01-08 04:55:00,8329.28,8355.87,8327.04,8344.63,205.677289,1578459599999.0,1716396.62284728,2247.0,125.74421,1049342.06291321,0.0,BTCUSDT
2020-01-08 05:00:00,8343.92,8370.0,8341.79,8367.46,220.284566,1578459899999.0,1841392.16973698,2238.0,126.991433,1061748.88543091,0.0,BTCUSDT
2020-01-08 05:05:00,8367.57,8377.0,8349.62,8349.63,593.807745,1578460199999.0,4968744.36967874,2688.0,308.288824,2580069.11931577,0.0,BTCUSDT
2020-01-08 05:10:00,8349.63,8352.45,8335.53,8344.83,201.964015,1578460499999.0,1685707.72110625,2206.0,127.412008,1063528.64955955,0.0,BTCUSDT
2020-01-08 05:15:00,8345.34,8363.38,8344.46,8355.42,272.68571,1578460799999.0,2278569.82759986,2163.0,163.171964,1363523.94252964,0.0,BTCUSDT
2020-01-08 05:20:00,8355.43,8361.27,8354.01,8361.27,97.797364,1578461099999.0,817334.47641443,1429.0,72.184158,603294.08225449,0.0,BTCUSDT
2020-01-08 05:25:00,8361.27,8362.41,8312.79,8319.1,290.935097,1578461399999.0,2424620.04361393,2711.0,133.33419,1111536.84051055,0.0,BTCUSDT
2020-01-08 05:30:00,8319.11,8331.17,8307.85,8318.71,297.570013,1578461699999.0,2475400.81546076,2198.0,88.348211,734974.22934684,0.0,BTCUSDT
2020-01-08 05:35:00,8319.56,8336.55,8314.21,8335.18,172.433641,1578461999999.0,1435017.26128376,1809.0,76.969039,640583.43642481,0.0,BTCUSDT
2020-01-08 05:40:00,8335.18,8347.68,8330.64,8342.81,106.535273,1578462299999.0,888607.70767579,1438.0,53.108887,442989.54024666,0.0,BTCUSDT
2020-01-08 05:45:00,8342.36,8355.77,8341.32,8353.82,137.101312,1578462599999.0,1144878.89651735,1411.0,85.48303,713849.64965926,0.0,BTCUSDT
2020-01-08 05:50:00,8353.82,8360.0,8330.01,8330.89,185.402667,1578462899999.0,1546760.76803325,1670.0,52.357696,436781.65078538,0.0,BTCUSDT
2020-01-08 05:55:00,8331.69,8347.31,8330.89,8334.77,87.760466,1578463199999.0,731845.8533567,1059.0,45.09532,376070.91149208,0.0,BTCUSDT
2020-01-08 06:00:00,8334.76,8335.16,8320.0,8333.66,208.484668,1578463499999.0,1736479.53302758,1687.0,127.07344,1058440.12197566,0.0,BTCUSDT
2020-01-08 06:05:00,8333.48,8348.04,8321.54,8346.36,93.218911,1578463799999.0,776953.1011666,1112.0,47.054288,392168.80274274,0.0,BTCUSDT
2020-01-08 06:10:00,8346.21,8353.0,8334.28,8334.5,181.57944,1578464099999.0,1515405.56164199,1731.0,105.86802,883586.96882935,0.0,BTCUSDT
2020-01-08 06:15:00,8335.59,8350.0,8333.21,8344.1,121.760801,1578464399999.0,1015975.57624481,1745.0,46.235269,385789.70043709,0.0,BTCUSDT
2020-01-08 06:20:00,8344.1,8356.0,8335.77,8355.0,105.267097,1578464699999.0,878702.18931073,1527.0,70.438508,587994.03121354,0.0,BTCUSDT
2020-01-08 06:25:00,8354.98,8367.61,8345.44,8346.81,193.775113,1578464999999.0,1618743.55277356,1747.0,125.987539,1052456.26312701,0.0,BTCUSDT
2020-01-08 06:30:00,8346.93,8349.58,8335.0,8338.03,157.410527,1578465299999.0,1312925.79902328,1756.0,45.370184,378456.46909936,0.0,BTCUSDT
2020-01-08 06:35:00,8338.69,8340.42,8320.29,8335.0,217.799603,1578465599999.0,1814126.01111725,2159.0,95.290173,793704.79645804,0.0,BTCUSDT
2020-01-08 06:40:00,8335.0,8340.0,8326.54,8335.39,103.423459,1578465899999.0,861886.78306971,1284.0,48.00702,400070.50693579,0.0,BTCUSDT
2020-01-08 06:45:00,8335.36,8343.0,8328.44,8333.84,71.086195,1578466199999.0,592552.94697038,1084.0,29.983981,249939.4307665,0.0,BTCUSDT
2020-01-08 06:50:00,8333.62,8336.12,8319.0,8326.58,147.615523,1578466499999.0,1228897.46321539,1560.0,58.54913,487474.51312712,0.0,BTCUSDT
2020-01-08 06:55:00,8326.6,8340.43,8320.0,8339.13,130.522117,1578466799999.0,1087355.47083506,1187.0,88.113562,734098.15041231,0.0,BTCUSDT
2020-01-08 07:00:00,8339.14,8345.28,8323.35,8326.36,90.574975,1578467099999.0,754803.81370444,1319.0,48.24451,401974.60695707,0.0,BTCUSDT
2020-01-08 07:05:00,8325.93,8338.99,8322.9,8337.88,93.961108,1578467399999.0,782687.25661803,1300.0,66.357938,552753.06897933,0.0,BTCUSDT
2020-01-08 07:10:00,8338.11,8345.0,8331.46,8336.81,170.703327,1578467699999.0,1423636.5052801,1794.0,93.83528,782530.87071055,0.0,BTCUSDT
2020-01-08 07:15:00,8336.81,8347.99,8332.64,8333.19,142.462447,1578467999999.0,1188219.52833509,1444.0,74.761085,623604.11549472,0.0,BTCUSDT
2020-01-08 07:20:00,8332.64,8339.65,8328.81,8328.81,118.033107,1578468299999.0,983724.32116173,1458.0,46.382119,386580.82385495,0.0,BTCUSDT
2020-01-08 07:25:00,8328.82,8336.88,8320.01,8330.68,228.760847,1578468599999.0,1904569.7580416,2098.0,108.261863,901477.93375958,0.0,BTCUSDT
2020-01-08 07:30:00,8330.69,8330.69,8310.01,8316.15,240.888059,1578468899999.0,2004475.51359314,1899.0,76.620091,637640.73364739,0.0,BTCUSDT
2020-01-08 07:35:00,8316.15,8321.57,8288.04,8316.81,465.420258,1578469199999.0,3865282.23446514,3362.0,168.30596,1397820.52048671,0.0,BTCUSDT
2020-01-08 07:40:00,8316.83,8324.17,8301.83,8313.74,201.24561,1578469499999.0,1672420.49800145,1810.0,101.416614,842753.36127249,0.0,BTCUSDT
2020-01-08 07:45:00,8313.87,8314.28,8291.38,8296.59,195.602287,1578469799999.0,1623613.47354335,1648.0,93.739317,778034.91691404,0.0,BTCUSDT
2020-01-08 07:50:00,8296.59,8300.0,8277.21,8294.74,653.229885,1578470099999.0,5414809.87597941,2987.0,476.695965,3951473.93861508,0.0,BTCUSDT
2020-01-08 07:55:00,8294.73,8309.21,8294.73,8297.26,187.260891,1578470399999.0,1554800.2551562,1389.0,121.747197,1010840.18583898,0.0,BTCUSDT
2020-01-08 08:00:00,8297.27,8298.12,8274.01,8276.19,274.823194,1578470699999.0,2276263.46610675,2156.0,113.69843,941720.4388502,0.0,BTCUSDT
2020-01-08 08:05:00,8276.19,8289.95,8270.0,8275.66,259.084379,1578470999999.0,2144384.57184661,1910.0,82.791159,685433.44144474,0.0,BTCUSDT
2020-01-08 08:10:00,8275.67,8278.1,8265.0,8265.01,292.572528,1578471299999.0,2419730.66491166,1992.0,117.652237,973083.82348259,0.0,BTCUSDT
2020-01-08 08:15:00,8265.01,8305.03,8264.86,8300.73,280.933821,1578471599999.0,2327690.61743047,2071.0,191.383921,1585907.13979183,0.0,BTCUSDT
2020-01-08 08:20:00,8300.69,8307.25,8294.56,8303.24,181.24083,1578471899999.0,1504554.34717553,1488.0,88.592277,735471.95489681,0.0,BTCUSDT
2020-01-08 08:25:00,8303.41,8306.64,8287.1,8304.74,163.071118,1578472199999.0,1353174.68744504,1385.0,91.367536,758312.81864408,0.0,BTCUSDT
2020-01-08 08:30:00,8304.28,8317.91,8295.0,8312.74,180.054371,1578472499999.0,1496227.39402572,1561.0,99.172194,824222.91128665,0.0,BTCUSDT
2020-01-08 08:35:00,8312.7,8323.44,8307.51,8319.48,126.947544,1578472799999.0,1055779.13688339,1349.0,54.899824,456546.92698788,0.0,BTCUSDT
2020-01-08 08:40:00,8319.48,8326.95,8310.0,8324.95,306.337772,1578473099999.0,2548752.56203105,1757.0,69.027271,574244.70311321,0.0,BTCUSDT
2020-01-08 08:45:00,8324.99,8329.09,8313.0,8316.0,184.101429,1578473399999.0,1531551.92658592,1497.0,83.083868,691248.24434945,0.0,BTCUSDT
2020-01-08 08:50:00,8316.0,8319.72,8310.59,8311.16,183.080806,1578473699999.0,1522232.86103609,1086.0,51.489652,428138.69240259,0.0,BTCUSDT
2020-01-08 08:55:00,8311.1,8318.0,8310.0,8312.04,76.479259,1578473999999.0,635789.99541816,895.0,43.658384,362944.49556582,0.0,BTCUSDT
2020-01-08 09:00:00,8312.05,8317.09,8297.17,8300.0,171.965155,1578474299999.0,1428142.514806,1569.0,56.761247,471449.29041259,0.0,BTCUSDT
2020-01-08 09:05:00,8298.74,8303.36,8285.0,8288.48,155.480014,1578474599999.0,1289393.34783541,1624.0,61.356019,508785.969331,0.0,BTCUSDT
2020-01-08 09:10:00,8288.48,8300.29,8285.0,8292.32,134.070401,1578474899999.0,1111661.48784374,1386.0,64.463849,534557.51692278,0.0,BTCUSDT
2020-01-08 09:15:00,8292.09,8297.91,8283.07,8285.03,191.814228,1578475199999.0,1590015.31776142,1520.0,84.915948,703956.88477034,0.0,BTCUSDT
2020-01-08 09:20:00,8285.21,8296.28,8280.0,8294.43,130.580015,1578475499999.0,1081864.05657074,1492.0,51.92942,430301.06807705,0.0,BTCUSDT
2020-01-08 09:25:00,8296.16,8315.74,8294.71,8312.68,150.769889,1578475799999.0,1252576.56190942,1539.0,84.840663,704915.95240224,0.0,BTCUSDT
2020-01-08 09:30:00,8313.45,8321.83,8306.32,8313.0,240.38927,1578476099999.0,1998723.11181335,2074.0,120.837559,1004867.82284192,0.0,BTCUSDT
2020-01-08 09:35:00,8313.01,8314.86,8290.0,8291.3,207.691792,1578476399999.0,1723890.3803213,1688.0,68.45924,568269.63467453,0.0,BTCUSDT
2020-01-08 09:40:00,8292.13,8312.89,8292.13,8305.67,165.333497,1578476699999.0,1373063.12289244,1237.0,104.947129,871554.18858818,0.0,BTCUSDT
2020-01-08 09:45:00,8305.47,8312.94,8300.16,8306.5,128.588892,1578476999999.0,1068137.57941481,1058.0,72.855933,605146.64787546,0.0,BTCUSDT
2020-01-08 09:50:00,8306.49,8307.59,8276.0,8295.52,284.012686,1578477299999.0,2353683.17230472,2000.0,104.543579,866500.97800915,0.0,BTCUSDT
2020-01-08 09:55:00,8295.52,8300.0,8283.37,8297.21,131.138552,1578477599999.0,1087583.52765594,1264.0,75.242055,624020.24910052,0.0,BTCUSDT
2020-01-08 10:00:00,8296.98,8329.98,8284.19,8328.2,262.445417,1578477899999.0,2179426.62553066,2320.0,151.905276,1261709.8333072,0.0,BTCUSDT
2020-01-08 10:05:00,8329.81,8359.0,8322.62,8346.85,500.482811,1578478199999.0,4175646.62532019,4156.0,299.502916,2498937.89371488,0.0,BTCUSDT
2020-01-08 10:10:00,8346.44,8350.54,8318.16,8339.42,295.126811,1578478499999.0,2459319.03989839,2303.0,119.345879,994491.29722366,0.0,BTCUSDT
2020-01-08 10:15:00,8339.89,8340.0,8320.43,8332.84,112.221382,1578478799999.0,934772.58474798,1253.0,45.684599,380571.22933541,0.0,BTCUSDT
2020-01-08 10:20:00,8332.91,8340.0,8323.51,8337.13,129.610506,1578479099999.0,1079833.63013628,1227.0,63.376711,528029.30683725,0.0,BTCUSDT
2020-01-08 10:25:00,8337.74,8352.0,8333.29,8334.33,170.284154,1578479399999.0,1420468.86606129,1786.0,97.181546,810687.80211306,0.0,BTCUSDT
2020-01-08 10:30:00,8334.65,8347.0,8332.28,8346.63,113.942632,1578479699999.0,950269.67723421,1181.0,49.783949,415205.19212968,0.0,BTCUSDT
2020-01-08 10:35:00,8346.39,8350.0,8335.08,8340.99,105.039188,1578479999999.0,876191.76690119,1157.0,56.376245,470319.28924975,0.0,BTCUSDT
2020-01-08 10:40:00,8341.61,8344.65,8333.68,8335.0,162.699176,1578480299999.0,1356607.14516867,1484.0,55.926783,466292.43267881,0.0,BTCUSDT
2020-01-08 10:45:00,8335.0,8345.49,8333.0,8338.44,137.297756,1578480599999.0,1144905.79986178,1184.0,45.909315,382852.21040939,0.0,BTCUSDT
2020-01-08 10:50:00,8339.1,8353.21,8338.26,8341.8,145.274744,1578480899999.0,1212408.32362704,1496.0,88.708003,740358.65817319,0.0,BTCUSDT
2020-01-08 10:55:00,8341.8,8342.82,8320.99,8326.98,246.250208,1578481199999.0,2050735.09314852,1659.0,123.078665,1024968.83961941,0.0,BTCUSDT
2020-01-08 11:00:00,8327.06,8338.34,8325.03,8327.38,107.389096,1578481499999.0,894722.42738403,1198.0,54.496756,454025.63823201,0.0,BTCUSDT
2020-01-08 11:05:00,8327.36,8350.0,8327.32,8347.03,129.110003,1578481799999.0,1076561.15792227,1244.0,70.653535,589016.03966907,0.0,BTCUSDT
2020-01-08 11:10:00,8347.04,8347.53,8340.15,8345.65,120.30884,1578482099999.0,1003768.94576979,1143.0,60.533746,505065.44201758,0.0,BTCUSDT
2020-01-08 11:15:00,8345.63,8357.34,8335.75,8336.33,206.794264,1578482399999.0,1726479.28154959,1699.0,91.358839,762765.61848635,0.0,BTCUSDT
2020-01-08 11:20:00,8336.31,8344.78,8335.75,8343.32,115.557057,1578482699999.0,963775.22517643,1226.0,80.421961,670761.0554265,0.0,BTCUSDT
2020-01-08 11:25:00,8343.28,8370.0,8341.78,8358.62,216.892131,1578482999999.0,1812390.65425836,1857.0,140.648698,1175250.5467007,0.0,BTCUSDT
2020-01-08 11:30:00,8359.14,8359.14,8340.21,8344.94,335.97055,1578483299999.0,2806504.27860325,1958.0,80.036893,668416.43613656,0.0,BTCUSDT
2020-01-08 11:35:00,8344.64,8357.95,8342.6,8357.45,174.749385,1578483599999.0,1459126.75917535,1452.0,63.867276,533332.04739401,0.0,BTCUSDT
2020-01-08 11:40:00,8356.86,8359.93,8350.0,8353.81,143.412179,1578483899999.0,1198072.78561391,1410.0,47.574185,397417.1928179,0.0,BTCUSDT
2020-01-08 11:45:00,8353.81,8365.0,8352.0,8352.03,135.690122,1578484199999.0,1134186.9693905,1504.0,62.100771,519118.07823588,0.0,BTCUSDT
2020-01-08 11:50:00,8352.04,8352.78,8335.82,8343.66,215.819124,1578484499999.0,1801086.72238879,1738.0,78.109868,651776.02559608,0.0,BTCUSDT
2020-01-08 11:55:00,8343.32,8344.91,8329.6,8332.47,132.837046,1578484799999.0,1107430.91219562,1287.0,47.339991,394745.04960695,0.0,BTCUSDT
2020-01-08 12:00:00,8332.2,8347.33,8330.78,8338.0,122.209856,1578485099999.0,1019014.97401736,1455.0,72.669323,605926.17568236,0.0,BTCUSDT
2020-01-08 12:05:00,8338.0,8342.73,8320.0,8321.0,129.05938,1578485399999.0,1075229.8457611,1848.0,42.479003,353959.57625102,0.0,BTCUSDT
2020-01-08 12:10:00,8320.99,8330.0,8311.01,8325.82,231.343903,1578485699999.0,1924344.29957134,2784.0,130.783153,1087956.0830518,0.0,BTCUSDT
2020-01-08 12:15:00,8324.19,8327.21,8316.62,8318.92,143.482178,1578485999999.0,1194276.60791311,1817.0,99.4695,827972.65725379,0.0,BTCUSDT
2020-01-08 12:20:00,8318.92,8323.85,8316.73,8323.49,121.025853,1578486299999.0,1006977.05239191,1365.0,72.071366,599655.26737191,0.0,BTCUSDT
2020-01-08 12:25:00,8323.49,8343.0,8322.08,8336.63,207.209638,1578486599999.0,1726352.21730062,2097.0,126.90358,1057381.4862632,0.0,BTCUSDT
2020-01-08 12:30:00,8336.64,8339.0,8328.04,8338.5,97.429078,1578486899999.0,812106.35790457,1292.0,45.120399,376121.78459589,0.0,BTCUSDT
2020-01-08 12:35:00,8338.8,8339.0,8322.86,8329.08,96.732191,1578487199999.0,805802.23087725,1291.0,44.034319,366834.07623004,0.0,BTCUSDT
2020-01-08 12:40:00,8328.37,8330.0,8318.34,8320.34,109.687916,1578487499999.0,913024.9623738,1226.0,36.385412,302884.810603,0.0,BTCUSDT
2020-01-08 12:45:00,8320.98,8321.28,8300.0,8309.76,273.240564,1578487799999.0,2269549.16459997,2461.0,94.367129,783887.76176464,0.0,BTCUSDT
2020-01-08 12:50:00,8309.76,8311.99,8283.26,8301.48,551.744529,1578488099999.0,4577389.19651086,3341.0,153.086254,1269806.18908421,0.0,BTCUSDT
2020-01-08 12:55:00,8301.52,8304.99,8276.0,8286.16,343.689068,1578488399999.0,2849156.01687427,2192.0,156.764744,1299926.1872169,0.0,BTCUSDT
2020-01-08 13:00:00,8285.92,8300.0,8271.18,8288.0,332.572035,1578488699999.0,2755694.45216883,2756.0,134.738312,1116411.49482601,0.0,BTCUSDT
2020-01-08 13:05:00,8288.0,8297.67,8254.18,8260.71,591.325697,1578488999999.0,4893976.34240903,3069.0,104.580285,866268.58628001,0.0,BTCUSDT
2020-01-08 13:10:00,8258.39,8276.0,8228.73,8266.44,637.01302,1578489299999.0,5258374.58166707,5064.0,289.386569,2389454.71210152,0.0,BTCUSDT
2020-01-08 13:15:00,8265.41,8265.41,8226.0,8233.37,450.841147,1578489599999.0,3714728.04590114,3321.0,222.947528,1837233.51653805,0.0,BTCUSDT
2020-01-08 13:20:00,8233.37,8268.31,8215.2,8251.71,486.863848,1578489899999.0,4011877.1029609,3162.0,248.417266,2047529.68726308,0.0,BTCUSDT
2020-01-08 13:25:00,8252.31,8315.0,8238.35,8311.88,508.394698,1578490199999.0,4209257.41700824,4769.0,322.682811,2672077.35922826,0.0,BTCUSDT
2020-01-08 13:30:00,8309.58,8394.0,8303.27,8379.9,1491.203548,1578490499999.0,12461509.79187543,10397.0,870.343202,7272221.52349633,0.0,BTCUSDT
2020-01-08 13:35:00,8378.88,8379.9,8345.41,8361.31,520.003823,1578490799999.0,4348621.32263911,3616.0,228.685715,1912544.35360469,0.0,BTCUSDT
2020-01-08 13:40:00,8361.64,8418.61,8361.55,8410.0,1116.6713,1578491099999.0,9377638.01358498,6330.0,618.805069,5196038.98934664,0.0,BTCUSDT
2020-01-08 13:45:00,8407.87,8410.0,8375.02,8391.5,471.094363,1578491399999.0,3952866.97084929,3233.0,247.153692,2073861.84539659,0.0,BTCUSDT
2020-01-08 13:50:00,8391.5,8403.83,8387.26,8403.0,506.530389,1578491699999.0,4253267.48714176,3491.0,231.389606,1943064.61504462,0.0,BTCUSDT
2020-01-08 13:55:00,8402.98,8406.99,8380.0,8384.99,344.315742,1578491999999.0,2889863.55872346,3195.0,154.274518,1294789.89929136,0.0,BTCUSDT
2020-01-08 14:00:00,8384.99,8385.0,8357.62,8368.71,450.865452,1578492299999.0,3772191.39975969,3794.0,221.228714,1850857.63390574,0.0,BTCUSDT
2020-01-08 14:05:00,8368.71,8376.28,8335.0,8343.89,377.56473,1578492599999.0,3155204.1511391,3200.0,185.051814,1546797.4071878,0.0,BTCUSDT
2020-01-08 14:10:00,8343.82,8343.86,8184.0,8264.83,2213.896664,1578492899999.0,18274694.56971651,12542.0,831.534863,6859499.99880691,0.0,BTCUSDT
2020-01-08 14:15:00,8264.26,8305.92,8262.73,8272.73,718.550738,1578493199999.0,5950465.50715803,5361.0,357.22462,2958723.63637882,0.0,BTCUSDT
2020-01-08 14:20:00,8272.8,8317.97,8265.24,8315.67,457.913917,1578493499999.0,3793726.49524486,3480.0,239.869627,1987915.92296638,0.0,BTCUSDT
2020-01-08 14:25:00,8313.73,8316.36,8283.97,8286.57,272.670402,1578493799999.0,2263256.18612975,2263.0,120.863205,1003254.28654638,0.0,BTCUSDT
2020-01-08 14:30:00,8286.46,8331.84,8285.0,8325.68,249.783988,1578494099999.0,2076566.39595801,2405.0,136.031613,1130923.15807168,0.0,BTCUSDT
2020-01-08 14:35:00,8327.4,8342.28,8320.0,8330.75,307.120634,1578494399999.0,2559067.72894968,2266.0,157.417703,1311793.88681604,0.0,BTCUSDT
2020-01-08 14:40:00,8331.19,8331.31,8310.0,8319.62,272.5726,1578494699999.0,2267170.56865265,1754.0,111.099831,924205.53304084,0.0,BTCUSDT
2020-01-08 14:45:00,8319.62,8325.0,8287.98,8323.15,439.455501,1578494999999.0,3651235.77645218,2621.0,176.332204,1464907.32352185,0.0,BTCUSDT
2020-01-08 14:50:00,8322.58,8328.0,8294.0,8301.83,252.45968,1578495299999.0,2097916.52828582,1941.0,138.443277,1150393.74699844,0.0,BTCUSDT
2020-01-08 14:55:00,8301.25,8310.98,8290.0,8310.98,542.126474,1578495599999.0,4498392.34730037,2643.0,434.077116,3601846.19965832,0.0,BTCUSDT
2020-01-08 15:00:00,8310.98,8311.45,8288.67,8290.11,259.015795,1578495899999.0,2149607.11274862,1979.0,139.01849,1153464.4480651,0.0,BTCUSDT
2020-01-08 15:05:00,8290.08,8299.0,8281.21,8288.0,243.81555,1578496199999.0,2021039.8626527,2048.0,139.10194,1153060.77278641,0.0,BTCUSDT
2020-01-08 15:10:00,8287.82,8306.64,8281.08,8298.96,225.376568,1578496499999.0,1869155.54990619,2294.0,122.488663,1015895.72535576,0.0,BTCUSDT
2020-01-08 15:15:00,8297.56,8309.84,8291.38,8302.44,137.010758,1578496799999.0,1137317.31912616,1320.0,66.678519,553489.68505348,0.0,BTCUSDT
2020-01-08 15:20:00,8302.66,8307.01,8282.73,8288.99,139.517344,1578497099999.0,1156730.08287593,1473.0,74.720675,619544.11076043,0.0,BTCUSDT
2020-01-08 15:25:00,8288.87,8292.06,8278.15,8278.57,155.239501,1578497399999.0,1286079.04683656,1689.0,74.875264,620338.26999077,0.0,BTCUSDT
2020-01-08 15:30:00,8278.57,8280.65,8237.36,8258.47,714.713521,1578497699999.0,5905060.89445709,4576.0,368.404556,3044409.78218348,0.0,BTCUSDT
2020-01-08 15:35:00,8257.54,8315.0,8250.0,8296.05,637.801827,1578497999999.0,5284775.23667423,4233.0,343.521022,2846038.68978634,0.0,BTCUSDT
2020-01-08 15:40:00,8296.17,8326.99,8286.27,8325.33,315.717263,1578498299999.0,2622066.01932723,2540.0,186.928498,1552618.67184141,0.0,BTCUSDT
2020-01-08 15:45:00,8325.35,8359.0,8325.29,8338.28,521.890883,1578498599999.0,4354680.93696755,3759.0,325.061483,2712675.68950702,0.0,BTCUSDT
2020-01-08 15:50:00,8338.23,8347.98,8291.07,8319.68,369.263089,1578498899999.0,3070291.22038879,3148.0,179.150691,1489158.19934765,0.0,BTCUSDT
2020-01-08 15:55:00,8318.89,8320.0,8292.26,8305.97,273.64657,1578499199999.0,2272736.40344978,2316.0,124.282797,1032254.61835694,0.0,BTCUSDT
2020-01-08 16:00:00,8306.09,8335.79,8273.0,8285.41,781.416976,1578499499999.0,6487846.30747536,4667.0,254.025248,2109371.0610118,0.0,BTCUSDT
2020-01-08 16:05:00,8285.41,8312.48,8277.21,8308.45,280.531541,1578499799999.0,2326032.80865463,2319.0,141.029603,1169465.59689895,0.0,BTCUSDT
2020-01-08 16:10:00,8311.66,8313.53,8282.49,8289.02,236.176384,1578500099999.0,1959130.57011644,2093.0,114.238752,947531.9337721,0.0,BTCUSDT
2020-01-08 16:15:00,8290.07,8306.0,8281.18,8288.31,241.814316,1578500399999.0,2005691.1392628,1682.0,119.291093,989356.64429407,0.0,BTCUSDT
2020-01-08 16:20:00,8288.26,8297.23,8275.3,8282.2,237.656626,1578500699999.0,1968689.16518593,1949.0,126.173515,1045191.30550437,0.0,BTCUSDT
2020-01-08 16:25:00,8282.88,8305.0,8212.0,8213.98,845.713519,1578500999999.0,6988022.73812562,5224.0,257.484764,2129202.02825985,0.0,BTCUSDT
2020-01-08 16:30:00,8212.97,8288.21,8167.2,8228.39,2150.931895,1578501299999.0,17685527.66149161,11352.0,1037.636389,8539896.80815263,0.0,BTCUSDT
2020-01-08 16:35:00,8231.37,8240.69,8105.0,8143.38,2588.076843,1578501599999.0,21128368.95535061,13589.0,1259.39275,10282271.28031481,0.0,BTCUSDT
2020-01-08 16:40:00,8144.84,8164.91,8065.07,8073.35,2221.283797,1578501899999.0,18013509.49198817,12784.0,1114.376056,9039566.54577615,0.0,BTCUSDT
2020-01-08 16:45:00,8072.1,8126.23,8050.0,8102.76,1651.701059,1578502199999.0,13367152.39919126,10205.0,833.200811,6744677.07876998,0.0,BTCUSDT
2020-01-08 16:50:00,8102.76,8114.0,8065.0,8074.31,773.310685,1578502499999.0,6257367.05244206,4894.0,341.62459,2765521.44220536,0.0,BTCUSDT
2020-01-08 16:55:00,8070.54,8115.84,8070.54,8115.0,749.83664,1578502799999.0,6070729.51099209,4417.0,420.041792,3400525.12275854,0.0,BTCUSDT
2020-01-08 17:00:00,8115.0,8123.98,8087.75,8096.43,930.268545,1578503099999.0,7538695.47486914,4732.0,411.149433,3332047.95325434,0.0,BTCUSDT
2020-01-08 17:05:00,8097.9,8105.07,8088.0,8090.65,382.958601,1578503399999.0,3100283.61692588,2821.0,215.34094,1743561.96072226,0.0,BTCUSDT
2020-01-08 17:10:00,8090.66,8090.66,8023.58,8055.1,1490.369528,1578503699999.0,12005477.82206286,8358.0,538.739312,4340946.67050043,0.0,BTCUSDT
2020-01-08 17:15:00,8055.01,8066.59,8028.15,8052.33,635.834323,1578503999999.0,5117878.25714796,4314.0,315.099468,2536550.13671375,0.0,BTCUSDT
2020-01-08 17:20:00,8051.34,8064.45,8022.11,8026.64,611.494797,1578504299999.0,4915555.71103947,4378.0,272.841119,2193770.19736753,0.0,BTCUSDT
2020-01-08 17:25:00,8026.63,8067.57,8010.0,8064.4,934.02929,1578504599999.0,7500451.08895165,5619.0,420.296249,3376521.13032759,0.0,BTCUSDT
2020-01-08 17:30:00,8063.22,8077.47,8055.0,8077.46,481.512537,1578504899999.0,3883925.75407672,3453.0,190.706933,1538141.31965424,0.0,BTCUSDT
2020-01-08 17:35:00,8076.22,8081.6,8048.63,8066.95,447.68995,1578505199999.0,3609461.67977429,2943.0,200.976077,1620395.83099344,0.0,BTCUSDT
2020-01-08 17:40:00,8067.69,8092.79,8058.86,8088.05,412.098169,1578505499999.0,3328985.78295924,2814.0,212.072535,1713427.68981491,0.0,BTCUSDT
2020-01-08 17:45:00,8087.13,8108.65,8085.59,8098.13,464.482029,1578505799999.0,3761520.34407819,3221.0,243.442847,1971521.85358612,0.0,BTCUSDT
2020-01-08 17:50:00,8098.53,8099.91,8073.28,8081.74,258.38379,1578506099999.0,2090008.48909772,1997.0,138.733349,1122132.42850458,0.0,BTCUSDT
2020-01-08 17:55:00,8081.58,8096.42,8075.0,8077.68,216.92567,1578506399999.0,1753704.38074387,1816.0,90.741273,733537.37658444,0.0,BTCUSDT
2020-01-08 18:00:00,8077.68,8078.24,8050.0,8072.34,395.184667,1578506699999.0,3186945.83093183,2642.0,168.356142,1357808.59102201,0.0,BTCUSDT
2020-01-08 18:05:00,8071.42,8092.03,8071.27,8085.33,285.8578,1578506999999.0,2311357.1548657,1892.0,99.791024,806945.82043997,0.0,BTCUSDT
2020-01-08 18:10:00,8086.28,8086.28,8069.96,8079.06,204.973804,1578507299999.0,1655082.6972379,1414.0,106.102772,856621.11071582,0.0,BTCUSDT
2020-01-08 18:15:00,8078.88,8094.93,8072.5,8074.75,242.18792,1578507599999.0,1958021.83336323,1922.0,104.663634,846314.88655117,0.0,BTCUSDT
2020-01-08 18:20:00,8075.38,8077.22,8060.0,8062.07,228.127513,1578507899999.0,1840236.92178226,2353.0,95.498239,770426.44959235,0.0,BTCUSDT
2020-01-08 18:25:00,8063.15,8071.17,8052.18,8055.0,192.894801,1578508199999.0,1554806.96847666,1748.0,92.539487,745838.184522,0.0,BTCUSDT
2020-01-08 18:30:00,8055.0,8064.27,8050.0,8055.49,186.646717,1578508499999.0,1503412.66932117,1552.0,69.7241,561623.97411571,0.0,BTCUSDT
2020-01-08 18:35:00,8055.67,8072.75,8051.88,8069.0,148.159192,1578508799999.0,1194577.5932716,1595.0,78.0932,629475.49955135,0.0,BTCUSDT
2020-01-08 18:40:00,8069.0,8079.16,8066.61,8071.24,221.687152,1578509099999.0,1789624.39775524,1463.0,67.741543,546872.10858931,0.0,BTCUSDT
2020-01-08 18:45:00,8070.78,8070.88,8055.0,8055.33,144.426819,1578509399999.0,1164409.27680315,1774.0,80.44006,648550.10467997,0.0,BTCUSDT
2020-01-08 18:50:00,8055.68,8064.51,8035.01,8044.55,449.695324,1578509699999.0,3620620.81805296,2551.0,111.550445,898186.24852168,0.0,BTCUSDT
2020-01-08 18:55:00,8042.34,8056.04,8039.01,8053.7,250.921065,1578509999999.0,2019772.68955327,1468.0,127.988956,1030035.51069022,0.0,BTCUSDT
2020-01-08 19:00:00,8053.7,8067.55,8049.09,8052.14,192.351289,1578510299999.0,1549545.46064619,1499.0,88.603587,713788.02850012,0.0,BTCUSDT
2020-01-08 19:05:00,8051.19,8054.37,8041.0,8045.33,148.8622,1578510599999.0,1197814.12923197,1383.0,93.689565,753848.41554336,0.0,BTCUSDT
2020-01-08 19:10:00,8045.14,8060.0,8042.15,8056.62,182.371983,1578510899999.0,1468188.62351061,1480.0,82.611248,665017.1066991,0.0,BTCUSDT
2020-01-08 19:15:00,8056.19,8069.73,8054.59,8058.06,146.026255,1578511199999.0,1177456.08239352,1440.0,78.904929,636262.41218612,0.0,BTCUSDT
2020-01-08 19:20:00,8058.41,8064.68,8049.29,8054.96,144.2916,1578511499999.0,1162522.13262208,1412.0,85.788318,691190.16482312,0.0,BTCUSDT
2020-01-08 19:25:00,8054.95,8062.01,8042.15,8045.37,122.536307,1578511799999.0,986327.3530478,1687.0,67.621071,544326.55561663,0.0,BTCUSDT
2020-01-08 19:30:00,8045.37,8052.96,8037.11,8044.07,203.934132,1578512099999.0,1640411.0236372,1874.0,90.048443,724351.92128706,0.0,BTCUSDT
2020-01-08 19:35:00,8043.35,8043.87,8017.36,8039.7,384.654948,1578512399999.0,3087314.74046105,2813.0,160.101459,1285057.69411095,0.0,BTCUSDT
2020-01-08 19:40:00,8039.96,8040.0,8015.0,8020.39,170.676448,1578512699999.0,1369910.91575859,1677.0,86.783409,696566.05954586,0.0,BTCUSDT
2020-01-08 19:45:00,8022.15,8023.61,7972.4,7990.85,1043.728945,1578512999999.0,8342523.45758589,6660.0,373.298884,2982741.02023333,0.0,BTCUSDT
2020-01-08 19:50:00,7991.02,8007.0,7968.0,7972.64,558.779179,1578513299999.0,4465364.59487511,3763.0,267.460439,2138089.76936513,0.0,BTCUSDT
2020-01-08 19:55:00,7974.88,7998.0,7963.05,7963.35,460.248603,1578513599999.0,3672870.55945169,3276.0,255.960783,2042966.32738737,0.0,BTCUSDT
2020-01-08 20:00:00,7963.56,7978.62,7907.0,7928.37,1311.749516,1578513899999.0,10416179.69932242,8042.0,518.794,4120613.41420881,0.0,BTCUSDT
2020-01-08 20:05:00,7928.37,7935.76,7907.0,7920.04,575.279163,1578514199999.0,4556755.47792961,4344.0,267.355623,2117853.06297277,0.0,BTCUSDT
2020-01-08 20:10:00,7920.03,7957.44,7918.47,7924.19,481.707519,1578514499999.0,3822852.18800797,3456.0,277.705231,2203876.33562184,0.0,BTCUSDT
2020-01-08 20:15:00,7924.18,7924.7,7886.0,7900.0,1041.44154,1578514799999.0,8231865.56356013,5225.0,316.393979,2501475.42812598,0.0,BTCUSDT
2020-01-08 20:20:00,7900.0,7904.37,7870.0,7879.93,762.082932,1578515099999.0,6011403.73284303,4237.0,359.000072,2833088.74814308,0.0,BTCUSDT
2020-01-08 20:25:00,7879.88,7948.07,7876.87,7939.23,711.72888,1578515399999.0,5632498.28150868,3640.0,404.862438,3201343.78721712,0.0,BTCUSDT
2020-01-08 20:30:00,7939.99,7965.27,7935.29,7956.54,680.03304,1578515699999.0,5408333.35717624,4935.0,245.750297,1954409.26566353,0.0,BTCUSDT
2020-01-08 20:35:00,7956.54,7996.99,7940.0,7983.4,691.243017,1578515999999.0,5512030.51404344,4343.0,291.934076,2328649.26627664,0.0,BTCUSDT
2020-01-08 20:40:00,7983.58,8047.1,7983.05,8005.63,972.640566,1578516299999.0,7792037.0983496,6449.0,495.422198,3968685.90557976,0.0,BTCUSDT
2020-01-08 20:45:00,8005.0,8014.15,7974.63,7994.8,503.165239,1578516599999.0,4020429.21941606,3036.0,269.642155,2154637.95225286,0.0,BTCUSDT
2020-01-08 20:50:00,7994.8,8045.0,7991.99,8027.48,638.784974,1578516899999.0,5123383.4732939,3787.0,364.591395,2923272.53032814,0.0,BTCUSDT
2020-01-08 20:55:00,8025.4,8060.86,8025.0,8046.03,517.986431,1578517199999.0,4169141.91045575,4202.0,241.376973,1942696.79430932,0.0,BTCUSDT
2020-01-08 21:00:00,8046.42,8048.66,8010.51,8034.86,361.176004,1578517499999.0,2899928.81369674,2863.0,168.441722,1352396.19089737,0.0,BTCUSDT
2020-01-08 21:05:00,8034.48,8034.56,8012.95,8027.71,270.330045,1578517799999.0,2168590.73376526,2106.0,148.017364,1187426.76136488,0.0,BTCUSDT
2020-01-08 21:10:00,8026.7,8037.46,7957.55,7992.96,563.867681,1578518099999.0,4511137.31594357,3662.0,275.863914,2207390.62677531,0.0,BTCUSDT
2020-01-08 21:15:00,7993.05,8008.16,7981.17,7995.58,338.616272,1578518399999.0,2707505.19521343,2209.0,157.906541,1262570.0680729,0.0,BTCUSDT
2020-01-08 21:20:00,7995.19,8043.29,7992.79,8036.71,181.645208,1578518699999.0,1456277.44969882,1939.0,109.111318,874835.49066613,0.0,BTCUSDT
2020-01-08 21:25:00,8036.56,8040.66,8015.01,8015.25,186.721221,1578518999999.0,1498931.26179201,1582.0,91.164308,731890.23015208,0.0,BTCUSDT
2020-01-08 21:30:00,8015.92,8027.91,8009.0,8015.34,189.527848,1578519299999.0,1519660.53426985,1397.0,66.579571,533850.42677496,0.0,BTCUSDT
2020-01-08 21:35:00,8015.31,8015.31,7983.0,7987.11,174.055308,1578519599999.0,1391787.47124298,1708.0,93.637019,748706.99995571,0.0,BTCUSDT
2020-01-08 21:40:00,7989.91,8006.74,7988.43,8004.73,195.233042,1578519899999.0,1561583.80440224,1568.0,146.818538,1174287.02288864,0.0,BTCUSDT
2020-01-08 21:45:00,8004.73,8005.99,7973.78,7998.43,229.238072,1578520199999.0,1832014.11443478,1948.0,102.273242,817452.87084612,0.0,BTCUSDT
2020-01-08 21:50:00,7999.05,7999.18,7988.58,7993.42,83.014898,1578520499999.0,663607.70932921,810.0,33.857129,270651.18542249,0.0,BTCUSDT
2020-01-08 21:55:00,7992.13,8021.03,7991.99,8016.06,366.647456,1578520799999.0,2935562.53113596,1894.0,209.224411,1674997.59425273,0.0,BTCUSDT
2020-01-08 22:00:00,8017.36,8029.72,8006.29,8009.24,260.421353,1578521099999.0,2088652.03093523,1689.0,90.22165,723593.07200395,0.0,BTCUSDT
2020-01-08 22:05:00,8009.37,8017.9,7988.59,7996.75,267.947915,1578521399999.0,2144463.18428232,1601.0,178.498834,1428446.86109905,0.0,BTCUSDT
2020-01-08 22:10:00,7996.53,7997.06,7988.58,7993.73,106.291507,1578521699999.0,849466.80743676,1210.0,48.929201,391048.14601855,0.0,BTCUSDT
2020-01-08 22:15:00,7993.72,8010.21,7993.66,8008.36,183.128003,1578521999999.0,1466074.12871516,1015.0,70.189031,561766.75099785,0.0,BTCUSDT
2020-01-08 22:20:00,8008.36,8010.13,7990.55,7993.12,105.92266,1578522299999.0,847716.87067633,1191.0,30.980891,247960.1632774,0.0,BTCUSDT
2020-01-08 22:25:00,7993.69,7998.91,7991.6,7998.79,72.149606,1578522599999.0,576896.4616753,838.0,49.564957,396320.50490921,0.0,BTCUSDT
2020-01-08 22:30:00,7998.72,8029.94,7997.68,8021.72,192.104182,1578522899999.0,1539914.63596893,2399.0,120.898976,969007.33841532,0.0,BTCUSDT
2020-01-08 22:35:00,8021.96,8041.76,8020.63,8038.78,143.788332,1578523199999.0,1155111.4830036,1671.0,95.909724,770500.34147411,0.0,BTCUSDT
2020-01-08 22:40:00,8038.78,8044.67,8036.55,8036.71,97.51929,1578523499999.0,784089.93814501,1125.0,39.860207,320511.29001069,0.0,BTCUSDT
2020-01-08 22:45:00,8036.71,8046.07,8020.0,8045.98,175.75726,1578523799999.0,1411983.54140031,2974.0,99.556295,799901.90074858,0.0,BTCUSDT
2020-01-08 22:50:00,8045.98,8073.99,8045.22,8068.85,213.019788,1578524099999.0,1717026.93489502,3535.0,135.117143,1088983.14839505,0.0,BTCUSDT
2020-01-08 22:55:00,8068.04,8080.0,8065.19,8076.13,301.852121,1578524399999.0,2437749.61980759,3007.0,224.869539,1816182.37027084,0.0,BTCUSDT
2020-01-08 23:00:00,8076.13,8077.9,8054.24,8059.73,137.694063,1578524699999.0,1110240.31981796,1685.0,58.590774,472385.78276921,0.0,BTCUSDT
2020-01-08 23:05:00,8059.0,8060.0,8041.07,8059.99,168.862547,1578524999999.0,1359700.07121926,2608.0,102.970433,829190.70503905,0.0,BTCUSDT
2020-01-08 23:10:00,8059.36,8079.0,8058.82,8065.79,128.138584,1578525299999.0,1034340.33082852,2115.0,70.182487,566501.90833397,0.0,BTCUSDT
2020-01-08 23:15:00,8065.19,8080.0,8064.21,8079.95,156.814519,1578525599999.0,1266062.73976498,2223.0,112.828276,910943.90531676,0.0,BTCUSDT
2020-01-08 23:20:00,8079.96,8097.0,8079.0,8084.1,335.106751,1578525899999.0,2709494.72573368,2705.0,253.637273,2050361.24720343,0.0,BTCUSDT
2020-01-08 23:25:00,8084.36,8120.0,8083.39,8110.14,341.821115,1578526199999.0,2770123.10850029,3162.0,237.572517,1925441.93739252,0.0,BTCUSDT
2020-01-08 23:30:00,8110.98,8125.57,8083.0,8097.01,281.134324,1578526499999.0,2280083.62258071,2573.0,103.718048,841356.40581802,0.0,BTCUSDT
2020-01-08 23:35:00,8096.67,8096.67,8071.3,8078.88,322.863337,1578526799999.0,2609535.91369193,2164.0,152.849128,1235062.40885646,0.0,BTCUSDT
2020-01-08 23:40:00,8078.83,8080.0,8056.59,8058.66,161.569759,1578527099999.0,1303962.63764866,1631.0,85.868226,693173.14327171,0.0,BTCUSDT
2020-01-08 23:45:00,8058.57,8073.98,8042.44,8065.28,239.638045,1578527399999.0,1930551.86341791,1991.0,132.392263,1066448.61559568,0.0,BTCUSDT
2020-01-08 23:50:00,8066.04,8070.0,8039.51,8041.86,114.215589,1578527699999.0,920202.36835874,1429.0,57.200766,460960.78549102,0.0,BTCUSDT
2020-01-08 23:55:00,8041.72,8056.11,8023.55,8055.98,263.45061,1578527999999.0,2117097.43719306,2011.0,137.078687,1101726.97267236,0.0,BTCUSDT
2020-01-09 00:00:00,8054.72,8055.96,8003.95,8012.0,235.55622,1578528299999.0,1890130.20390234,2114.0,116.491106,934492.10078681,0.0,BTCUSDT
2020-01-09 00:05:00,8012.0,8012.0,7953.52,7973.51,709.718904,1578528599999.0,5667066.54126017,5164.0,340.876613,2722088.61861905,0.0,BTCUSDT
2020-01-09 00:10:00,7972.77,7986.05,7951.01,7974.49,343.260556,1578528899999.0,2733902.48643595,2775.0,166.789726,1328502.18518349,0.0,BTCUSDT
2020-01-09 00:15:00,7973.53,7990.0,7962.31,7973.28,271.491184,1578529199999.0,2165766.51452711,1834.0,158.504609,1264324.58902124,0.0,BTCUSDT
2020-01-09 00:20:00,7971.9,7973.72,7928.0,7960.31,636.722395,1578529499999.0,5063275.16245702,3952.0,267.671525,2128523.02221442,0.0,BTCUSDT
2020-01-09 00:25:00,7960.36,7992.06,7959.25,7982.01,202.984986,1578529799999.0,1619517.33994537,1978.0,134.450554,1072827.19580781,0.0,BTCUSDT
2020-01-09 00:30:00,7983.21,7983.21,7931.28,7949.59,234.985993,1578530099999.0,1868941.03488065,2363.0,97.990212,779495.53650662,0.0,BTCUSDT
2020-01-09 00:35:00,7947.67,7960.0,7934.51,7953.28,172.571119,1578530399999.0,1371312.04977552,1685.0,87.897362,698493.67797605,0.0,BTCUSDT
2020-01-09 00:40:00,7953.81,7979.31,7949.15,7978.14,165.823622,1578530699999.0,1320384.96375911,1709.0,98.180627,781759.66523719,0.0,BTCUSDT
2020-01-09 00:45:00,7973.7,7996.54,7973.7,7977.88,192.175467,1578530999999.0,1534587.0335947,2027.0,112.265381,896551.16009981,0.0,BTCUSDT
2020-01-09 00:50:00,7977.88,7989.64,7960.52,7960.55,164.263493,1578531299999.0,1310119.66903345,1539.0,91.70488,731357.71799912,0.0,BTCUSDT
2020-01-09 00:55:00,7961.1,7967.24,7952.07,7956.55,187.877011,1578531599999.0,1495171.76746478,1299.0,89.717508,714012.05878199,0.0,BTCUSDT
2020-01-09 01:00:00,7956.88,7960.34,7950.0,7952.99,143.19838,1578531899999.0,1139086.84319845,1304.0,64.102116,509927.01955754,0.0,BTCUSDT
2020-01-09 01:05:00,7952.99,7967.2,7950.0,7961.29,151.710834,1578532199999.0,1207444.81820761,1463.0,72.010077,573123.62628873,0.0,BTCUSDT
2020-01-09 01:10:00,7962.4,7974.99,7957.94,7973.87,142.443491,1578532499999.0,1135019.50613088,1159.0,91.895887,732255.53959644,0.0,BTCUSDT
2020-01-09 01:15:00,7974.07,7989.18,7970.25,7982.23,130.417372,1578532799999.0,1040522.94269081,1366.0,66.808095,532974.45056136,0.0,BTCUSDT
2020-01-09 01:20:00,7982.23,7983.58,7965.0,7968.18,107.943415,1578533099999.0,860584.11665035,1116.0,55.051696,438871.77712872,0.0,BTCUSDT
2020-01-09 01:25:00,7967.03,7984.69,7965.56,7984.05,82.889063,1578533399999.0,661131.31690088,933.0,47.706562,380531.47067055,0.0,BTCUSDT
2020-01-09 01:30:00,7983.28,8015.87,7980.73,8008.99,284.805062,1578533699999.0,2278869.67332276,2124.0,157.879231,1263541.22151783,0.0,BTCUSDT
2020-01-09 01:35:00,8008.99,8027.36,8004.72,8017.23,242.806303,1578533999999.0,1946586.16352491,2147.0,94.421694,757026.02773468,0.0,BTCUSDT
2020-01-09 01:40:00,8017.17,8037.37,8010.03,8011.1,265.365257,1578534299999.0,2130020.17423838,1780.0,98.142365,787668.66077734,0.0,BTCUSDT
2020-01-09 01:45:00,8011.06,8027.5,8003.38,8010.31,327.16565,1578534599999.0,2621497.8442876,1464.0,125.561564,1006114.32667852,0.0,BTCUSDT
2020-01-09 01:50:00,8011.08,8016.97,8002.0,8002.77,135.91902,1578534899999.0,1088199.84404748,1051.0,51.458836,412033.45283365,0.0,BTCUSDT
2020-01-09 01:55:00,8002.32,8007.3,7986.64,8004.8,398.459626,1578535199999.0,3186777.63020869,1609.0,76.073998,608284.61273204,0.0,BTCUSDT
2020-01-09 02:00:00,8004.05,8015.0,7995.0,8012.88,138.989399,1578535499999.0,1112790.14490792,928.0,80.697732,646179.13772151,0.0,BTCUSDT
2020-01-09 02:05:00,8013.95,8019.87,8011.1,8019.45,122.619033,1578535799999.0,982751.76900693,888.0,75.585509,605803.67816791,0.0,BTCUSDT
2020-01-09 02:10:00,8019.45,8026.01,8014.45,8024.4,107.236207,1578536099999.0,860027.09586077,1086.0,56.203901,450736.93952579,0.0,BTCUSDT
2020-01-09 02:15:00,8024.28,8025.4,8002.47,8004.35,173.483365,1578536399999.0,1390324.74801611,1517.0,56.332501,451515.74422237,0.0,BTCUSDT
2020-01-09 02:20:00,8003.94,8006.94,7991.11,8000.27,206.972004,1578536699999.0,1655201.77061797,1303.0,55.281191,442221.12530899,0.0,BTCUSDT
2020-01-09 02:25:00,8000.27,8005.61,7991.11,7999.76,121.801004,1578536999999.0,974160.88898133,859.0,75.368976,602834.63601164,0.0,BTCUSDT
2020-01-09 02:30:00,7999.75,7999.75,7984.1,7987.18,117.488584,1578537299999.0,938696.29861416,880.0,41.738034,333458.24929857,0.0,BTCUSDT
2020-01-09 02:35:00,7986.95,7995.0,7982.87,7993.89,94.011547,1578537599999.0,751179.7771015,768.0,48.307302,386013.11919357,0.0,BTCUSDT
2020-01-09 02:40:00,7994.36,8006.83,7992.5,8004.23,106.675711,1578537899999.0,853448.17008971,984.0,53.64839,429188.02712178,0.0,BTCUSDT
2020-01-09 02:45:00,8003.0,8004.95,7980.0,7987.88,183.782628,1578538199999.0,1468736.47809504,1138.0,97.35809,778160.4349062,0.0,BTCUSDT
2020-01-09 02:50:00,7988.39,7994.05,7980.0,7989.57,89.55726,1578538499999.0,715158.88330059,925.0,37.999992,303450.71887465,0.0,BTCUSDT
2020-01-09 02:55:00,7989.78,7995.26,7982.01,7982.75,116.920722,1578538799999.0,934252.73126133,923.0,63.890117,510614.73596979,0.0,BTCUSDT
2020-01-09 03:00:00,7983.09,7990.99,7971.0,7978.44,253.81613,1578539099999.0,2025310.19175889,2338.0,113.702312,907294.63842907,0.0,BTCUSDT
2020-01-09 03:05:00,7978.45,7981.54,7955.0,7967.85,214.626805,1578539399999.0,1710069.47334801,1814.0,133.632733,1064712.51590956,0.0,BTCUSDT
2020-01-09 03:10:00,7967.85,7970.62,7960.98,7968.01,113.864407,1578539699999.0,907161.96238337,1118.0,76.729598,611288.98956172,0.0,BTCUSDT
2020-01-09 03:15:00,7968.45,7968.89,7946.27,7951.79,207.421782,1578539999999.0,1650283.1515606,1618.0,95.152046,756992.30718493,0.0,BTCUSDT
2020-01-09 03:20:00,7951.86,7987.93,7951.06,7978.1,292.421926,1578540299999.0,2331146.41630653,1960.0,215.602479,1718761.00676763,0.0,BTCUSDT
2020-01-09 03:25:00,7977.89,7993.46,7970.85,7971.1,149.334256,1578540599999.0,1192104.78890324,1629.0,72.257768,576888.37715852,0.0,BTCUSDT
2020-01-09 03:30:00,7971.18,7979.44,7952.86,7964.27,191.712068,1578540899999.0,1527947.20523172,1828.0,77.626546,618764.26686917,0.0,BTCUSDT
2020-01-09 03:35:00,7965.04,7974.03,7961.49,7970.76,125.462507,1578541199999.0,999827.40794996,1165.0,70.220283,559566.8208539,0.0,BTCUSDT
2020-01-09 03:40:00,7970.77,7984.05,7960.0,7962.49,184.94375,1578541499999.0,1474183.40907302,1630.0,67.861385,540993.088214,0.0,BTCUSDT
2020-01-09 03:45:00,7962.49,7967.8,7950.58,7956.64,225.54013,1578541799999.0,1795428.42908808,2358.0,130.523268,1039107.23024706,0.0,BTCUSDT
2020-01-09 03:50:00,7957.03,7958.0,7935.56,7944.89,264.769697,1578542099999.0,2104103.82156763,2005.0,104.645281,831607.32510465,0.0,BTCUSDT
2020-01-09 03:55:00,7944.88,7958.0,7940.75,7954.72,256.255014,1578542399999.0,2037035.69516257,1487.0,105.560938,839315.73678275,0.0,BTCUSDT
2020-01-09 04:00:00,7954.96,7968.17,7948.04,7961.75,154.642801,1578542699999.0,1230587.40813922,1284.0,79.94133,636154.25972262,0.0,BTCUSDT
2020-01-09 04:05:00,7961.07,7975.47,7953.58,7960.0,222.584898,1578542999999.0,1773230.96718562,1294.0,110.998472,884277.8028896,0.0,BTCUSDT
2020-01-09 04:10:00,7959.24,7959.65,7928.0,7930.29,230.618307,1578543299999.0,1831093.87216749,1853.0,83.825709,665803.89210563,0.0,BTCUSDT
2020-01-09 04:15:00,7930.08,7948.32,7928.29,7939.51,259.25326,1578543599999.0,2059357.36098282,1103.0,215.835973,1714627.95870792,0.0,BTCUSDT
2020-01-09 04:20:00,7939.51,7951.99,7939.5,7940.0,94.663728,1578543899999.0,752233.65338534,1007.0,68.191746,541875.00467121,0.0,BTCUSDT
2020-01-09 04:25:00,7940.4,7954.3,7940.0,7941.35,172.520694,1578544199999.0,1370735.70214512,1098.0,102.206224,812067.38489311,0.0,BTCUSDT
2020-01-09 04:30:00,7941.44,7978.1,7935.8,7960.07,305.422173,1578544499999.0,2428609.80295853,2009.0,227.78894,1811067.63159262,0.0,BTCUSDT
2020-01-09 04:35:00,7958.6,7978.31,7958.6,7964.34,136.279749,1578544799999.0,1086114.64581709,1353.0,74.650337,594946.18153713,0.0,BTCUSDT
2020-01-09 04:40:00,7964.37,7975.68,7957.33,7959.26,157.296045,1578545099999.0,1253225.17512904,1357.0,77.945626,621018.55668749,0.0,BTCUSDT
2020-01-09 04:45:00,7959.18,7970.45,7953.72,7959.42,118.550051,1578545399999.0,943921.78293427,1092.0,50.414566,401338.27322114,0.0,BTCUSDT
2020-01-09 04:50:00,7959.42,7969.8,7955.01,7963.62,88.732672,1578545699999.0,706505.96969312,965.0,63.036622,501894.49566323,0.0,BTCUSDT
2020-01-09 04:55:00,7963.61,7975.11,7963.22,7966.85,113.364008,1578545999999.0,903322.13461601,920.0,63.996725,509945.52364421,0.0,BTCUSDT
2020-01-09 05:00:00,7966.75,7966.75,7952.01,7957.03,76.68968,1578546299999.0,610263.40518187,907.0,34.169499,271895.96552559,0.0,BTCUSDT
2020-01-09 05:05:00,7957.3,7963.47,7954.27,7959.98,110.729317,1578546599999.0,881304.1709019,922.0,61.370459,488439.18380288,0.0,BTCUSDT
2020-01-09 05:10:00,7959.92,7965.51,7958.08,7961.31,70.735112,1578546899999.0,563134.15219523,766.0,43.843604,349063.31507499,0.0,BTCUSDT
2020-01-09 05:15:00,7961.97,7962.14,7945.35,7954.06,110.375062,1578547199999.0,877740.09162883,1005.0,36.944891,293885.35541615,0.0,BTCUSDT
2020-01-09 05:20:00,7953.87,7953.88,7939.47,7945.43,211.970072,1578547499999.0,1684008.00900831,1220.0,131.604118,1045412.385576,0.0,BTCUSDT
2020-01-09 05:25:00,7946.5,7946.51,7933.02,7941.65,116.288143,1578547799999.0,923324.74999707,1443.0,65.416315,519433.45625908,0.0,BTCUSDT
2020-01-09 05:30:00,7941.67,7945.0,7925.68,7928.75,151.984376,1578548099999.0,1206176.43182333,1338.0,80.867689,641831.9953024,0.0,BTCUSDT
2020-01-09 05:35:00,7928.88,7940.0,7928.49,7938.1,104.032231,1578548399999.0,825470.77257093,1098.0,62.886501,499012.96194195,0.0,BTCUSDT
2020-01-09 05:40:00,7938.08,7957.84,7937.38,7951.26,176.800391,1578548699999.0,1404939.0000713,1348.0,102.517398,814537.34633044,0.0,BTCUSDT
2020-01-09 05:45:00,7951.23,7957.62,7941.79,7942.95,98.969373,1578548999999.0,786881.04870748,972.0,44.201373,351466.73079413,0.0,BTCUSDT
2020-01-09 05:50:00,7943.16,7943.8,7938.5,7939.51,86.694996,1578549299999.0,688457.72190549,752.0,42.701501,339109.62278055,0.0,BTCUSDT
2020-01-09 05:55:00,7939.51,7943.68,7935.0,7941.83,89.001248,1578549599999.0,706632.25161448,870.0,53.294639,423161.40764926,0.0,BTCUSDT
2020-01-09 06:00:00,7941.99,7948.21,7931.57,7940.43,116.676426,1578549899999.0,926373.19094735,1041.0,57.16349,453857.85538449,0.0,BTCUSDT
2020-01-09 06:05:00,7939.34,7951.68,7935.72,7940.09,99.748937,1578550199999.0,792347.34921051,1115.0,55.727517,442669.24689126,0.0,BTCUSDT
2020-01-09 06:10:00,7940.04,7942.64,7906.0,7918.64,473.755676,1578550499999.0,3753739.00168465,2172.0,153.753406,1217553.83147203,0.0,BTCUSDT
2020-01-09 06:15:00,7918.64,7932.28,7904.13,7931.99,199.54886,1578550799999.0,1579706.24698171,1797.0,92.871982,735375.81924042,0.0,BTCUSDT
2020-01-09 06:20:00,7931.62,7943.57,7926.01,7932.19,127.016814,1578551099999.0,1008047.95720349,1496.0,82.47049,654554.66850651,0.0,BTCUSDT
2020-01-09 06:25:00,7932.69,7939.28,7925.21,7933.08,99.648922,1578551399999.0,790425.86172495,1097.0,58.374955,463042.46274295,0.0,BTCUSDT
2020-01-09 06:30:00,7933.25,7942.79,7929.3,7930.0,88.578627,1578551699999.0,702874.60075341,865.0,58.495217,464147.79776182,0.0,BTCUSDT
2020-01-09 06:35:00,7930.0,7930.01,7912.01,7916.71,153.164259,1578551999999.0,1212999.38284721,1247.0,58.576746,463890.89009715,0.0,BTCUSDT
2020-01-09 06:40:00,7916.53,7925.91,7908.62,7908.79,109.037019,1578552299999.0,863283.0183156,1191.0,50.673261,401268.25521879,0.0,BTCUSDT
2020-01-09 06:45:00,7908.79,7920.62,7896.0,7908.39,262.908224,1578552599999.0,2078510.59668378,2501.0,127.682696,1009611.14542414,0.0,BTCUSDT
2020-01-09 06:50:00,7910.31,7923.88,7900.56,7919.24,160.740977,1578552899999.0,1271845.66030679,1465.0,104.116901,823760.49422108,0.0,BTCUSDT
2020-01-09 06:55:00,7919.91,7923.08,7904.32,7908.48,177.359389,1578553199999.0,1403086.40605483,1336.0,102.950323,814415.93499931,0.0,BTCUSDT
2020-01-09 07:00:00,7908.71,7924.1,7903.4,7915.51,137.615761,1578553499999.0,1088895.94555587,1453.0,84.850089,671273.4612152,0.0,BTCUSDT
2020-01-09 07:05:00,7916.46,7926.04,7915.0,7920.36,144.576452,1578553799999.0,1144998.3039264,1308.0,68.091316,539282.53888611,0.0,BTCUSDT
2020-01-09 07:10:00,7920.38,7926.04,7916.04,7918.57,127.835139,1578554099999.0,1012608.07744495,1493.0,66.419869,526101.82778804,0.0,BTCUSDT
2020-01-09 07:15:00,7918.53,7945.0,7915.0,7941.84,216.670175,1578554399999.0,1718260.19327838,1998.0,148.789401,1179872.83500271,0.0,BTCUSDT
2020-01-09 07:20:00,7941.85,7957.71,7935.44,7948.54,164.35937,1578554699999.0,1306403.74060645,1667.0,83.934368,667191.63804102,0.0,BTCUSDT
2020-01-09 07:25:00,7949.51,7955.0,7940.02,7952.74,161.320812,1578554999999.0,1282074.15894412,1688.0,90.41093,718606.21527241,0.0,BTCUSDT
2020-01-09 07:30:00,7952.91,7957.71,7940.05,7942.01,253.31021,1578555299999.0,2012916.43721687,1473.0,69.073827,549079.00346921,0.0,BTCUSDT
2020-01-09 07:35:00,7940.92,7945.01,7935.05,7943.6,105.786084,1578555599999.0,839972.15562194,1044.0,57.39571,455738.36651226,0.0,BTCUSDT
2020-01-09 07:40:00,7943.03,7963.66,7941.24,7960.17,164.471474,1578555899999.0,1307983.01822984,1536.0,100.392858,798374.38449336,0.0,BTCUSDT
2020-01-09 07:45:00,7960.74,7976.67,7953.02,7972.84,490.126264,1578556199999.0,3903825.26779821,2424.0,169.711237,1352110.31486859,0.0,BTCUSDT
2020-01-09 07:50:00,7972.84,7972.97,7952.85,7954.4,335.860015,1578556499999.0,2674304.11352159,1632.0,41.692839,332112.30771691,0.0,BTCUSDT
2020-01-09 07:55:00,7954.4,7957.24,7940.61,7949.84,147.606572,1578556799999.0,1173479.67018225,1289.0,73.493784,584311.83956999,0.0,BTCUSDT
2020-01-09 08:00:00,7949.57,7954.92,7939.44,7948.09,126.878384,1578557099999.0,1008392.91993151,1034.0,61.305667,487252.78750653,0.0,BTCUSDT
2020-01-09 08:05:00,7948.07,7955.83,7943.64,7950.0,80.921832,1578557399999.0,643203.76928935,755.0,34.087155,270973.55393031,0.0,BTCUSDT
2020-01-09 08:10:00,7950.0,7955.83,7937.8,7940.0,94.604007,1578557699999.0,751881.04875638,1005.0,41.818336,332396.80907864,0.0,BTCUSDT
2020-01-09 08:15:00,7940.0,7948.34,7934.0,7941.97,118.374013,1578557999999.0,939959.82899757,1246.0,66.138715,525175.60106444,0.0,BTCUSDT
2020-01-09 08:20:00,7941.98,7947.12,7937.22,7944.99,77.861253,1578558299999.0,618410.96699054,737.0,46.869337,372262.82289488,0.0,BTCUSDT
2020-01-09 08:25:00,7944.98,7944.98,7930.21,7931.24,72.04054,1578558599999.0,571759.08840593,636.0,18.861746,149728.72522406,0.0,BTCUSDT
2020-01-09 08:30:00,7931.67,7938.32,7920.68,7922.82,273.135313,1578558899999.0,2166255.45809048,1432.0,199.531992,1582673.57639508,0.0,BTCUSDT
2020-01-09 08:35:00,7923.08,7926.3,7915.92,7916.7,123.784213,1578559199999.0,980339.06539382,1277.0,65.483529,518597.61435384,0.0,BTCUSDT
2020-01-09 08:40:00,7916.7,7930.2,7909.3,7927.92,325.732181,1578559499999.0,2579159.0572693,2151.0,264.358679,2093325.52158811,0.0,BTCUSDT
2020-01-09 08:45:00,7929.4,7934.95,7917.32,7923.43,110.351615,1578559799999.0,874495.09430703,1017.0,55.727158,441567.58590405,0.0,BTCUSDT
2020-01-09 08:50:00,7921.24,7930.0,7918.41,7928.59,106.147488,1578560099999.0,841170.68365192,830.0,78.195177,619672.35795514,0.0,BTCUSDT
2020-01-09 08:55:00,7929.0,7938.46,7927.46,7933.1,131.663548,1578560399999.0,1044479.9615146,1021.0,64.751215,513694.84268427,0.0,BTCUSDT
2020-01-09 09:00:00,7932.51,7932.94,7875.0,7893.55,773.52803,1578560699999.0,6109127.90050292,4457.0,275.114465,2173361.97347948,0.0,BTCUSDT
2020-01-09 09:05:00,7893.56,7894.43,7864.24,7886.43,593.604614,1578560999999.0,4676528.4196917,4106.0,182.808991,1440838.19950738,0.0,BTCUSDT
2020-01-09 09:10:00,7885.05,7910.0,7880.32,7904.07,311.737986,1578561299999.0,2461978.10118961,2402.0,158.81331,1254221.97998117,0.0,BTCUSDT
2020-01-09 09:15:00,7904.07,7906.65,7880.0,7882.38,274.649866,1578561599999.0,2167423.01686581,1915.0,119.603812,943789.22768475,0.0,BTCUSDT
2020-01-09 09:20:00,7882.63,7895.0,7882.01,7891.81,196.502888,1578561899999.0,1550561.79926107,1427.0,94.023125,741905.5628019,0.0,BTCUSDT
2020-01-09 09:25:00,7891.65,7894.12,7878.97,7883.08,167.639939,1578562199999.0,1322261.75974456,1310.0,91.564385,722198.91834179,0.0,BTCUSDT
2020-01-09 09:30:00,7884.25,7897.25,7877.02,7892.98,197.146202,1578562499999.0,1555435.60999408,1535.0,117.882388,930108.77527153,0.0,BTCUSDT
2020-01-09 09:35:00,7893.94,7908.0,7891.17,7906.62,169.592147,1578562799999.0,1339900.27969085,1341.0,97.04047,766690.2191721,0.0,BTCUSDT
2020-01-09 09:40:00,7906.55,7908.33,7896.4,7898.22,153.120175,1578563099999.0,1210285.9705694,1017.0,72.715764,574789.83663111,0.0,BTCUSDT
2020-01-09 09:45:00,7898.22,7898.22,7885.03,7894.36,172.576674,1578563399999.0,1362029.64347536,1688.0,84.892844,670019.4313636,0.0,BTCUSDT
2020-01-09 09:50:00,7894.38,7895.04,7876.97,7883.73,123.530672,1578563699999.0,974097.46876482,1320.0,61.34537,483756.82604379,0.0,BTCUSDT
2020-01-09 09:55:00,7883.65,7886.54,7868.88,7872.35,275.112163,1578563999999.0,2166556.15694593,1676.0,150.466296,1184828.73126004,0.0,BTCUSDT
2020-01-09 10:00:00,7872.36,7879.04,7852.01,7875.09,389.392779,1578564299999.0,3062732.27331666,2590.0,146.753117,1154614.44025036,0.0,BTCUSDT
2020-01-09 10:05:00,7875.09,7901.73,7875.09,7893.89,313.164046,1578564599999.0,2471582.02195431,2437.0,191.939699,1514985.79519012,0.0,BTCUSDT
2020-01-09 10:10:00,7892.81,7903.19,7888.33,7902.12,161.267311,1578564899999.0,1273217.90488334,1333.0,71.013612,560701.23823397,0.0,BTCUSDT
2020-01-09 10:15:00,7901.8,7934.78,7900.52,7923.14,436.185524,1578565199999.0,3455043.61900178,3199.0,268.540889,2127092.82489613,0.0,BTCUSDT
2020-01-09 10:20:00,7922.6,7926.03,7910.78,7913.83,236.000729,1578565499999.0,1868546.97383053,1491.0,139.467807,1104268.5769467,0.0,BTCUSDT
2020-01-09 10:25:00,7913.86,7920.14,7908.69,7911.1,157.267765,1578565799999.0,1244613.12886876,1110.0,92.666917,733364.1534064,0.0,BTCUSDT
2020-01-09 10:30:00,7911.21,7925.23,7911.01,7917.64,162.507992,1578566099999.0,1286880.12828162,1267.0,89.985902,712595.8851603,0.0,BTCUSDT
2020-01-09 10:35:00,7917.87,7928.72,7908.51,7914.13,179.630025,1578566399999.0,1422770.86610977,1413.0,89.867272,711745.47978212,0.0,BTCUSDT
2020-01-09 10:40:00,7915.52,7921.13,7888.0,7894.82,260.787096,1578566699999.0,2059500.0462987,1911.0,97.373088,769114.98443923,0.0,BTCUSDT
2020-01-09 10:45:00,7894.82,7897.09,7881.8,7896.06,210.074242,1578566999999.0,1656991.13532293,1615.0,92.282844,727952.64819033,0.0,BTCUSDT
2020-01-09 10:50:00,7896.07,7902.05,7877.0,7882.29,202.215236,1578567299999.0,1595482.81959674,1600.0,97.245982,767338.68381019,0.0,BTCUSDT
2020-01-09 10:55:00,7882.25,7898.43,7876.0,7896.38,215.505387,1578567599999.0,1698818.49482641,1565.0,83.639532,659409.9607622,0.0,BTCUSDT
2020-01-09 11:00:00,7895.56,7901.99,7880.18,7881.43,181.139446,1578567899999.0,1429545.97127614,1098.0,73.667592,581438.48199578,0.0,BTCUSDT
2020-01-09 11:05:00,7881.42,7890.0,7868.02,7881.07,216.271155,1578568199999.0,1703867.04545597,1459.0,113.204846,891962.43014113,0.0,BTCUSDT
2020-01-09 11:10:00,7880.38,7884.84,7873.01,7882.02,99.763485,1578568499999.0,785917.75932864,972.0,65.883152,519004.63034681,0.0,BTCUSDT
2020-01-09 11:15:00,7882.47,7893.36,7877.38,7889.42,160.175811,1578568799999.0,1263295.66038266,1256.0,80.398853,634145.30496251,0.0,BTCUSDT
2020-01-09 11:20:00,7889.48,7889.59,7865.59,7875.75,141.98387,1578569099999.0,1117801.84432915,1367.0,68.49526,539300.86545524,0.0,BTCUSDT
2020-01-09 11:25:00,7876.37,7882.36,7869.28,7870.0,100.98909,1578569399999.0,795393.35587419,1024.0,58.417178,460129.06082508,0.0,BTCUSDT
2020-01-09 11:30:00,7870.62,7878.72,7857.0,7865.25,252.95685,1578569699999.0,1989676.27747413,1826.0,111.350903,875967.85541186,0.0,BTCUSDT
2020-01-09 11:35:00,7863.8,7870.48,7855.6,7869.73,169.774768,1578569999999.0,1334502.19805066,1481.0,65.15386,512178.84863933,0.0,BTCUSDT
2020-01-09 11:40:00,7869.72,7876.68,7857.36,7858.84,137.922598,1578570299999.0,1085028.0173775,1178.0,81.240344,639190.65995359,0.0,BTCUSDT
2020-01-09 11:45:00,7858.87,7868.0,7855.62,7855.95,172.161266,1578570599999.0,1353639.88711721,1394.0,126.303836,993119.03390978,0.0,BTCUSDT
2020-01-09 11:50:00,7855.96,7874.2,7855.0,7874.06,113.927277,1578570899999.0,895713.83968746,1140.0,68.876761,541561.08086744,0.0,BTCUSDT
2020-01-09 11:55:00,7872.67,7879.45,7869.96,7878.56,164.79224,1578571199999.0,1297666.84150073,1164.0,101.002972,795363.47434333,0.0,BTCUSDT
2020-01-09 12:00:00,7878.02,7889.61,7874.67,7887.2,143.149215,1578571499999.0,1128493.86838286,1571.0,79.971336,630479.10160645,0.0,BTCUSDT
2020-01-09 12:05:00,7887.5,7894.53,7879.51,7889.23,134.543425,1578571799999.0,1061134.10065434,1129.0,70.026128,552320.05446899,0.0,BTCUSDT
2020-01-09 12:10:00,7889.46,7889.54,7881.0,7888.53,103.551473,1578572099999.0,816560.72781008,811.0,59.139551,466356.2097505,0.0,BTCUSDT
2020-01-09 12:15:00,7888.49,7891.23,7875.12,7878.59,137.481887,1578572399999.0,1084090.33712537,1071.0,64.662361,509882.26966494,0.0,BTCUSDT
2020-01-09 12:20:00,7878.72,7885.0,7871.2,7878.35,135.196987,1578572699999.0,1064891.11645977,1294.0,55.40639,436416.0082392,0.0,BTCUSDT
2020-01-09 12:25:00,7877.09,7883.77,7871.0,7879.58,118.931628,1578572999999.0,936691.04343074,954.0,60.877008,479456.79329849,0.0,BTCUSDT
2020-01-09 12:30:00,7879.56,7906.0,7878.83,7900.04,340.087578,1578573299999.0,2684893.40972454,2261.0,236.009142,1863308.09769817,0.0,BTCUSDT
2020-01-09 12:35:00,7900.23,7905.35,7888.7,7904.6,209.964311,1578573599999.0,1658042.32897279,1415.0,116.28237,918235.26877469,0.0,BTCUSDT
2020-01-09 12:40:00,7904.71,7917.68,7896.54,7901.26,287.376105,1578573899999.0,2272670.20925982,2196.0,134.071164,1060381.57010507,0.0,BTCUSDT
2020-01-09 12:45:00,7900.61,7912.98,7898.8,7907.81,147.949817,1578574199999.0,1169473.11775567,1410.0,94.160036,744320.02444103,0.0,BTCUSDT
2020-01-09 12:50:00,7908.89,7912.85,7893.6,7895.09,175.598892,1578574499999.0,1387968.70782315,1109.0,93.446301,738759.63199204,0.0,BTCUSDT
2020-01-09 12:55:00,7895.08,7901.84,7885.01,7900.91,229.110054,1578574799999.0,1808472.63136081,1252.0,137.8669,1088334.95212693,0.0,BTCUSDT
2020-01-09 13:00:00,7901.49,7924.99,7900.91,7914.91,204.492269,1578575099999.0,1618015.05750227,1857.0,111.926327,885608.9801896,0.0,BTCUSDT
2020-01-09 13:05:00,7914.97,7920.82,7903.56,7910.07,149.009788,1578575399999.0,1178994.85577482,1393.0,89.458553,707849.53637891,0.0,BTCUSDT
2020-01-09 13:10:00,7910.07,7917.44,7900.5,7916.37,247.028617,1578575699999.0,1953142.36549869,1130.0,127.73375,1009966.88952584,0.0,BTCUSDT
2020-01-09 13:15:00,7916.29,7943.93,7913.98,7926.03,436.681582,1578575999999.0,3464182.65488205,3405.0,213.399465,1692893.65279018,0.0,BTCUSDT
2020-01-09 13:20:00,7927.58,7943.91,7926.09,7935.55,269.331725,1578576299999.0,2136653.29666348,1648.0,115.528078,916611.75847565,0.0,BTCUSDT
2020-01-09 13:25:00,7935.6,7945.0,7927.0,7928.3,250.388317,1578576599999.0,1987224.05973089,1779.0,119.424853,947833.01802359,0.0,BTCUSDT
2020-01-09 13:30:00,7928.29,7939.56,7925.99,7927.29,233.91031,1578576899999.0,1855493.2123907,1482.0,106.866319,847708.64743813,0.0,BTCUSDT
2020-01-09 13:35:00,7927.35,7932.67,7908.0,7919.64,317.637182,1578577199999.0,2515105.95592032,1736.0,184.928525,1463988.47899838,0.0,BTCUSDT
2020-01-09 13:40:00,7920.08,7926.33,7909.04,7913.8,120.644913,1578577499999.0,955281.38436321,1288.0,62.015207,491061.03874312,0.0,BTCUSDT
2020-01-09 13:45:00,7915.43,7929.87,7912.82,7917.94,134.998055,1578577799999.0,1069229.57315699,1172.0,80.606169,638531.06236411,0.0,BTCUSDT
2020-01-09 13:50:00,7917.37,7923.43,7898.0,7902.36,149.394701,1578578099999.0,1181864.18787654,1335.0,43.703474,345708.32670288,0.0,BTCUSDT
2020-01-09 13:55:00,7900.51,7906.79,7891.43,7897.52,345.924907,1578578399999.0,2732871.87894737,1971.0,181.627484,1434821.45378854,0.0,BTCUSDT
2020-01-09 14:00:00,7897.54,7909.59,7897.0,7905.52,277.120711,1578578699999.0,2190006.11598914,1671.0,141.716895,1119959.47900895,0.0,BTCUSDT
2020-01-09 14:05:00,7905.57,7919.59,7902.37,7909.86,152.660979,1578578999999.0,1208071.83317005,1335.0,64.369376,509384.21234051,0.0,BTCUSDT
2020-01-09 14:10:00,7909.88,7912.67,7900.0,7904.73,149.508277,1578579299999.0,1181968.07312374,948.0,56.715338,448446.29824873,0.0,BTCUSDT
2020-01-09 14:15:00,7905.5,7906.41,7892.0,7895.08,145.043033,1578579599999.0,1145348.223561,1122.0,54.000569,426429.42877238,0.0,BTCUSDT
2020-01-09 14:20:00,7895.09,7896.44,7879.07,7889.74,349.748986,1578579899999.0,2758744.48233146,2033.0,105.648603,833461.52050324,0.0,BTCUSDT
2020-01-09 14:25:00,7889.97,7899.98,7886.89,7894.93,105.956517,1578580199999.0,836269.31029242,1080.0,59.126975,466652.82962638,0.0,BTCUSDT
2020-01-09 14:30:00,7894.94,7900.55,7884.37,7886.1,157.011302,1578580499999.0,1239367.28610974,1196.0,89.307787,705026.6886958,0.0,BTCUSDT
2020-01-09 14:35:00,7885.71,7889.47,7880.33,7882.44,92.839534,1578580799999.0,732046.76499765,933.0,50.328734,396866.70802958,0.0,BTCUSDT
2020-01-09 14:40:00,7883.03,7888.71,7875.55,7887.02,134.67989,1578581099999.0,1061452.38616556,1445.0,65.182024,513716.80517591,0.0,BTCUSDT
2020-01-09 14:45:00,7886.75,7898.81,7884.49,7892.29,108.805843,1578581399999.0,858674.89263925,1131.0,50.951732,402091.33095508,0.0,BTCUSDT
2020-01-09 14:50:00,7891.94,7898.08,7890.0,7891.78,73.157524,1578581699999.0,577431.27216645,852.0,43.719088,345077.06035669,0.0,BTCUSDT
2020-01-09 14:55:00,7891.12,7896.77,7883.0,7885.5,141.226867,1578581999999.0,1114093.1215599,1164.0,69.149284,545557.27456395,0.0,BTCUSDT
2020-01-09 15:00:00,7885.5,7892.0,7882.75,7890.46,103.227048,1578582299999.0,814268.22886438,789.0,37.604377,296632.74234349,0.0,BTCUSDT
2020-01-09 15:05:00,7890.57,7898.98,7890.27,7898.03,119.887883,1578582599999.0,946501.52266509,944.0,83.802782,661598.910009,0.0,BTCUSDT
2020-01-09 15:10:00,7898.02,7930.0,7897.89,7914.46,365.196117,1578582899999.0,2891219.33497374,2332.0,229.758376,1818825.19198158,0.0,BTCUSDT
2020-01-09 15:15:00,7914.34,7922.29,7906.69,7913.67,121.927513,1578583199999.0,965222.68399362,1196.0,57.774264,457375.67204037,0.0,BTCUSDT
2020-01-09 15:20:00,7911.86,7918.43,7906.74,7911.46,110.848372,1578583499999.0,877151.52893497,872.0,57.879441,458048.46880309,0.0,BTCUSDT
2020-01-09 15:25:00,7911.85,7911.86,7897.25,7903.23,84.748669,1578583799999.0,669907.21685873,921.0,43.899897,347041.74828802,0.0,BTCUSDT
2020-01-09 15:30:00,7902.62,7906.91,7893.0,7905.0,128.089063,1578584099999.0,1011756.93677517,1297.0,45.175746,356864.59602201,0.0,BTCUSDT
2020-01-09 15:35:00,7905.69,7912.91,7900.0,7912.57,90.034536,1578584399999.0,711806.01503691,923.0,48.527692,383708.97142497,0.0,BTCUSDT
2020-01-09 15:40:00,7912.44,7914.27,7901.46,7905.41,86.243342,1578584699999.0,681928.66253543,876.0,55.325808,437464.3377753,0.0,BTCUSDT
2020-01-09 15:45:00,7905.41,7910.08,7900.94,7902.43,95.33487,1578584999999.0,753576.88355114,884.0,52.719452,416745.37855177,0.0,BTCUSDT
2020-01-09 15:50:00,7902.44,7905.71,7896.29,7901.43,95.652805,1578585299999.0,755674.5104465,979.0,36.864882,291249.31644143,0.0,BTCUSDT
2020-01-09 15:55:00,7901.39,7910.0,7899.98,7907.05,154.252301,1578585599999.0,1219324.05554307,892.0,75.655013,598040.47597635,0.0,BTCUSDT
2020-01-09 16:00:00,7907.05,7920.01,7885.47,7890.0,243.866973,1578585899999.0,1927117.7557429,2315.0,100.397187,793307.5101211,0.0,BTCUSDT
2020-01-09 16:05:00,7890.01,7890.01,7854.07,7874.73,396.403811,1578586199999.0,3119020.28980115,2916.0,172.70173,1359098.7226019,0.0,BTCUSDT
2020-01-09 16:10:00,7874.78,7882.35,7862.02,7862.2,210.149704,1578586499999.0,1654946.22884065,1436.0,109.601616,863095.85586809,0.0,BTCUSDT
2020-01-09 16:15:00,7862.2,7870.0,7854.06,7854.35,239.039108,1578586799999.0,1879000.29956555,1800.0,109.3251,859428.85350953,0.0,BTCUSDT
2020-01-09 16:20:00,7855.27,7855.27,7820.96,7829.35,897.503641,1578587099999.0,7032653.09264369,5366.0,379.676017,2974371.16659005,0.0,BTCUSDT
2020-01-09 16:25:00,7828.4,7839.97,7805.01,7833.49,783.904866,1578587399999.0,6130060.60279888,3846.0,329.18962,2574116.3906703,0.0,BTCUSDT
2020-01-09 16:30:00,7832.12,7846.66,7812.8,7845.45,398.563388,1578587699999.0,3119949.72887595,2629.0,202.512768,1585213.80933227,0.0,BTCUSDT
2020-01-09 16:35:00,7845.04,7849.0,7826.0,7826.0,230.418559,1578587999999.0,1806264.74426099,1935.0,134.980753,1058184.36505494,0.0,BTCUSDT
2020-01-09 16:40:00,7826.01,7857.5,7825.0,7846.83,284.523174,1578588299999.0,2232248.50997288,1718.0,167.892006,1317333.52228907,0.0,BTCUSDT
2020-01-09 16:45:00,7846.75,7847.53,7835.84,7836.68,153.055368,1578588599999.0,1200158.63415131,1066.0,56.992459,446901.5134287,0.0,BTCUSDT
2020-01-09 16:50:00,7836.67,7846.15,7821.01,7823.18,262.492517,1578588899999.0,2056451.42688829,1611.0,126.967525,994668.97147281,0.0,BTCUSDT
2020-01-09 16:55:00,7822.35,7835.51,7816.08,7818.15,286.365522,1578589199999.0,2241424.87764365,1560.0,190.566145,1491780.52211963,0.0,BTCUSDT
2020-01-09 17:00:00,7818.15,7825.0,7810.62,7816.81,274.403873,1578589499999.0,2145898.54299516,1921.0,158.128992,1236764.49732559,0.0,BTCUSDT
2020-01-09 17:05:00,7816.8,7838.96,7815.49,7830.28,233.129598,1578589799999.0,1824794.39884529,1640.0,144.082735,1127724.98453152,0.0,BTCUSDT
2020-01-09 17:10:00,7830.24,7830.79,7779.33,7790.21,763.422048,1578590099999.0,5954075.44016036,4306.0,158.191127,1234414.17991213,0.0,BTCUSDT
2020-01-09 17:15:00,7789.07,7809.99,7781.61,7800.82,405.031706,1578590399999.0,3157893.59272292,2822.0,260.885342,2034099.66017489,0.0,BTCUSDT
2020-01-09 17:20:00,7801.18,7805.43,7780.41,7787.77,393.450449,1578590699999.0,3064535.03828137,2340.0,134.41756,1047032.62267639,0.0,BTCUSDT
2020-01-09 17:25:00,7788.57,7798.38,7778.0,7792.35,316.879616,1578590999999.0,2466789.32206204,1999.0,143.573492,1117864.90454944,0.0,BTCUSDT
2020-01-09 17:30:00,7792.73,7815.66,7792.13,7811.77,291.739476,1578591299999.0,2276752.5913485,1937.0,196.043583,1529998.70601519,0.0,BTCUSDT
2020-01-09 17:35:00,7811.78,7817.0,7790.49,7791.08,206.893378,1578591599999.0,1615030.15127375,1715.0,96.876914,756308.45359984,0.0,BTCUSDT
2020-01-09 17:40:00,7791.18,7846.0,7791.08,7838.8,392.457968,1578591899999.0,3069961.31326007,2473.0,255.086141,1995456.33641607,0.0,BTCUSDT
2020-01-09 17:45:00,7838.63,7840.01,7818.67,7821.81,294.590602,1578592199999.0,2306118.5504764,1581.0,150.005877,1174346.45633124,0.0,BTCUSDT
2020-01-09 17:50:00,7821.7,7824.99,7795.0,7797.9,225.590107,1578592499999.0,1760605.35703152,1746.0,120.242008,938356.74686003,0.0,BTCUSDT
2020-01-09 17:55:00,7797.89,7805.62,7786.38,7798.6,192.586308,1578592799999.0,1501231.0538609,1308.0,70.356896,548611.91550622,0.0,BTCUSDT
2020-01-09 18:00:00,7798.23,7806.93,7788.68,7805.22,177.646869,1578593099999.0,1385404.53861716,1350.0,93.640333,730196.05133992,0.0,BTCUSDT
2020-01-09 18:05:00,7806.93,7813.3,7797.59,7801.33,143.600278,1578593399999.0,1121144.3927367,1158.0,88.188535,688532.01251543,0.0,BTCUSDT
2020-01-09 18:10:00,7802.01,7806.52,7792.0,7801.06,141.53374,1578593699999.0,1103998.41419891,1089.0,60.056074,468519.67178534,0.0,BTCUSDT
2020-01-09 18:15:00,7801.04,7814.91,7796.5,7798.18,142.271295,1578593999999.0,1110629.76887282,1177.0,61.123968,477184.31477781,0.0,BTCUSDT
2020-01-09 18:20:00,7798.18,7810.0,7796.35,7806.35,140.821063,1578594299999.0,1098760.13096363,986.0,73.129057,570607.80555668,0.0,BTCUSDT
2020-01-09 18:25:00,7805.1,7818.82,7805.1,7813.39,102.167094,1578594599999.0,798096.3246932,1113.0,41.544705,324572.21135806,0.0,BTCUSDT
2020-01-09 18:30:00,7812.95,7827.64,7806.54,7824.72,175.72972,1578594899999.0,1373597.64896534,1279.0,109.484578,855871.3327433,0.0,BTCUSDT
2020-01-09 18:35:00,7824.81,7832.13,7814.43,7829.26,117.202006,1578595199999.0,916633.24914348,1136.0,63.362038,495633.86966676,0.0,BTCUSDT
2020-01-09 18:40:00,7828.63,7829.95,7820.81,7828.99,114.854795,1578595499999.0,898887.01697256,1017.0,46.600099,364721.18501481,0.0,BTCUSDT
2020-01-09 18:45:00,7828.96,7828.98,7805.3,7810.3,82.410523,1578595799999.0,644042.58057854,824.0,45.590027,356324.11124862,0.0,BTCUSDT
2020-01-09 18:50:00,7811.31,7820.0,7804.39,7808.52,106.001253,1578596099999.0,827838.33667784,959.0,50.828688,396981.04140765,0.0,BTCUSDT
2020-01-09 18:55:00,7808.85,7823.32,7804.87,7810.64,84.791817,1578596399999.0,662475.22622442,994.0,37.032455,289341.89543904,0.0,BTCUSDT
2020-01-09 19:00:00,7810.68,7819.55,7810.3,7816.78,58.852304,1578596699999.0,459981.46849926,679.0,31.70998,247848.29564413,0.0,BTCUSDT
2020-01-09 19:05:00,7816.68,7821.54,7811.58,7819.54,79.394014,1578596999999.0,620640.8962217,861.0,43.100139,336947.54813411,0.0,BTCUSDT
2020-01-09 19:10:00,7819.0,7824.46,7812.39,7823.9,63.538959,1578597299999.0,496794.8032438,752.0,36.14657,282610.91704759,0.0,BTCUSDT
2020-01-09 19:15:00,7823.89,7829.69,7820.0,7829.18,69.53006,1578597599999.0,544033.55912399,903.0,42.98309,336325.98245329,0.0,BTCUSDT
2020-01-09 19:20:00,7829.54,7865.22,7825.64,7852.21,305.006926,1578597899999.0,2393082.17962523,2475.0,176.344398,1383364.80189154,0.0,BTCUSDT
2020-01-09 19:25:00,7851.92,7867.74,7840.62,7853.27,256.255052,1578598199999.0,2013958.46179569,1815.0,150.322149,1181331.68254595,0.0,BTCUSDT
2020-01-09 19:30:00,7854.82,7873.57,7853.17,7869.66,243.642017,1578598499999.0,1915786.89861724,2341.0,144.25157,1134159.22690651,0.0,BTCUSDT
2020-01-09 19:35:00,7869.45,7879.99,7858.08,7875.48,172.520521,1578598799999.0,1357778.59005963,1701.0,103.148303,811823.67031089,0.0,BTCUSDT
2020-01-09 19:40:00,7875.48,7899.29,7875.0,7898.62,406.373164,1578599099999.0,3204546.73815605,2812.0,193.954789,1529704.99566879,0.0,BTCUSDT
2020-01-09 19:45:00,7898.62,7914.3,7885.0,7911.74,498.844155,1578599399999.0,3937552.83569422,2435.0,216.763768,1711837.27314812,0.0,BTCUSDT
2020-01-09 19:50:00,7911.77,7957.48,7903.14,7933.46,871.229994,1578599699999.0,6910800.34666361,6299.0,488.120145,3871989.79278666,0.0,BTCUSDT
2020-01-09 19:55:00,7933.02,7933.69,7902.04,7917.54,440.251491,1578599999999.0,3485753.70100514,2621.0,193.377328,1530753.65820192,0.0,BTCUSDT
2020-01-09 20:00:00,7917.55,7964.26,7913.06,7964.26,455.86754,1578600299999.0,3618124.27234085,3937.0,261.74865,2077459.48579168,0.0,BTCUSDT
2020-01-09 20:05:00,7964.3,7992.71,7949.72,7988.17,964.318773,1578600599999.0,7687110.05802285,6205.0,453.529598,3616454.31608366,0.0,BTCUSDT
2020-01-09 20:10:00,7988.24,8000.0,7975.01,7986.89,711.076143,1578600899999.0,5680770.3662367,3940.0,387.515431,3096303.48675848,0.0,BTCUSDT
2020-01-09 20:15:00,7984.76,7987.38,7965.0,7965.0,464.853138,1578601199999.0,3705888.02094519,2733.0,143.934352,1147596.02902539,0.0,BTCUSDT
2020-01-09 20:20:00,7965.26,7985.18,7961.41,7961.94,244.658605,1578601499999.0,1950297.78132741,1684.0,111.52567,889119.36803071,0.0,BTCUSDT
2020-01-09 20:25:00,7961.94,7974.6,7960.0,7961.66,273.287128,1578601799999.0,2176692.68659449,1560.0,111.048271,884654.00210838,0.0,BTCUSDT
2020-01-09 20:30:00,7961.49,7961.49,7929.13,7933.31,511.700739,1578602099999.0,4066421.49062246,2841.0,171.277692,1360304.61562078,0.0,BTCUSDT
2020-01-09 20:35:00,7934.3,7949.57,7929.68,7935.24,286.731823,1578602399999.0,2276632.60794656,1868.0,160.042461,1270685.00448566,0.0,BTCUSDT
2020-01-09 20:40:00,7935.25,7952.93,7935.0,7943.67,120.441995,1578602699999.0,956863.01664876,1043.0,58.543722,465109.27024154,0.0,BTCUSDT
2020-01-09 20:45:00,7943.71,7948.0,7916.38,7920.03,199.164109,1578602999999.0,1580187.43123176,1410.0,71.207075,565074.31754894,0.0,BTCUSDT
2020-01-09 20:50:00,7920.03,7921.46,7805.0,7815.68,1838.034713,1578603299999.0,14424544.4514662,10334.0,884.055203,6935312.27698703,0.0,BTCUSDT
2020-01-09 20:55:00,7815.84,7860.0,7812.37,7818.3,662.278083,1578603599999.0,5191389.88291857,3760.0,354.150113,2776127.80503205,0.0,BTCUSDT
2020-01-09 21:00:00,7819.97,7823.17,7752.01,7755.94,1353.470282,1578603899999.0,10531729.74028223,8604.0,550.441442,4285202.93596419,0.0,BTCUSDT
2020-01-09 21:05:00,7757.04,7799.05,7750.0,7794.0,694.917311,1578604199999.0,5401899.73017681,4558.0,303.942752,2363633.40527247,0.0,BTCUSDT
2020-01-09 21:10:00,7793.7,7845.61,7791.57,7828.81,585.585415,1578604499999.0,4578401.8988987,3925.0,243.904892,1907164.88948753,0.0,BTCUSDT
2020-01-09 21:15:00,7829.98,7854.14,7804.3,7823.47,376.420592,1578604799999.0,2945798.1492705,2683.0,218.349661,1708961.8345374,0.0,BTCUSDT
2020-01-09 21:20:00,7822.18,7846.0,7814.96,7837.28,219.541833,1578605099999.0,1719520.50687949,1640.0,111.888474,876326.63350391,0.0,BTCUSDT
2020-01-09 21:25:00,7837.29,7846.66,7823.5,7832.11,208.345734,1578605399999.0,1632652.70269451,1304.0,116.55367,913371.08112202,0.0,BTCUSDT
2020-01-09 21:30:00,7832.35,7840.5,7805.31,7820.0,320.149064,1578605699999.0,2503720.49970714,1630.0,147.529423,1154068.49850082,0.0,BTCUSDT
2020-01-09 21:35:00,7820.0,7820.0,7797.08,7806.52,171.517121,1578605999999.0,1338575.17196515,1610.0,74.774493,583561.00807377,0.0,BTCUSDT
2020-01-09 21:40:00,7805.78,7825.0,7798.68,7807.29,123.670299,1578606299999.0,966240.81740775,1204.0,69.617182,543933.26941881,0.0,BTCUSDT
2020-01-09 21:45:00,7807.29,7818.91,7804.0,7818.91,96.658309,1578606599999.0,754875.49290146,754.0,51.887075,405267.42528457,0.0,BTCUSDT
2020-01-09 21:50:00,7818.9,7820.58,7785.83,7789.76,242.004046,1578606899999.0,1888118.79169925,1951.0,138.849414,1083308.31196039,0.0,BTCUSDT
2020-01-09 21:55:00,7789.21,7807.27,7787.61,7789.96,162.744475,1578607199999.0,1268606.2216406,1590.0,93.518748,729058.06362588,0.0,BTCUSDT
2020-01-09 22:00:00,7789.99,7828.46,7788.78,7816.42,380.019472,1578607499999.0,2967166.17834687,2510.0,257.022361,2006297.56241897,0.0,BTCUSDT
2020-01-09 22:05:00,7816.3,7816.7,7804.06,7811.08,80.514423,1578607799999.0,628875.08123947,915.0,33.201106,259303.97362218,0.0,BTCUSDT
2020-01-09 22:10:00,7811.08,7811.08,7802.67,7804.17,59.76812,1578608099999.0,466643.60114661,726.0,27.367044,213672.92600683,0.0,BTCUSDT
2020-01-09 22:15:00,7804.15,7807.72,7799.52,7804.75,79.982923,1578608399999.0,624157.96395161,845.0,31.356647,244718.39062711,0.0,BTCUSDT
2020-01-09 22:20:00,7805.11,7825.66,7804.19,7815.1,133.654796,1578608699999.0,1044607.06688748,1175.0,87.512625,684087.94437489,0.0,BTCUSDT
2020-01-09 22:25:00,7815.15,7825.49,7814.26,7821.07,104.257055,1578608999999.0,815465.69538504,1047.0,40.550543,317196.31196469,0.0,BTCUSDT
2020-01-09 22:30:00,7821.51,7837.52,7814.53,7834.81,124.487305,1578609299999.0,974154.74742466,1369.0,80.080137,626704.41815037,0.0,BTCUSDT
2020-01-09 22:35:00,7834.81,7838.4,7829.97,7838.21,83.727182,1578609599999.0,655913.17298092,985.0,34.765591,272371.92174541,0.0,BTCUSDT
2020-01-09 22:40:00,7838.23,7860.86,7836.78,7858.2,176.799534,1578609899999.0,1387317.39750288,1362.0,121.811797,955922.7224914,0.0,BTCUSDT
2020-01-09 22:45:00,7858.63,7873.12,7843.39,7851.69,205.606823,1578610199999.0,1615699.2551814,1824.0,107.20349,842553.9780959,0.0,BTCUSDT
2020-01-09 22:50:00,7852.15,7865.81,7812.92,7819.45,275.01418,1578610499999.0,2156118.16476278,2002.0,135.408609,1061903.38222959,0.0,BTCUSDT
2020-01-09 22:55:00,7819.46,7819.46,7804.0,7811.31,173.548473,1578610799999.0,1355534.80023603,1474.0,95.453696,745640.93895167,0.0,BTCUSDT
2020-01-09 23:00:00,7811.31,7812.82,7790.01,7810.41,130.827174,1578611099999.0,1020689.97475824,1409.0,63.072302,492057.92271883,0.0,BTCUSDT
2020-01-09 23:05:00,7810.13,7823.8,7802.44,7822.01,123.884262,1578611399999.0,968105.20064354,1270.0,57.863416,452221.15921229,0.0,BTCUSDT
2020-01-09 23:10:00,7822.0,7828.26,7805.96,7808.28,177.261828,1578611699999.0,1385339.16560232,1644.0,67.234052,525391.45778498,0.0,BTCUSDT
2020-01-09 23:15:00,7808.95,7824.31,7807.99,7820.77,107.0883,1578611999999.0,837182.67772183,1023.0,55.763992,435902.50343709,0.0,BTCUSDT
2020-01-09 23:20:00,7820.98,7833.01,7820.2,7832.41,83.143317,1578612299999.0,650765.00205938,984.0,37.880627,296491.36795695,0.0,BTCUSDT
2020-01-09 23:25:00,7832.51,7834.0,7820.48,7831.63,87.093979,1578612599999.0,681871.04674491,1001.0,46.114892,361026.69980682,0.0,BTCUSDT
2020-01-09 23:30:00,7830.59,7831.95,7816.67,7829.53,85.350072,1578612899999.0,667810.00786865,1083.0,37.805287,295811.41843251,0.0,BTCUSDT
2020-01-09 23:35:00,7829.04,7830.82,7820.88,7825.35,72.189498,1578613199999.0,564955.13625875,946.0,32.259063,252467.22302376,0.0,BTCUSDT
2020-01-09 23:40:00,7825.31,7825.79,7808.38,7809.66,148.174371,1578613499999.0,1157769.24252768,1502.0,48.318128,377554.45470206,0.0,BTCUSDT
2020-01-09 23:45:00,7809.35,7832.13,7803.0,7828.76,117.261927,1578613799999.0,916312.97389454,1462.0,64.350929,502826.20774305,0.0,BTCUSDT
2020-01-09 23:50:00,7829.49,7835.0,7821.88,7829.74,103.685253,1578614099999.0,811751.5224312,1167.0,58.163461,455312.40785447,0.0,BTCUSDT
2020-01-09 23:55:00,7830.86,7834.0,7814.05,7817.76,149.952768,1578614399999.0,1173134.37101723,1428.0,78.012348,610326.15217354,0.0,BTCUSDT
2020-01-10 00:00:00,7817.74,7836.45,7811.05,7835.25,160.810487,1578614699999.0,1257751.73109738,1287.0,98.611343,771195.10236192,0.0,BTCUSDT
2020-01-10 00:05:00,7836.44,7848.1,7833.81,7838.84,158.995397,1578614999999.0,1246482.75478516,1498.0,56.257039,441022.29358221,0.0,BTCUSDT
2020-01-10 00:10:00,7838.01,7845.0,7835.72,7840.7,87.400259,1578615299999.0,685315.49692642,1223.0,44.113891,345902.48199532,0.0,BTCUSDT
2020-01-10 00:15:00,7839.17,7850.03,7833.31,7848.49,130.599136,1578615599999.0,1024198.6777716,1504.0,67.01663,525557.89808095,0.0,BTCUSDT
2020-01-10 00:20:00,7848.96,7854.06,7840.68,7849.21,102.070018,1578615899999.0,801150.9264158,1230.0,49.095139,385374.84974901,0.0,BTCUSDT
2020-01-10 00:25:00,7849.17,7849.18,7836.46,7847.29,90.638363,1578616199999.0,710795.87598608,1241.0,41.184159,322983.29351938,0.0,BTCUSDT
2020-01-10 00:30:00,7847.39,7850.0,7828.83,7830.61,128.347606,1578616499999.0,1006026.76777913,1419.0,53.556104,419881.13147963,0.0,BTCUSDT
2020-01-10 00:35:00,7830.16,7837.9,7826.36,7834.18,96.051834,1578616799999.0,752218.22230845,962.0,49.54935,388068.96949439,0.0,BTCUSDT
2020-01-10 00:40:00,7834.62,7835.0,7828.51,7831.76,47.157711,1578617099999.0,369356.06706239,775.0,25.557612,200180.40897045,0.0,BTCUSDT
2020-01-10 00:45:00,7832.08,7843.39,7829.71,7841.72,64.655784,1578617399999.0,506845.44383279,832.0,36.857783,288928.6224047,0.0,BTCUSDT
2020-01-10 00:50:00,7841.94,7846.67,7823.53,7825.73,100.735316,1578617699999.0,789025.9421884,1132.0,58.599028,458988.14204919,0.0,BTCUSDT
2020-01-10 00:55:00,7825.43,7830.0,7818.01,7820.01,109.293882,1578617999999.0,855089.3423615,1159.0,37.724695,295181.83949817,0.0,BTCUSDT
2020-01-10 01:00:00,7820.25,7840.72,7820.0,7840.0,86.561028,1578618299999.0,677673.59786275,1021.0,55.980328,438295.15067194,0.0,BTCUSDT
2020-01-10 01:05:00,7840.02,7841.57,7829.99,7835.11,53.335835,1578618599999.0,417900.05085703,825.0,24.53077,192208.01771312,0.0,BTCUSDT
2020-01-10 01:10:00,7835.54,7835.97,7826.41,7829.74,48.639007,1578618899999.0,380864.18222123,766.0,22.315396,174735.82101523,0.0,BTCUSDT
2020-01-10 01:15:00,7829.75,7830.97,7818.04,7821.04,59.997353,1578619199999.0,469407.75909375,827.0,24.642398,192768.3190596,0.0,BTCUSDT
2020-01-10 01:20:00,7820.49,7831.19,7817.98,7821.48,57.471213,1578619499999.0,449787.71644863,800.0,39.435473,308643.62191906,0.0,BTCUSDT
2020-01-10 01:25:00,7821.81,7823.33,7804.08,7807.17,187.765542,1578619799999.0,1466557.58232531,1484.0,85.41296,667075.98967084,0.0,BTCUSDT
2020-01-10 01:30:00,7806.85,7811.02,7801.0,7808.42,87.131177,1578620099999.0,680130.31968099,893.0,42.107095,328679.96946852,0.0,BTCUSDT
2020-01-10 01:35:00,7808.45,7817.96,7804.73,7805.81,125.995277,1578620399999.0,984072.6508423,828.0,30.12134,235270.5719318,0.0,BTCUSDT
2020-01-10 01:40:00,7805.81,7811.62,7793.12,7796.52,195.442615,1578620699999.0,1524587.90062485,1326.0,102.748879,801623.2124606,0.0,BTCUSDT
2020-01-10 01:45:00,7796.06,7803.41,7786.18,7790.38,153.183205,1578620999999.0,1193821.61712523,1147.0,54.569994,425363.29380262,0.0,BTCUSDT
2020-01-10 01:50:00,7790.36,7802.03,7786.12,7799.98,76.088243,1578621299999.0,593089.43796333,961.0,43.869912,341960.32217452,0.0,BTCUSDT
2020-01-10 01:55:00,7799.98,7812.0,7795.92,7804.99,117.959154,1578621599999.0,920462.93189583,945.0,53.748918,419473.78287578,0.0,BTCUSDT
2020-01-10 02:00:00,7804.99,7805.0,7793.34,7801.55,106.237282,1578621899999.0,828396.26521963,1010.0,76.355299,595417.56472195,0.0,BTCUSDT
2020-01-10 02:05:00,7800.73,7823.51,7800.73,7815.67,128.194008,1578622199999.0,1001818.00359991,1359.0,65.862492,514657.57542281,0.0,BTCUSDT
2020-01-10 02:10:00,7815.67,7818.65,7809.59,7813.56,56.519942,1578622499999.0,441695.24380569,647.0,25.075557,195961.03215483,0.0,BTCUSDT
2020-01-10 02:15:00,7813.89,7819.19,7810.7,7817.77,74.755492,1578622799999.0,584157.95499518,754.0,45.314903,354101.86929861,0.0,BTCUSDT
2020-01-10 02:20:00,7817.77,7823.06,7814.95,7818.74,65.617145,1578623099999.0,513082.22043684,841.0,24.037415,187958.38573513,0.0,BTCUSDT
2020-01-10 02:25:00,7818.41,7825.0,7816.04,7821.24,85.932302,1578623399999.0,672157.41948688,770.0,51.741636,404720.70817169,0.0,BTCUSDT
2020-01-10 02:30:00,7822.24,7822.55,7813.0,7817.14,70.882746,1578623699999.0,554038.30365813,848.0,28.53806,223078.66909196,0.0,BTCUSDT
2020-01-10 02:35:00,7817.15,7818.06,7806.33,7811.44,84.126592,1578623999999.0,657332.40848473,871.0,34.069961,266187.32139085,0.0,BTCUSDT
2020-01-10 02:40:00,7811.29,7815.0,7804.94,7811.68,97.190995,1578624299999.0,759120.33390896,787.0,44.396593,346717.27929428,0.0,BTCUSDT
2020-01-10 02:45:00,7811.66,7812.41,7796.4,7801.42,72.002941,1578624599999.0,561930.89159897,867.0,31.08226,242596.564192,0.0,BTCUSDT
2020-01-10 02:50:00,7801.37,7817.13,7798.65,7813.55,59.793854,1578624899999.0,466926.59334221,830.0,39.183939,305951.79071127,0.0,BTCUSDT
2020-01-10 02:55:00,7814.06,7816.52,7801.49,7803.68,103.081232,1578625199999.0,805210.82377166,868.0,60.385666,471681.18663679,0.0,BTCUSDT
2020-01-10 03:00:00,7803.68,7811.2,7799.76,7809.69,132.559479,1578625499999.0,1034635.41924593,1354.0,61.699507,481575.63567302,0.0,BTCUSDT
2020-01-10 03:05:00,7809.85,7812.55,7803.69,7807.82,84.680876,1578625799999.0,661192.18869897,860.0,52.793982,412223.36669435,0.0,BTCUSDT
2020-01-10 03:10:00,7807.53,7812.91,7801.0,7811.14,65.840346,1578626099999.0,514065.22143037,843.0,42.424104,331253.88182173,0.0,BTCUSDT
2020-01-10 03:15:00,7810.27,7813.76,7803.74,7813.16,96.235662,1578626399999.0,751518.77356207,914.0,56.383819,440266.44138086,0.0,BTCUSDT
2020-01-10 03:20:00,7813.18,7825.0,7810.0,7810.0,116.476229,1578626699999.0,910626.12362547,1229.0,59.897417,468337.24392558,0.0,BTCUSDT
2020-01-10 03:25:00,7811.49,7815.63,7803.0,7803.37,88.970402,1578626999999.0,694701.02233157,1140.0,30.749804,240096.31430786,0.0,BTCUSDT
2020-01-10 03:30:00,7803.02,7804.76,7770.0,7795.0,355.787946,1578627299999.0,2769729.34149319,2769.0,130.704581,1017436.46058568,0.0,BTCUSDT
2020-01-10 03:35:00,7794.99,7802.37,7789.18,7800.03,205.760921,1578627599999.0,1604151.63676959,1038.0,40.023433,312077.81634805,0.0,BTCUSDT
2020-01-10 03:40:00,7800.06,7812.92,7796.21,7808.17,99.367702,1578627899999.0,775491.02127436,939.0,55.192766,430773.41230446,0.0,BTCUSDT
2020-01-10 03:45:00,7806.71,7816.29,7803.48,7812.36,70.373505,1578628199999.0,549646.90452576,740.0,48.904471,381972.82948484,0.0,BTCUSDT
2020-01-10 03:50:00,7811.88,7812.47,7804.18,7809.19,55.586311,1578628499999.0,434054.32723387,561.0,35.815254,279678.41038375,0.0,BTCUSDT
2020-01-10 03:55:00,7809.31,7818.41,7804.2,7818.02,44.113405,1578628799999.0,344564.40920533,641.0,24.858056,194157.26629489,0.0,BTCUSDT
2020-01-10 04:00:00,7818.06,7819.84,7805.99,7807.53,89.367252,1578629099999.0,698075.12644046,1003.0,33.993807,265534.10296931,0.0,BTCUSDT
2020-01-10 04:05:00,7807.53,7808.0,7799.53,7799.73,71.488257,1578629399999.0,557952.45179582,727.0,30.014726,234257.51015119,0.0,BTCUSDT
2020-01-10 04:10:00,7799.81,7799.87,7787.19,7788.69,182.27818,1578629699999.0,1420931.17600523,1035.0,107.642214,839222.84178312,0.0,BTCUSDT
2020-01-10 04:15:00,7788.67,7800.2,7784.13,7795.5,113.750644,1578629999999.0,886370.93228483,943.0,65.909055,513711.24886489,0.0,BTCUSDT
2020-01-10 04:20:00,7794.92,7797.27,7785.48,7791.64,67.076514,1578630299999.0,522625.73147332,685.0,33.00341,257165.09057169,0.0,BTCUSDT
2020-01-10 04:25:00,7791.65,7793.45,7775.0,7785.31,187.51966,1578630599999.0,1459354.15643557,1097.0,105.338082,819771.95745038,0.0,BTCUSDT
2020-01-10 04:30:00,7784.37,7793.71,7779.0,7782.76,97.924815,1578630899999.0,762346.55423589,871.0,49.73545,387195.90627727,0.0,BTCUSDT
2020-01-10 04:35:00,7783.78,7798.0,7768.4,7795.63,177.42244,1578631199999.0,1380518.76615932,1371.0,78.795612,613351.83806366,0.0,BTCUSDT
2020-01-10 04:40:00,7795.74,7797.54,7775.8,7787.53,200.000137,1578631499999.0,1557043.01384581,1977.0,84.975949,661506.8745517,0.0,BTCUSDT
2020-01-10 04:45:00,7787.69,7793.78,7784.75,7792.99,118.867781,1578631799999.0,926005.98854168,1010.0,61.185905,476634.1243323,0.0,BTCUSDT
2020-01-10 04:50:00,7792.99,7798.94,7785.0,7795.51,121.07681,1578632099999.0,943235.77900837,1030.0,72.137861,561972.93479987,0.0,BTCUSDT
2020-01-10 04:55:00,7794.9,7802.6,7782.95,7795.3,243.01687,1578632399999.0,1894084.04901182,1186.0,94.584039,736909.02115647,0.0,BTCUSDT
2020-01-10 05:00:00,7795.33,7797.95,7786.81,7790.0,57.904874,1578632699999.0,451175.57752307,718.0,32.170441,250660.40123871,0.0,BTCUSDT
2020-01-10 05:05:00,7790.67,7792.77,7781.1,7788.83,71.899605,1578632999999.0,559832.4723925,864.0,34.939309,272056.98117582,0.0,BTCUSDT
2020-01-10 05:10:00,7788.56,7788.82,7781.69,7782.58,74.093648,1578633299999.0,576828.27263545,918.0,43.391352,337811.4029123,0.0,BTCUSDT
2020-01-10 05:15:00,7782.0,7791.12,7781.08,7789.69,59.988882,1578633599999.0,466978.48214824,802.0,37.854403,294668.78138243,0.0,BTCUSDT
2020-01-10 05:20:00,7789.69,7791.76,7781.24,7783.29,86.164983,1578633899999.0,670966.91068873,1016.0,47.849713,372591.10720789,0.0,BTCUSDT
2020-01-10 05:25:00,7782.04,7788.06,7779.0,7779.0,141.259139,1578634199999.0,1099300.51215061,1234.0,53.413341,415701.08770844,0.0,BTCUSDT
2020-01-10 05:30:00,7779.95,7781.99,7768.78,7769.4,147.192521,1578634499999.0,1144516.25020881,1203.0,64.392323,500747.74191782,0.0,BTCUSDT
2020-01-10 05:35:00,7769.98,7776.02,7762.0,7763.0,107.305697,1578634799999.0,833358.8208282,1095.0,49.138582,381625.63303727,0.0,BTCUSDT
2020-01-10 05:40:00,7762.44,7779.71,7758.0,7771.52,281.758824,1578635099999.0,2188043.45562941,1521.0,186.619985,1449100.75409891,0.0,BTCUSDT
2020-01-10 05:45:00,7771.19,7778.36,7761.1,7771.77,143.223194,1578635399999.0,1112815.15329273,1093.0,63.540845,493848.58334185,0.0,BTCUSDT
2020-01-10 05:50:00,7772.65,7778.0,7756.38,7761.17,100.414552,1578635699999.0,779844.47968362,1115.0,37.159772,288644.90135377,0.0,BTCUSDT
2020-01-10 05:55:00,7761.13,7771.71,7735.0,7748.86,875.727425,1578635999999.0,6787600.12771641,3647.0,244.314422,1893854.31202651,0.0,BTCUSDT
2020-01-10 06:00:00,7748.0,7757.42,7735.01,7744.34,277.472073,1578636299999.0,2148948.996276,2193.0,124.936431,967701.03004636,0.0,BTCUSDT
2020-01-10 06:05:00,7744.54,7775.3,7741.66,7749.34,332.989441,1578636599999.0,2582207.16633672,1855.0,190.363169,1476053.76014588,0.0,BTCUSDT
2020-01-10 06:10:00,7749.77,7749.77,7735.07,7735.72,189.288187,1578636899999.0,1465340.00595641,1524.0,80.416361,622544.63484134,0.0,BTCUSDT
2020-01-10 06:15:00,7736.78,7743.9,7727.0,7727.07,308.808945,1578637199999.0,2388222.97122184,1894.0,140.552596,1087130.62514224,0.0,BTCUSDT
2020-01-10 06:20:00,7727.71,7740.85,7711.76,7738.94,477.545404,1578637499999.0,3689366.69598438,2637.0,170.437389,1316983.83084411,0.0,BTCUSDT
2020-01-10 06:25:00,7738.92,7754.93,7734.26,7752.88,191.8807,1578637799999.0,1486413.70324122,1398.0,90.037304,697538.61203309,0.0,BTCUSDT
2020-01-10 06:30:00,7752.85,7776.29,7751.27,7772.03,225.671484,1578638099999.0,1751542.44770052,1566.0,148.749163,1154584.35175052,0.0,BTCUSDT
2020-01-10 06:35:00,7771.39,7786.13,7753.14,7759.37,297.199536,1578638399999.0,2310516.49075264,1983.0,143.739673,1117498.76601628,0.0,BTCUSDT
2020-01-10 06:40:00,7758.07,7764.0,7748.03,7756.26,205.323317,1578638699999.0,1592537.69521603,1450.0,91.527203,709917.21786945,0.0,BTCUSDT
2020-01-10 06:45:00,7756.09,7757.45,7740.25,7749.47,137.068633,1578638999999.0,1061976.33740356,1174.0,60.182315,466272.03356137,0.0,BTCUSDT
2020-01-10 06:50:00,7747.86,7763.99,7743.12,7762.96,144.655641,1578639299999.0,1121510.70539749,1257.0,83.139278,644465.2934336,0.0,BTCUSDT
2020-01-10 06:55:00,7762.75,7766.4,7743.25,7748.64,175.908612,1578639599999.0,1363856.72358921,1431.0,79.459602,615933.97334975,0.0,BTCUSDT
2020-01-10 07:00:00,7747.25,7748.37,7734.26,7741.15,150.091302,1578639899999.0,1161664.24081527,1392.0,60.467014,468012.85262371,0.0,BTCUSDT
2020-01-10 07:05:00,7741.46,7744.3,7735.38,7739.0,96.121484,1578640199999.0,744030.62127078,881.0,44.427393,343889.257232,0.0,BTCUSDT
2020-01-10 07:10:00,7739.0,7742.13,7725.77,7733.44,178.313072,1578640499999.0,1379118.75854287,1276.0,57.571735,445214.22992592,0.0,BTCUSDT
2020-01-10 07:15:00,7733.44,7742.67,7732.0,7738.8,107.067203,1578640799999.0,828422.28993493,908.0,61.177492,473381.83400065,0.0,BTCUSDT
2020-01-10 07:20:00,7738.9,7749.4,7738.0,7748.9,155.224023,1578641099999.0,1202039.45720497,1072.0,93.100382,720917.37058345,0.0,BTCUSDT
2020-01-10 07:25:00,7748.85,7757.38,7742.46,7751.15,234.994434,1578641399999.0,1821112.17747245,1188.0,141.037695,1092955.0805365,0.0,BTCUSDT
2020-01-10 07:30:00,7751.47,7755.39,7748.2,7752.06,133.443601,1578641699999.0,1034480.35991901,940.0,71.975368,557962.52632395,0.0,BTCUSDT
2020-01-10 07:35:00,7751.86,7752.37,7740.0,7740.83,158.747914,1578641999999.0,1229490.62763835,1142.0,65.731881,509095.7304579,0.0,BTCUSDT
2020-01-10 07:40:00,7740.55,7742.6,7733.51,7741.15,122.304934,1578642299999.0,946466.24715939,984.0,57.994691,448804.71312603,0.0,BTCUSDT
2020-01-10 07:45:00,7741.09,7741.41,7726.33,7734.58,155.299276,1578642599999.0,1201025.01085441,1086.0,70.684746,546692.36491876,0.0,BTCUSDT
2020-01-10 07:50:00,7734.8,7744.13,7732.71,7738.7,130.547958,1578642899999.0,1010355.62022564,1131.0,85.760439,663717.0908084,0.0,BTCUSDT
2020-01-10 07:55:00,7738.24,7755.66,7737.18,7752.98,193.010144,1578643199999.0,1495278.5673195,1220.0,110.120806,853142.77209096,0.0,BTCUSDT
2020-01-10 08:00:00,7753.05,7754.36,7732.17,7733.19,164.219533,1578643499999.0,1271176.40538679,1742.0,80.20593,620762.04160154,0.0,BTCUSDT
2020-01-10 08:05:00,7733.19,7736.31,7720.0,7722.11,321.57303,1578643799999.0,2484759.63878477,1983.0,162.713514,1257443.95577932,0.0,BTCUSDT
2020-01-10 08:10:00,7722.06,7731.36,7705.01,7710.64,680.040168,1578644099999.0,5246117.49383818,3481.0,420.623769,3244782.93436133,0.0,BTCUSDT
2020-01-10 08:15:00,7710.62,7727.27,7708.67,7722.17,380.323021,1578644399999.0,2936203.20015328,1955.0,146.749005,1132679.56378165,0.0,BTCUSDT
2020-01-10 08:20:00,7721.74,7726.71,7714.86,7718.0,179.659999,1578644699999.0,1387301.72725769,1106.0,62.665565,483859.67339227,0.0,BTCUSDT
2020-01-10 08:25:00,7718.0,7718.0,7700.0,7712.29,767.964924,1578644999999.0,5918225.04428279,3336.0,370.989318,2859606.85102759,0.0,BTCUSDT
2020-01-10 08:30:00,7713.32,7725.0,7712.28,7716.87,185.152757,1578645299999.0,1429126.85342266,1702.0,72.682852,561041.99747808,0.0,BTCUSDT
2020-01-10 08:35:00,7716.89,7720.0,7710.0,7711.03,117.389695,1578645599999.0,905609.55918854,1172.0,52.332813,403735.006154,0.0,BTCUSDT
2020-01-10 08:40:00,7711.79,7712.11,7696.55,7696.9,302.818578,1578645899999.0,2332826.84015048,2131.0,97.151603,748497.30676215,0.0,BTCUSDT
2020-01-10 08:45:00,7696.9,7704.66,7690.1,7690.81,334.114765,1578646199999.0,2571226.70075529,2393.0,176.820192,1360881.6197216,0.0,BTCUSDT
2020-01-10 08:50:00,7690.65,7712.33,7680.0,7704.33,500.322738,1578646499999.0,3850224.9810713,3139.0,250.585762,1928771.83588352,0.0,BTCUSDT
2020-01-10 08:55:00,7704.43,7707.0,7697.09,7706.53,275.388048,1578646799999.0,2120696.40900876,1323.0,168.290811,1295946.4679614,0.0,BTCUSDT
2020-01-10 09:00:00,7706.52,7709.83,7691.91,7700.0,202.551908,1578647099999.0,1559717.95806098,1378.0,98.582194,759089.50749701,0.0,BTCUSDT
2020-01-10 09:05:00,7699.98,7700.15,7694.83,7698.89,105.898542,1578647399999.0,815149.37215177,1008.0,65.553169,504586.09367362,0.0,BTCUSDT
2020-01-10 09:10:00,7698.94,7735.0,7698.3,7731.68,487.551805,1578647699999.0,3763061.85689063,2829.0,348.237138,2687792.33562391,0.0,BTCUSDT
2020-01-10 09:15:00,7731.68,7736.62,7715.98,7719.0,258.783446,1578647999999.0,1998351.12208704,1624.0,131.422655,1014741.87764649,0.0,BTCUSDT
2020-01-10 09:20:00,7718.84,7730.0,7713.07,7730.0,215.402579,1578648299999.0,1663308.25469074,1332.0,108.744755,839604.89275021,0.0,BTCUSDT
2020-01-10 09:25:00,7729.99,7748.07,7728.77,7744.3,329.801306,1578648599999.0,2553094.73956451,2164.0,145.11414,1123276.06743636,0.0,BTCUSDT
2020-01-10 09:30:00,7744.0,7750.0,7729.26,7731.26,394.527595,1578648899999.0,3055074.8824359,1697.0,110.035364,852154.43542284,0.0,BTCUSDT
2020-01-10 09:35:00,7731.17,7737.88,7721.45,7730.89,154.529104,1578649199999.0,1194486.87718347,1133.0,66.362012,513007.52829003,0.0,BTCUSDT
2020-01-10 09:40:00,7730.88,7744.37,7722.59,7739.02,202.944773,1578649499999.0,1569190.1504523,1371.0,118.896093,919229.05201902,0.0,BTCUSDT
2020-01-10 09:45:00,7739.13,7739.13,7717.46,7724.62,163.558775,1578649799999.0,1263816.94414607,1463.0,62.929242,486290.95319807,0.0,BTCUSDT
2020-01-10 09:50:00,7724.62,7724.98,7716.03,7717.46,173.695575,1578650099999.0,1340969.54905662,1049.0,113.587593,876884.00752722,0.0,BTCUSDT
2020-01-10 09:55:00,7717.67,7723.54,7714.5,7716.47,153.623327,1578650399999.0,1185527.17397771,1159.0,80.495671,621216.0566421,0.0,BTCUSDT
2020-01-10 10:00:00,7716.02,7734.8,7714.2,7733.7,151.594872,1578650699999.0,1170659.41191464,1405.0,110.662021,854702.07644974,0.0,BTCUSDT
2020-01-10 10:05:00,7733.73,7739.0,7724.26,7734.32,204.595202,1578650999999.0,1581690.0844532,1512.0,113.696824,879002.41011856,0.0,BTCUSDT
2020-01-10 10:10:00,7734.86,7735.26,7715.9,7718.43,124.532039,1578651299999.0,962074.23620852,1530.0,68.153697,526523.80407793,0.0,BTCUSDT
2020-01-10 10:15:00,7718.97,7730.13,7702.67,7705.53,198.705962,1578651599999.0,1532903.04794533,1874.0,91.492971,705831.06439657,0.0,BTCUSDT
2020-01-10 10:20:00,7705.53,7750.0,7672.0,7734.03,830.070423,1578651899999.0,6400090.10549555,6017.0,381.069844,2939590.4783749,0.0,BTCUSDT
2020-01-10 10:25:00,7733.89,7779.0,7726.05,7767.75,592.42785,1578652199999.0,4596760.42770298,4034.0,289.952177,2249981.36281803,0.0,BTCUSDT
2020-01-10 10:30:00,7767.76,7788.0,7750.29,7755.59,499.941323,1578652499999.0,3884781.35291104,2830.0,219.588052,1706510.3865856,0.0,BTCUSDT
2020-01-10 10:35:00,7754.86,7757.17,7737.01,7747.17,337.939661,1578652799999.0,2617362.99296938,1852.0,207.503563,1607011.13483518,0.0,BTCUSDT
2020-01-10 10:40:00,7747.17,7757.0,7740.06,7747.63,201.466061,1578653099999.0,1561125.24959185,1360.0,114.82615,889776.11468236,0.0,BTCUSDT
2020-01-10 10:45:00,7747.76,7774.97,7747.76,7768.08,205.24492,1578653399999.0,1593090.16895032,1517.0,127.104284,986645.34193802,0.0,BTCUSDT
2020-01-10 10:50:00,7768.11,7771.95,7754.59,7766.4,178.02234,1578653699999.0,1381886.27065933,1482.0,106.131606,823847.71671496,0.0,BTCUSDT
2020-01-10 10:55:00,7766.4,7772.34,7755.24,7771.87,247.998651,1578653999999.0,1926392.54781811,1189.0,173.936288,1351226.07847896,0.0,BTCUSDT
2020-01-10 11:00:00,7772.12,7788.99,7766.93,7782.59,360.637669,1578654299999.0,2804881.74451099,2445.0,183.298448,1425538.90579797,0.0,BTCUSDT
2020-01-10 11:05:00,7782.55,7810.0,7782.29,7805.03,501.636815,1578654599999.0,3909843.30088269,3071.0,229.769768,1791255.84783796,0.0,BTCUSDT
2020-01-10 11:10:00,7805.03,7830.04,7800.0,7811.04,870.250668,1578654899999.0,6800530.20660033,5660.0,482.097265,3767643.60069863,0.0,BTCUSDT
2020-01-10 11:15:00,7811.56,7842.14,7799.0,7834.78,702.151719,1578655199999.0,5494275.0167025,4418.0,300.850168,2354750.57730885,0.0,BTCUSDT
2020-01-10 11:20:00,7834.78,7849.99,7820.13,7834.34,403.507751,1578655499999.0,3162196.12638226,2865.0,166.505619,1305215.41321239,0.0,BTCUSDT
2020-01-10 11:25:00,7833.8,7848.44,7811.63,7825.56,373.546049,1578655799999.0,2923227.47437794,2225.0,174.714187,1367587.06326209,0.0,BTCUSDT
2020-01-10 11:30:00,7825.22,7854.44,7824.0,7853.59,393.215674,1578656099999.0,3084155.17095384,2763.0,226.215454,1774460.41604805,0.0,BTCUSDT
2020-01-10 11:35:00,7854.28,7854.28,7825.0,7828.2,326.387089,1578656399999.0,2558218.56052817,1973.0,107.703121,844207.43636641,0.0,BTCUSDT
2020-01-10 11:40:00,7828.2,7828.5,7792.33,7818.64,457.904428,1578656699999.0,3574860.4749987,2522.0,142.327813,1111441.15933382,0.0,BTCUSDT
2020-01-10 11:45:00,7817.0,7820.86,7785.0,7808.96,519.402353,1578656999999.0,4050761.26884926,2909.0,254.527991,1985472.91037165,0.0,BTCUSDT
2020-01-10 11:50:00,7808.95,7834.94,7798.0,7828.34,235.048781,1578657299999.0,1837820.07390459,2369.0,138.268465,1081435.35403302,0.0,BTCUSDT
2020-01-10 11:55:00,7827.56,7844.16,7817.84,7841.69,222.646561,1578657599999.0,1743320.764892,1838.0,113.445391,888344.00390123,0.0,BTCUSDT
2020-01-10 12:00:00,7841.03,7860.0,7832.01,7845.85,700.808216,1578657899999.0,5498935.15867292,3526.0,244.930205,1921433.87113535,0.0,BTCUSDT
2020-01-10 12:05:00,7845.85,7862.0,7845.0,7853.12,354.326219,1578658199999.0,2783083.34250295,2530.0,141.82245,1113937.51544448,0.0,BTCUSDT
2020-01-10 12:10:00,7852.89,7852.89,7833.34,7844.98,436.212811,1578658499999.0,3422454.49999279,2170.0,106.519769,835429.6734328,0.0,BTCUSDT
2020-01-10 12:15:00,7844.98,7856.0,7840.0,7844.43,244.287397,1578658799999.0,1917717.69641822,1575.0,125.930495,988588.63118169,0.0,BTCUSDT
2020-01-10 12:20:00,7844.43,7844.43,7825.96,7828.46,182.415815,1578659099999.0,1429280.68534082,1676.0,83.994226,658095.6926756,0.0,BTCUSDT
2020-01-10 12:25:00,7828.77,7839.98,7811.0,7831.93,295.924233,1578659399999.0,2316173.31734032,1898.0,128.870845,1008502.20952016,0.0,BTCUSDT
2020-01-10 12:30:00,7833.3,7855.85,7833.3,7852.57,224.27059,1578659699999.0,1759469.57196539,1981.0,147.891932,1160376.24381129,0.0,BTCUSDT
2020-01-10 12:35:00,7852.57,7879.0,7842.0,7872.27,351.467809,1578659999999.0,2763557.35766053,2727.0,216.737641,1704273.88633328,0.0,BTCUSDT
2020-01-10 12:40:00,7872.42,7881.65,7860.01,7877.21,362.797961,1578660299999.0,2855700.65700564,2812.0,182.960483,1440283.8337168,0.0,BTCUSDT
2020-01-10 12:45:00,7876.26,7898.49,7875.0,7887.83,463.686712,1578660599999.0,3658024.01670899,3256.0,236.388355,1865101.96546225,0.0,BTCUSDT
2020-01-10 12:50:00,7886.33,7891.43,7870.02,7881.87,332.269824,1578660899999.0,2618992.5856221,2298.0,134.242462,1058031.24139445,0.0,BTCUSDT
2020-01-10 12:55:00,7881.88,7899.98,7871.65,7893.98,226.338493,1578661199999.0,1784530.86387985,2100.0,116.034735,914969.20728312,0.0,BTCUSDT
2020-01-10 13:00:00,7893.98,7897.89,7879.35,7890.84,273.000953,1578661499999.0,2154381.1125108,1823.0,149.596754,1180553.42447398,0.0,BTCUSDT
2020-01-10 13:05:00,7890.84,7891.79,7874.46,7874.69,279.539431,1578661799999.0,2204166.18853867,2450.0,140.573758,1108704.03597074,0.0,BTCUSDT
2020-01-10 13:10:00,7874.46,7898.8,7872.75,7895.89,255.389743,1578662099999.0,2013775.57155712,1688.0,174.337172,1374589.14262622,0.0,BTCUSDT
2020-01-10 13:15:00,7894.89,7896.22,7876.15,7881.4,166.374451,1578662399999.0,1311768.79928748,1248.0,73.459001,579245.31479296,0.0,BTCUSDT
2020-01-10 13:20:00,7881.4,7899.84,7880.78,7895.5,178.012885,1578662699999.0,1404771.41966229,1410.0,81.180771,640597.63961532,0.0,BTCUSDT
2020-01-10 13:25:00,7893.77,7933.04,7893.61,7928.24,544.322087,1578662999999.0,4307296.26290768,4052.0,353.547752,2797279.61738124,0.0,BTCUSDT
2020-01-10 13:30:00,7926.61,7936.0,7910.0,7916.79,617.464116,1578663299999.0,4893468.23275104,2967.0,301.265924,2387567.65452197,0.0,BTCUSDT
2020-01-10 13:35:00,7915.97,7944.0,7915.97,7932.6,553.37708,1578663599999.0,4390183.2378606,3069.0,344.212015,2730624.75493849,0.0,BTCUSDT
2020-01-10 13:40:00,7932.6,7943.34,7918.0,7926.26,304.000572,1578663899999.0,2410176.34488305,2137.0,159.188958,1262160.110706,0.0,BTCUSDT
2020-01-10 13:45:00,7925.74,7926.79,7905.29,7905.29,291.662642,1578664199999.0,2308412.06592951,1715.0,99.715142,789342.10586862,0.0,BTCUSDT
2020-01-10 13:50:00,7906.35,7910.0,7892.57,7899.06,305.356882,1578664499999.0,2412235.01896548,2411.0,152.960388,1208375.22623925,0.0,BTCUSDT
2020-01-10 13:55:00,7899.06,7904.99,7862.31,7870.4,374.005054,1578664799999.0,2949531.05815181,2990.0,188.626778,1487962.75803461,0.0,BTCUSDT
2020-01-10 14:00:00,7870.7,7889.95,7850.01,7859.75,403.05227,1578665099999.0,3171287.14362586,3050.0,217.90536,1714960.83217722,0.0,BTCUSDT
2020-01-10 14:05:00,7859.75,7893.9,7857.08,7893.17,255.546034,1578665399999.0,2012422.69701024,2314.0,167.2814,1317386.52087834,0.0,BTCUSDT
2020-01-10 14:10:00,7892.45,7904.73,7885.0,7897.44,208.144066,1578665699999.0,1643438.727634,1682.0,122.003164,963429.32405255,0.0,BTCUSDT
2020-01-10 14:15:00,7897.49,7935.0,7895.47,7932.05,525.672228,1578665999999.0,4165624.71928685,3760.0,321.596633,2548363.74509138,0.0,BTCUSDT
2020-01-10 14:20:00,7934.1,7935.0,7906.01,7909.84,257.101738,1578666299999.0,2035937.50720859,2039.0,123.785327,980341.07998388,0.0,BTCUSDT
2020-01-10 14:25:00,7909.23,7925.38,7904.21,7915.54,196.930985,1578666599999.0,1559216.91329418,1559.0,100.529704,795993.19359232,0.0,BTCUSDT
2020-01-10 14:30:00,7915.54,7930.0,7903.03,7927.67,245.940715,1578666899999.0,1947919.58478288,1580.0,172.25902,1364344.67575833,0.0,BTCUSDT
2020-01-10 14:35:00,7928.58,7971.3,7925.53,7964.24,517.704767,1578667199999.0,4114207.08600606,3875.0,345.945225,2749424.92025159,0.0,BTCUSDT
2020-01-10 14:40:00,7964.18,7976.0,7930.0,7957.09,595.53785,1578667499999.0,4738258.00463586,4026.0,280.246668,2229347.8110244,0.0,BTCUSDT
2020-01-10 14:45:00,7955.6,7974.9,7945.0,7960.94,425.979925,1578667799999.0,3391344.97098548,2803.0,223.298291,1777811.13288416,0.0,BTCUSDT
2020-01-10 14:50:00,7961.91,7982.85,7951.57,7958.18,399.214809,1578668099999.0,3181817.71419705,2775.0,178.963163,1426391.0003507,0.0,BTCUSDT
2020-01-10 14:55:00,7957.77,7979.97,7957.74,7978.65,231.862502,1578668399999.0,1848192.72109088,1843.0,124.62091,993256.87567297,0.0,BTCUSDT
2020-01-10 15:00:00,7978.65,7980.0,7951.0,7956.96,375.39783,1578668699999.0,2989821.44901578,2900.0,157.913075,1257649.54654401,0.0,BTCUSDT
2020-01-10 15:05:00,7956.96,7981.99,7945.44,7981.97,271.269497,1578668999999.0,2158690.19384793,1911.0,149.273594,1188057.34736806,0.0,BTCUSDT
2020-01-10 15:10:00,7981.05,8043.75,7977.14,8040.84,1333.726046,1578669299999.0,10683041.67339861,7558.0,914.592183,7322661.71981235,0.0,BTCUSDT
2020-01-10 15:15:00,8040.0,8062.11,8016.86,8042.34,979.803815,1578669599999.0,7880153.44462775,6078.0,499.638478,4018604.19832991,0.0,BTCUSDT
2020-01-10 15:20:00,8042.79,8085.0,8040.0,8067.41,922.149638,1578669899999.0,7437171.8224393,5936.0,505.029812,4074473.09488897,0.0,BTCUSDT
2020-01-10 15:25:00,8067.0,8078.99,8015.0,8033.69,1104.535585,1578670199999.0,8876694.65680286,4600.0,657.920468,5285892.3366457,0.0,BTCUSDT
2020-01-10 15:30:00,8033.69,8058.62,8008.62,8043.61,484.828332,1578670499999.0,3897342.42227771,3945.0,227.757261,1831319.35499079,0.0,BTCUSDT
2020-01-10 15:35:00,8042.97,8049.17,8020.0,8034.38,353.950432,1578670799999.0,2844215.13016691,2546.0,175.668759,1411647.53276703,0.0,BTCUSDT
2020-01-10 15:40:00,8034.44,8058.82,8020.0,8058.82,344.85161,1578671099999.0,2771238.79477272,2941.0,208.19802,1673400.15247999,0.0,BTCUSDT
2020-01-10 15:45:00,8057.47,8059.86,8042.96,8048.75,316.225828,1578671399999.0,2546766.68390751,2302.0,147.909149,1191230.57141147,0.0,BTCUSDT
2020-01-10 15:50:00,8048.81,8086.85,8043.71,8065.08,512.010593,1578671699999.0,4130742.22421239,3370.0,280.927537,2266732.70146523,0.0,BTCUSDT
2020-01-10 15:55:00,8065.16,8076.43,8042.15,8066.6,368.501466,1578671999999.0,2969082.64931643,2820.0,197.05857,1587818.30542377,0.0,BTCUSDT
2020-01-10 16:00:00,8067.5,8140.11,8052.5,8114.89,1426.779543,1578672299999.0,11567501.0987316,8344.0,883.824034,7165602.38691303,0.0,BTCUSDT
2020-01-10 16:05:00,8116.85,8116.85,8046.0,8048.79,732.439094,1578672599999.0,5924995.20497919,5682.0,334.983681,2710911.43293465,0.0,BTCUSDT
2020-01-10 16:10:00,8048.78,8060.0,7976.84,8059.99,1384.299142,1578672899999.0,11104349.67100391,7309.0,690.235791,5538476.08847204,0.0,BTCUSDT
2020-01-10 16:15:00,8059.98,8064.84,8015.0,8022.9,602.360708,1578673199999.0,4840467.51279371,3899.0,303.111186,2434867.47934815,0.0,BTCUSDT
2020-01-10 16:20:00,8024.08,8024.08,7975.01,8001.46,797.158929,1578673499999.0,6376578.57201055,5115.0,396.901532,3174613.24629375,0.0,BTCUSDT
2020-01-10 16:25:00,8002.23,8023.17,7996.81,8011.5,590.197425,1578673799999.0,4725956.64106721,2292.0,263.423949,2108964.56422183,0.0,BTCUSDT
2020-01-10 16:30:00,8013.51,8046.0,8009.56,8037.97,409.187712,1578674099999.0,3286074.30902112,3305.0,225.458798,1810648.30757373,0.0,BTCUSDT
2020-01-10 16:35:00,8036.61,8037.97,8011.7,8024.39,333.293808,1578674399999.0,2673607.44366037,2461.0,208.057585,1668864.64388872,0.0,BTCUSDT
2020-01-10 16:40:00,8024.36,8029.0,8006.81,8017.81,225.721865,1578674699999.0,1809933.73095737,1858.0,131.379255,1053273.752816,0.0,BTCUSDT
2020-01-10 16:45:00,8019.4,8024.99,8003.51,8004.08,261.335858,1578674999999.0,2093464.82235391,1646.0,99.912573,800394.25295986,0.0,BTCUSDT
2020-01-10 16:50:00,8004.99,8004.99,7983.27,7988.95,375.13472,1578675299999.0,2998207.04687649,2160.0,215.362161,1721239.6223571,0.0,BTCUSDT
2020-01-10 16:55:00,7989.45,7989.45,7928.94,7952.65,969.669869,1578675599999.0,7709403.84246427,6535.0,450.681592,3583113.96663867,0.0,BTCUSDT
2020-01-10 17:00:00,7952.23,7965.26,7936.12,7949.01,440.108099,1578675899999.0,3498885.61985398,3281.0,218.631734,1738402.59069572,0.0,BTCUSDT
2020-01-10 17:05:00,7949.01,7957.82,7939.63,7951.64,232.551739,1578676199999.0,1848279.51072797,2102.0,153.724964,1221747.91686269,0.0,BTCUSDT
2020-01-10 17:10:00,7951.33,7971.35,7946.76,7956.92,252.183249,1578676499999.0,2007328.94839265,1962.0,112.128499,892670.01517163,0.0,BTCUSDT
2020-01-10 17:15:00,7955.41,7956.69,7915.0,7918.78,478.641875,1578676799999.0,3794651.25882193,3219.0,245.179926,1943516.55992757,0.0,BTCUSDT
2020-01-10 17:20:00,7918.78,7933.79,7911.0,7924.13,343.198558,1578677099999.0,2718238.51669014,2385.0,169.871582,1345563.3526591,0.0,BTCUSDT
2020-01-10 17:25:00,7924.32,7938.17,7914.31,7937.04,215.409182,1578677399999.0,1707311.22294694,1535.0,152.828674,1211318.12557562,0.0,BTCUSDT
2020-01-10 17:30:00,7937.16,7947.07,7930.0,7939.95,289.146746,1578677699999.0,2295148.66805844,2036.0,96.78952,768188.31561532,0.0,BTCUSDT
2020-01-10 17:35:00,7937.65,7941.99,7917.0,7917.01,170.121874,1578677999999.0,1348565.77544062,1589.0,81.879231,649114.36899658,0.0,BTCUSDT
2020-01-10 17:40:00,7917.41,7932.93,7909.98,7928.3,230.030732,1578678299999.0,1821616.40114389,1759.0,102.264485,809988.06568047,0.0,BTCUSDT
2020-01-10 17:45:00,7928.45,7938.4,7917.05,7921.35,132.358713,1578678599999.0,1049454.27391905,1531.0,71.581478,567584.75774627,0.0,BTCUSDT
2020-01-10 17:50:00,7920.1,7934.34,7916.3,7928.78,139.223489,1578678899999.0,1103589.15878389,1466.0,79.910159,633404.09076865,0.0,BTCUSDT
2020-01-10 17:55:00,7929.08,7979.0,7927.0,7966.3,503.069417,1578679199999.0,4004128.73444691,3305.0,180.713266,1438288.61394343,0.0,BTCUSDT
2020-01-10 18:00:00,7966.3,7996.17,7966.3,7991.4,448.476769,1578679499999.0,3579726.46688782,2927.0,260.67832,2080797.78189002,0.0,BTCUSDT
2020-01-10 18:05:00,7992.57,8048.0,7981.0,8043.32,740.188522,1578679799999.0,5934672.81109888,5082.0,420.98112,3375978.06812654,0.0,BTCUSDT
2020-01-10 18:10:00,8043.32,8055.26,8010.67,8039.57,653.021003,1578680099999.0,5247554.58444695,4529.0,358.517439,2882198.68796167,0.0,BTCUSDT
2020-01-10 18:15:00,8039.57,8090.29,8038.66,8090.29,727.430032,1578680399999.0,5869084.69017196,5949.0,481.709293,3885832.03927856,0.0,BTCUSDT
2020-01-10 18:20:00,8090.29,8113.53,8045.76,8086.13,969.657676,1578680699999.0,7845885.17940865,7140.0,463.837209,3753543.06740069,0.0,BTCUSDT
2020-01-10 18:25:00,8086.12,8107.16,8074.87,8089.99,362.626636,1578680999999.0,2933864.88463904,3540.0,191.740433,1551574.55865668,0.0,BTCUSDT
2020-01-10 18:30:00,8089.99,8100.0,8047.4,8071.12,401.20777,1578681299999.0,3238316.2264554,3644.0,208.338743,1682075.80890735,0.0,BTCUSDT
2020-01-10 18:35:00,8071.0,8090.0,8058.0,8073.78,318.694308,1578681599999.0,2574388.86533941,2986.0,188.58096,1523406.50531001,0.0,BTCUSDT
2020-01-10 18:40:00,8076.22,8107.0,8071.75,8090.35,332.666247,1578681899999.0,2692625.41738734,2894.0,192.487458,1558116.65885712,0.0,BTCUSDT
2020-01-10 18:45:00,8090.0,8093.82,8066.37,8068.88,220.362118,1578682199999.0,1780470.23518759,1806.0,118.803979,959877.7037836,0.0,BTCUSDT
2020-01-10 18:50:00,8068.27,8080.0,7987.36,8022.77,743.702419,1578682499999.0,5967531.9400403,5149.0,432.383335,3468110.68366936,0.0,BTCUSDT
2020-01-10 18:55:00,8022.38,8040.96,8005.8,8022.16,254.757513,1578682799999.0,2043812.08854032,2526.0,127.725652,1024736.16174874,0.0,BTCUSDT
2020-01-10 19:00:00,8022.15,8038.58,8001.76,8005.04,327.472926,1578683099999.0,2626649.24784907,1957.0,230.107658,1845740.97341542,0.0,BTCUSDT
2020-01-10 19:05:00,8005.05,8006.55,7964.01,7981.33,755.814403,1578683399999.0,6032266.76514772,4319.0,433.860487,3462438.15213592,0.0,BTCUSDT
2020-01-10 19:10:00,7979.9,8058.01,7979.9,8056.68,415.952875,1578683699999.0,3335768.27599965,4250.0,247.236834,1982912.65909985,0.0,BTCUSDT
2020-01-10 19:15:00,8055.74,8088.0,8051.93,8075.88,533.134537,1578683999999.0,4304790.34577526,4491.0,321.100102,2592661.773487,0.0,BTCUSDT
2020-01-10 19:20:00,8077.33,8100.0,8074.0,8099.93,347.265043,1578684299999.0,2810377.81873516,2731.0,217.857545,1763406.63206631,0.0,BTCUSDT
2020-01-10 19:25:00,8099.93,8122.0,8000.0,8021.54,1260.605694,1578684599999.0,10194749.57308942,7882.0,464.439297,3752490.18432111,0.0,BTCUSDT
2020-01-10 19:30:00,8021.54,8084.98,8019.41,8048.2,475.507804,1578684899999.0,3830289.35661318,3640.0,273.326335,2201621.45668488,0.0,BTCUSDT
2020-01-10 19:35:00,8050.75,8065.0,8036.42,8056.95,192.846581,1578685199999.0,1552563.46204286,1687.0,106.393526,856423.81205117,0.0,BTCUSDT
2020-01-10 19:40:00,8058.16,8074.0,8044.46,8060.74,252.003716,1578685499999.0,2031711.84812404,1776.0,122.034489,983858.29171045,0.0,BTCUSDT
2020-01-10 19:45:00,8060.96,8093.99,8058.55,8085.03,205.080777,1578685799999.0,1657014.36239315,1866.0,134.083912,1083408.50247812,0.0,BTCUSDT
2020-01-10 19:50:00,8085.16,8087.97,8052.96,8068.76,230.180637,1578686099999.0,1856983.77844162,2003.0,113.393351,914782.66446947,0.0,BTCUSDT
2020-01-10 19:55:00,8069.08,8070.88,8050.0,8059.49,216.659373,1578686399999.0,1745812.35516866,1617.0,82.159869,662123.46208121,0.0,BTCUSDT
2020-01-10 20:00:00,8058.05,8086.99,8046.08,8079.81,255.070368,1578686699999.0,2058428.93729469,2118.0,141.766922,1143840.28960878,0.0,BTCUSDT
2020-01-10 20:05:00,8079.81,8084.99,8063.65,8065.62,216.852893,1578686999999.0,1751501.57880584,1860.0,104.496154,844107.46889517,0.0,BTCUSDT
2020-01-10 20:10:00,8065.62,8083.32,8049.0,8073.13,171.517637,1578687299999.0,1383457.32939904,1715.0,83.154159,670760.33800353,0.0,BTCUSDT
2020-01-10 20:15:00,8072.68,8090.0,8060.0,8076.14,250.198334,1578687599999.0,2020853.74644589,2134.0,152.309997,1230070.49162135,0.0,BTCUSDT
2020-01-10 20:20:00,8074.76,8100.0,8072.05,8076.87,371.668226,1578687899999.0,3007498.76441776,2655.0,239.445806,1937926.26386522,0.0,BTCUSDT
2020-01-10 20:25:00,8078.55,8093.94,8076.75,8090.71,162.50209,1578688199999.0,1313972.63876013,1365.0,67.117643,542683.54097392,0.0,BTCUSDT
2020-01-10 20:30:00,8090.0,8095.32,8068.34,8080.4,283.097243,1578688499999.0,2288572.18184734,1805.0,134.028084,1083497.05750602,0.0,BTCUSDT
2020-01-10 20:35:00,8079.76,8082.93,8039.27,8055.65,347.491948,1578688799999.0,2799263.66424773,2757.0,165.718371,1335028.51091901,0.0,BTCUSDT
2020-01-10 20:40:00,8055.65,8085.0,8055.0,8079.54,131.82848,1578689099999.0,1064338.84509755,1249.0,71.257328,575287.05763918,0.0,BTCUSDT
2020-01-10 20:45:00,8079.54,8081.77,8061.15,8068.89,80.232596,1578689399999.0,647596.20013058,952.0,51.269857,413845.19612056,0.0,BTCUSDT
2020-01-10 20:50:00,8069.29,8091.57,8068.7,8071.22,124.659141,1578689699999.0,1007336.31269372,1279.0,65.626724,530284.34617454,0.0,BTCUSDT
2020-01-10 20:55:00,8070.02,8079.3,8063.01,8073.16,116.816575,1578689999999.0,942766.4494466,961.0,66.845519,539472.41851714,0.0,BTCUSDT
2020-01-10 21:00:00,8074.0,8085.0,8065.0,8076.48,106.600335,1578690299999.0,860771.39056875,1055.0,55.933254,451560.20120273,0.0,BTCUSDT
2020-01-10 21:05:00,8076.36,8088.0,8072.97,8088.0,94.454568,1578690599999.0,763024.43528177,959.0,55.382054,447427.21709746,0.0,BTCUSDT
2020-01-10 21:10:00,8088.0,8100.0,8078.48,8079.92,203.427052,1578690899999.0,1646017.20998501,1563.0,121.811888,985888.904729,0.0,BTCUSDT
2020-01-10 21:15:00,8079.93,8091.26,8062.67,8089.73,150.963231,1578691199999.0,1219208.64761761,1399.0,76.05379,614383.86331565,0.0,BTCUSDT
2020-01-10 21:20:00,8089.75,8116.82,8077.18,8096.48,391.10012,1578691499999.0,3167511.38369119,2680.0,199.473076,1615094.75303779,0.0,BTCUSDT
2020-01-10 21:25:00,8095.81,8110.0,8089.67,8099.68,191.656248,1578691799999.0,1552855.66215028,1738.0,91.464424,741115.81422046,0.0,BTCUSDT
2020-01-10 21:30:00,8097.68,8110.0,8085.95,8105.07,131.439805,1578692099999.0,1064873.69342827,1300.0,55.278722,447891.49713558,0.0,BTCUSDT
2020-01-10 21:35:00,8106.78,8119.87,8090.41,8119.53,175.845581,1578692399999.0,1425519.11986969,1635.0,112.672066,913347.59095914,0.0,BTCUSDT
2020-01-10 21:40:00,8119.48,8135.21,8029.0,8042.62,445.402913,1578692699999.0,3607619.24885335,4777.0,202.966889,1645628.25811419,0.0,BTCUSDT
2020-01-10 21:45:00,8042.62,8088.7,8006.65,8067.34,718.168765,1578692999999.0,5783246.36099647,4552.0,319.302759,2570110.6162889,0.0,BTCUSDT
2020-01-10 21:50:00,8067.38,8070.56,8033.58,8051.95,206.938563,1578693299999.0,1666723.88379412,2121.0,102.814332,828227.92354688,0.0,BTCUSDT
2020-01-10 21:55:00,8051.62,8067.36,8041.22,8049.99,103.799359,1578693599999.0,836090.91118626,1402.0,59.970089,483131.86020466,0.0,BTCUSDT
2020-01-10 22:00:00,8048.24,8063.64,8032.21,8046.64,150.169329,1578693899999.0,1208136.11937178,1661.0,76.193667,612972.05606132,0.0,BTCUSDT
2020-01-10 22:05:00,8047.21,8052.68,8021.74,8027.9,160.373122,1578694199999.0,1288916.95196643,1516.0,81.974195,658948.79141436,0.0,BTCUSDT
2020-01-10 22:10:00,8028.91,8030.0,7986.24,7987.28,332.194217,1578694499999.0,2659531.7618771,3123.0,131.702538,1054584.16519966,0.0,BTCUSDT
2020-01-10 22:15:00,7987.28,8037.67,7981.59,8031.32,213.982289,1578694799999.0,1714323.65713604,2806.0,136.121617,1090547.26550659,0.0,BTCUSDT
2020-01-10 22:20:00,8031.34,8046.81,8028.01,8029.3,114.385068,1578695099999.0,919284.4513041,1343.0,48.403838,389052.55906969,0.0,BTCUSDT
2020-01-10 22:25:00,8029.55,8030.0,8025.69,8027.28,61.555803,1578695399999.0,494185.63332225,792.0,26.534576,213046.39722598,0.0,BTCUSDT
2020-01-10 22:30:00,8027.77,8072.95,8025.53,8067.14,206.467759,1578695699999.0,1662508.95316905,2329.0,144.299751,1161801.88925848,0.0,BTCUSDT
2020-01-10 22:35:00,8066.35,8084.0,8054.8,8083.02,131.662397,1578695999999.0,1062315.17103044,1668.0,74.706464,602862.48358623,0.0,BTCUSDT
2020-01-10 22:40:00,8084.0,8101.86,8076.03,8085.16,236.697406,1578696299999.0,1915237.33835334,2145.0,146.083425,1182168.52075032,0.0,BTCUSDT
2020-01-10 22:45:00,8084.85,8088.48,8055.6,8062.66,112.441959,1578696599999.0,907302.09882399,1428.0,55.601361,448666.22024612,0.0,BTCUSDT
2020-01-10 22:50:00,8063.19,8080.0,8062.7,8077.97,114.853131,1578696899999.0,927120.44987124,1319.0,72.241727,583172.89591538,0.0,BTCUSDT
2020-01-10 22:55:00,8077.21,8095.05,8077.01,8090.13,112.050407,1578697199999.0,906033.13325952,1418.0,63.232322,511333.30311248,0.0,BTCUSDT
2020-01-10 23:00:00,8090.13,8090.17,8070.01,8071.22,109.48999,1578697499999.0,884284.08581673,1100.0,69.789925,563644.68854697,0.0,BTCUSDT
2020-01-10 23:05:00,8070.09,8085.0,8070.01,8083.43,76.060128,1578697799999.0,614385.04511522,1131.0,51.435122,415487.84716879,0.0,BTCUSDT
2020-01-10 23:10:00,8084.96,8092.62,8072.0,8072.63,82.003555,1578698099999.0,663056.11494231,1187.0,40.908488,330805.06669616,0.0,BTCUSDT
2020-01-10 23:15:00,8073.42,8075.0,8064.64,8070.76,86.606962,1578698399999.0,698945.6260986,857.0,37.646668,303812.07631841,0.0,BTCUSDT
2020-01-10 23:20:00,8072.15,8098.0,8066.08,8088.78,127.849645,1578698699999.0,1033459.70263765,1262.0,64.322771,519985.11238396,0.0,BTCUSDT
2020-01-10 23:25:00,8088.5,8095.0,8080.62,8094.38,50.966444,1578698999999.0,412166.1777271,860.0,28.042036,226778.0254928,0.0,BTCUSDT
2020-01-10 23:30:00,8093.18,8114.0,8090.14,8111.59,180.498561,1578699299999.0,1462626.05653855,2011.0,131.157718,1062781.35761082,0.0,BTCUSDT
2020-01-10 23:35:00,8113.11,8114.0,8091.22,8108.9,195.017829,1578699599999.0,1579765.93268809,1488.0,71.710145,580902.11427256,0.0,BTCUSDT
2020-01-10 23:40:00,8109.14,8124.1,8105.28,8118.95,208.949841,1578699899999.0,1695879.77960403,1739.0,107.980115,876400.68187006,0.0,BTCUSDT
2020-01-10 23:45:00,8118.13,8158.43,8113.56,8153.94,363.38215,1578700199999.0,2956929.12956208,3875.0,245.68298,1999751.65763514,0.0,BTCUSDT
2020-01-10 23:50:00,8153.85,8182.24,8147.28,8174.34,500.754067,1578700499999.0,4090310.00065898,4831.0,302.404724,2470330.72776818,0.0,BTCUSDT
2020-01-10 23:55:00,8174.51,8199.0,8164.56,8197.02,447.621425,1578700799999.0,3664372.03783045,3654.0,277.096182,2268421.8126819,0.0,BTCUSDT
2020-01-11 00:00:00,8198.86,8200.0,8146.01,8154.69,692.325637,1578701099999.0,5660381.10146464,3753.0,402.758126,3293440.4744548,0.0,BTCUSDT
2020-01-11 00:05:00,8155.52,8187.02,8145.0,8180.01,374.752773,1578701399999.0,3060414.25995259,2315.0,150.05645,1225108.77112064,0.0,BTCUSDT
2020-01-11 00:10:00,8180.09,8181.05,8154.58,8160.18,209.716151,1578701699999.0,1713482.72940017,1554.0,106.372584,869020.42988968,0.0,BTCUSDT
2020-01-11 00:15:00,8159.29,8177.52,8150.3,8171.14,197.144515,1578701999999.0,1609787.09319463,1426.0,107.86491,880577.39785818,0.0,BTCUSDT
2020-01-11 00:20:00,8171.86,8185.14,8171.57,8181.75,158.94341,1578702299999.0,1300035.7760098,1298.0,88.81641,726507.42500665,0.0,BTCUSDT
2020-01-11 00:25:00,8181.65,8181.65,8150.0,8150.77,153.971342,1578702599999.0,1257017.57541872,1292.0,61.830567,504906.70364856,0.0,BTCUSDT
2020-01-11 00:30:00,8150.94,8176.7,8145.22,8174.17,246.592386,1578702899999.0,2011623.57933316,1721.0,129.467476,1056534.13858474,0.0,BTCUSDT
2020-01-11 00:35:00,8174.16,8175.66,8155.0,8156.85,105.712476,1578703199999.0,863266.75078055,1218.0,56.747202,463437.16040094,0.0,BTCUSDT
2020-01-11 00:40:00,8156.42,8156.42,8119.75,8132.34,352.384044,1578703499999.0,2868935.15343508,1898.0,210.761359,1716307.75425459,0.0,BTCUSDT
2020-01-11 00:45:00,8132.34,8151.61,8131.93,8146.38,106.032,1578703799999.0,863436.87536711,1239.0,57.94008,471831.11680298,0.0,BTCUSDT
2020-01-11 00:50:00,8147.67,8172.53,8145.01,8166.99,218.945027,1578704099999.0,1787403.38985246,1797.0,127.334793,1039432.5658769,0.0,BTCUSDT
2020-01-11 00:55:00,8166.99,8177.21,8154.78,8168.92,155.002407,1578704399999.0,1265897.46628568,1272.0,108.051193,882480.45763863,0.0,BTCUSDT
2020-01-11 01:00:00,8168.39,8180.0,8165.16,8179.14,87.214646,1578704699999.0,712543.55624359,997.0,50.296304,410929.42241565,0.0,BTCUSDT
2020-01-11 01:05:00,8179.88,8190.0,8175.39,8185.17,183.925516,1578704999999.0,1505026.81752216,1432.0,107.368017,878617.0505295,0.0,BTCUSDT
2020-01-11 01:10:00,8185.29,8188.26,8169.43,8180.86,263.014254,1578705299999.0,2151595.06191345,1525.0,71.605733,585839.91323714,0.0,BTCUSDT
2020-01-11 01:15:00,8182.0,8231.9,8176.04,8231.89,618.602141,1578705599999.0,5078315.54137694,4311.0,430.494632,3534144.08837895,0.0,BTCUSDT
2020-01-11 01:20:00,8231.71,8250.0,8213.25,8243.96,536.498006,1578705899999.0,4418119.98399866,3658.0,274.21989,2258752.79500875,0.0,BTCUSDT
2020-01-11 01:25:00,8245.61,8249.84,8227.77,8240.68,229.878751,1578706199999.0,1894174.39592799,2053.0,102.524516,844957.21536249,0.0,BTCUSDT
2020-01-11 01:30:00,8240.68,8253.26,8220.04,8223.29,253.77749,1578706499999.0,2090721.48547698,2189.0,123.16866,1014956.74483133,0.0,BTCUSDT
2020-01-11 01:35:00,8223.11,8238.11,8212.66,8236.19,214.774154,1578706799999.0,1766487.07194094,1452.0,104.561207,860045.08325807,0.0,BTCUSDT
2020-01-11 01:40:00,8236.68,8240.34,8225.02,8231.11,153.320029,1578707099999.0,1262387.79858413,1195.0,85.223558,701690.98905328,0.0,BTCUSDT
2020-01-11 01:45:00,8231.01,8237.06,8199.36,8205.0,213.432584,1578707399999.0,1754142.98767012,1839.0,72.530881,596349.81611446,0.0,BTCUSDT
2020-01-11 01:50:00,8204.99,8218.57,8189.22,8213.84,290.411559,1578707699999.0,2383118.57244338,2346.0,134.991128,1107675.25574206,0.0,BTCUSDT
2020-01-11 01:55:00,8213.02,8222.0,8201.7,8204.86,166.894064,1578707999999.0,1371051.28118541,1253.0,111.089959,912618.60018467,0.0,BTCUSDT
2020-01-11 02:00:00,8204.84,8205.05,8174.69,8184.77,216.815122,1578708299999.0,1775299.38071559,2126.0,114.374371,936650.96596986,0.0,BTCUSDT
2020-01-11 02:05:00,8184.47,8184.68,8155.02,8172.28,495.02146,1578708599999.0,4044998.52390617,2769.0,326.183061,2665694.11521862,0.0,BTCUSDT
2020-01-11 02:10:00,8171.55,8187.73,8169.15,8182.02,162.211852,1578708899999.0,1326610.16660945,1433.0,88.851394,726635.01100054,0.0,BTCUSDT
2020-01-11 02:15:00,8182.05,8206.95,8181.97,8204.52,152.920211,1578709199999.0,1253286.60094789,1501.0,93.789431,768734.78324147,0.0,BTCUSDT
2020-01-11 02:20:00,8206.75,8214.6,8184.9,8194.0,184.33549,1578709499999.0,1512053.13281895,1591.0,102.820886,843466.03483261,0.0,BTCUSDT
2020-01-11 02:25:00,8194.0,8204.69,8186.79,8191.8,150.711117,1578709799999.0,1234760.17898806,1371.0,89.091567,729907.28770048,0.0,BTCUSDT
2020-01-11 02:30:00,8191.8,8192.86,8171.0,8173.35,139.177851,1578710099999.0,1138821.29782359,1170.0,42.349852,346513.45422155,0.0,BTCUSDT
2020-01-11 02:35:00,8174.15,8191.35,8167.82,8183.95,88.706264,1578710399999.0,725735.61483878,1193.0,45.178481,369584.75756121,0.0,BTCUSDT
2020-01-11 02:40:00,8184.0,8198.58,8181.88,8198.0,105.005166,1578710699999.0,860160.29510859,1112.0,49.334308,404108.47521753,0.0,BTCUSDT
2020-01-11 02:45:00,8198.03,8198.04,8178.88,8188.32,180.470001,1578710999999.0,1477676.73007129,1353.0,69.456369,568659.35798946,0.0,BTCUSDT
2020-01-11 02:50:00,8189.99,8210.0,8188.76,8209.04,108.027783,1578711299999.0,885614.53203296,1622.0,74.666895,612179.72366306,0.0,BTCUSDT
2020-01-11 02:55:00,8210.0,8217.41,8203.46,8206.19,151.177751,1578711599999.0,1241037.04267772,1386.0,68.657356,563627.18106126,0.0,BTCUSDT
2020-01-11 03:00:00,8206.0,8207.81,8177.0,8182.56,109.429993,1578711899999.0,896372.10472156,1247.0,40.990069,335763.94377227,0.0,BTCUSDT
2020-01-11 03:05:00,8181.81,8184.34,8174.21,8174.43,127.503063,1578712199999.0,1042865.38159605,1022.0,61.463903,502701.24791568,0.0,BTCUSDT
2020-01-11 03:10:00,8175.23,8182.26,8164.0,8175.61,246.845297,1578712499999.0,2018098.34747078,1379.0,67.74615,553649.54393684,0.0,BTCUSDT
2020-01-11 03:15:00,8174.97,8179.68,8162.04,8162.13,145.736881,1578712799999.0,1190729.45005708,1109.0,55.215809,451117.45567863,0.0,BTCUSDT
2020-01-11 03:20:00,8162.15,8172.07,8162.13,8164.31,92.36756,1578713099999.0,754294.61697409,745.0,37.552515,306711.09513153,0.0,BTCUSDT
2020-01-11 03:25:00,8164.0,8172.71,8163.92,8170.0,80.713681,1578713399999.0,659444.45655905,857.0,44.595973,364369.26179508,0.0,BTCUSDT
2020-01-11 03:30:00,8170.77,8170.83,8135.51,8144.45,212.988675,1578713699999.0,1736134.70818255,1866.0,61.09986,497951.54531801,0.0,BTCUSDT
2020-01-11 03:35:00,8143.25,8152.22,8125.09,8133.81,167.088884,1578713999999.0,1360052.11200051,1410.0,72.60812,591248.6217428,0.0,BTCUSDT
2020-01-11 03:40:00,8133.81,8147.0,8131.22,8146.01,142.029116,1578714299999.0,1156031.61929094,1461.0,80.908872,658579.41242071,0.0,BTCUSDT
2020-01-11 03:45:00,8146.03,8167.99,8145.12,8162.98,131.38978,1578714599999.0,1071995.3398723,1586.0,67.715372,552472.71341367,0.0,BTCUSDT
2020-01-11 03:50:00,8163.13,8179.9,8160.39,8168.3,161.395526,1578714899999.0,1318767.19018321,1331.0,74.676551,610195.93847732,0.0,BTCUSDT
2020-01-11 03:55:00,8168.29,8173.91,8158.49,8158.49,94.270511,1578715199999.0,769793.31933555,899.0,37.326059,304819.92515173,0.0,BTCUSDT
2020-01-11 04:00:00,8158.83,8179.94,8155.02,8173.0,119.627148,1578715499999.0,977059.84703841,1202.0,73.310614,598831.07305622,0.0,BTCUSDT
2020-01-11 04:05:00,8171.94,8179.44,8163.5,8168.24,142.00228,1578715799999.0,1160564.20373993,1058.0,60.736937,496398.08111361,0.0,BTCUSDT
2020-01-11 04:10:00,8169.2,8169.2,8145.75,8147.01,92.56503,1578716099999.0,754848.05606285,965.0,47.703771,388982.28387716,0.0,BTCUSDT
2020-01-11 04:15:00,8147.01,8147.02,8131.86,8132.76,95.253727,1578716399999.0,775294.98713476,1025.0,34.635731,281938.10302334,0.0,BTCUSDT
2020-01-11 04:20:00,8132.44,8135.39,8101.22,8127.99,354.987802,1578716699999.0,2881336.01611564,2651.0,218.646711,1774451.47306036,0.0,BTCUSDT
2020-01-11 04:25:00,8127.18,8127.75,8101.4,8106.44,143.322471,1578716999999.0,1162596.38334061,1654.0,66.089789,536104.45334443,0.0,BTCUSDT
2020-01-11 04:30:00,8106.37,8134.2,8104.87,8126.65,140.110605,1578717299999.0,1138180.01927863,1644.0,89.803827,729528.78226395,0.0,BTCUSDT
2020-01-11 04:35:00,8126.91,8127.48,8101.0,8106.26,84.800709,1578717599999.0,687814.49906925,1017.0,32.559931,264103.20069136,0.0,BTCUSDT
2020-01-11 04:40:00,8106.26,8129.75,8101.08,8119.98,74.754397,1578717899999.0,606720.13955799,1094.0,45.255071,367314.6361233,0.0,BTCUSDT
2020-01-11 04:45:00,8119.98,8139.0,8119.98,8132.92,74.181636,1578718199999.0,603266.30116021,1003.0,39.386907,320338.17596936,0.0,BTCUSDT
2020-01-11 04:50:00,8131.96,8133.04,8122.82,8124.42,52.582677,1578718499999.0,427466.44083822,723.0,25.235831,205165.50049387,0.0,BTCUSDT
2020-01-11 04:55:00,8123.22,8132.0,8117.56,8117.82,71.769401,1578718799999.0,583049.55276865,919.0,24.507111,199101.54779245,0.0,BTCUSDT
2020-01-11 05:00:00,8118.4,8118.4,8090.58,8107.26,202.230716,1578719099999.0,1638130.28011222,2016.0,73.586962,595991.1324011,0.0,BTCUSDT
2020-01-11 05:05:00,8107.26,8108.77,8087.68,8094.0,131.854065,1578719399999.0,1067665.49430577,1290.0,39.844804,322705.2968195,0.0,BTCUSDT
2020-01-11 05:10:00,8094.39,8094.39,8065.0,8079.02,280.324972,1578719699999.0,2264450.82829684,2595.0,128.777108,1040428.69092399,0.0,BTCUSDT
2020-01-11 05:15:00,8079.35,8088.18,8060.07,8069.35,133.939029,1578719999999.0,1081166.82484444,1792.0,58.392942,471434.91786341,0.0,BTCUSDT
2020-01-11 05:20:00,8069.67,8072.06,8057.01,8063.37,126.916706,1578720299999.0,1023308.82919996,1603.0,52.055133,419775.93338765,0.0,BTCUSDT
2020-01-11 05:25:00,8063.37,8066.3,8052.92,8059.98,214.885728,1578720599999.0,1732451.94474602,1475.0,165.419064,1333781.39554256,0.0,BTCUSDT
2020-01-11 05:30:00,8059.96,8060.0,8044.65,8055.39,387.958175,1578720899999.0,3122423.69926214,2496.0,236.080998,1900029.06256199,0.0,BTCUSDT
2020-01-11 05:35:00,8055.4,8077.25,8054.19,8075.37,151.108251,1578721199999.0,1219145.11521115,1439.0,78.350923,632082.70619602,0.0,BTCUSDT
2020-01-11 05:40:00,8075.71,8083.07,8066.24,8080.95,123.895999,1578721499999.0,1000722.08461805,1336.0,65.925803,532550.14261313,0.0,BTCUSDT
2020-01-11 05:45:00,8082.37,8089.0,8072.54,8077.94,132.433974,1578721799999.0,1070595.25700788,1311.0,65.867035,532496.0924268,0.0,BTCUSDT
2020-01-11 05:50:00,8077.93,8079.0,8067.86,8071.15,271.903109,1578722099999.0,2195683.00880902,1605.0,41.577835,335664.01347953,0.0,BTCUSDT
2020-01-11 05:55:00,8070.96,8093.97,8070.95,8083.41,128.255122,1578722399999.0,1036657.24450247,1523.0,72.186223,583525.70985545,0.0,BTCUSDT
2020-01-11 06:00:00,8083.41,8083.99,8058.8,8070.94,250.904465,1578722699999.0,2025938.36905302,2179.0,42.082656,339544.91644498,0.0,BTCUSDT
2020-01-11 06:05:00,8070.12,8073.46,8060.7,8065.47,71.670728,1578722999999.0,578124.29275781,973.0,26.070627,210304.31871245,0.0,BTCUSDT
2020-01-11 06:10:00,8064.67,8071.0,8055.71,8061.96,143.60397,1578723299999.0,1157928.86783867,1392.0,74.601313,601564.77852396,0.0,BTCUSDT
2020-01-11 06:15:00,8061.2,8070.87,8060.0,8070.0,97.185384,1578723599999.0,783707.12781738,897.0,69.806843,562924.39121129,0.0,BTCUSDT
2020-01-11 06:20:00,8069.23,8093.68,8063.07,8086.45,126.186805,1578723899999.0,1020076.24267468,1212.0,72.308021,584522.68651599,0.0,BTCUSDT
2020-01-11 06:25:00,8086.06,8109.9,8086.06,8096.42,198.254482,1578724199999.0,1606018.75545936,1754.0,116.05035,940060.23488971,0.0,BTCUSDT
2020-01-11 06:30:00,8096.61,8116.01,8096.57,8115.81,115.60825,1578724499999.0,937428.99855327,1207.0,74.86358,607060.62309471,0.0,BTCUSDT
2020-01-11 06:35:00,8115.34,8123.26,8111.82,8114.2,217.6934,1578724799999.0,1767360.42260926,1545.0,60.321865,489631.41759014,0.0,BTCUSDT
2020-01-11 06:40:00,8113.36,8113.36,8099.05,8111.08,89.138733,1578725099999.0,722589.90808009,1037.0,51.867669,420471.4620576,0.0,BTCUSDT
2020-01-11 06:45:00,8109.75,8128.98,8109.24,8125.94,273.615802,1578725399999.0,2221895.29045132,1506.0,107.023295,869073.20212543,0.0,BTCUSDT
2020-01-11 06:50:00,8125.94,8128.88,8114.0,8119.68,101.993591,1578725699999.0,828473.58036532,1094.0,51.884218,421473.23832724,0.0,BTCUSDT
2020-01-11 06:55:00,8119.26,8125.0,8115.0,8124.99,59.351808,1578725999999.0,481926.74644436,792.0,27.515206,223429.23067271,0.0,BTCUSDT
2020-01-11 07:00:00,8124.99,8136.51,8115.06,8135.0,211.650164,1578726299999.0,1720022.20888044,1874.0,147.330223,1197301.59058238,0.0,BTCUSDT
2020-01-11 07:05:00,8134.99,8150.0,8133.04,8144.64,193.058475,1578726599999.0,1571951.40480808,1660.0,132.425297,1078265.9454841,0.0,BTCUSDT
2020-01-11 07:10:00,8144.65,8144.79,8130.0,8130.01,99.802038,1578726899999.0,812149.29813464,1173.0,43.929665,357482.63377627,0.0,BTCUSDT
2020-01-11 07:15:00,8130.02,8139.99,8118.33,8119.04,97.512323,1578727199999.0,792642.17660812,1191.0,42.767837,347681.83202213,0.0,BTCUSDT
2020-01-11 07:20:00,8119.04,8126.03,8102.13,8103.61,79.56002,1578727499999.0,645700.06616595,1202.0,34.409989,279336.44871098,0.0,BTCUSDT
2020-01-11 07:25:00,8102.4,8117.76,8102.4,8111.57,114.738612,1578727799999.0,930558.40664281,1286.0,71.758414,581983.4264427,0.0,BTCUSDT
2020-01-11 07:30:00,8111.61,8112.41,8091.28,8091.83,95.725159,1578728099999.0,775560.91734202,1257.0,44.194957,358098.28165251,0.0,BTCUSDT
2020-01-11 07:35:00,8092.45,8095.35,8078.94,8082.87,213.746087,1578728399999.0,1728182.19517687,1508.0,114.624169,926683.02929651,0.0,BTCUSDT
2020-01-11 07:40:00,8082.77,8098.99,8081.69,8091.72,139.967809,1578728699999.0,1132870.46154569,1129.0,50.089064,405351.99024647,0.0,BTCUSDT
2020-01-11 07:45:00,8091.72,8091.73,8080.0,8087.47,198.942916,1578728999999.0,1608573.53375876,1016.0,109.017384,881333.35120144,0.0,BTCUSDT
2020-01-11 07:50:00,8087.47,8087.82,8061.71,8070.0,211.07903,1578729299999.0,1704092.90420432,1633.0,140.468478,1134009.19196589,0.0,BTCUSDT
2020-01-11 07:55:00,8071.72,8074.18,8070.04,8074.18,320.287874,1578729599999.0,2585867.08972127,1773.0,273.808304,2210613.32983029,0.0,BTCUSDT
2020-01-11 08:00:00,8074.17,8074.17,8037.0,8045.84,381.937095,1578729899999.0,3074249.08258433,3433.0,182.422388,1468006.31340665,0.0,BTCUSDT
2020-01-11 08:05:00,8045.84,8063.0,8044.32,8053.99,289.080837,1578730199999.0,2327775.99204249,2136.0,144.338476,1162221.31421702,0.0,BTCUSDT
2020-01-11 08:10:00,8053.99,8067.75,8049.67,8067.33,215.716336,1578730499999.0,1738314.18181654,1266.0,107.390859,865374.67108753,0.0,BTCUSDT
2020-01-11 08:15:00,8067.34,8088.0,8063.85,8080.46,224.186729,1578730799999.0,1810745.76312275,1379.0,108.422925,875551.49507358,0.0,BTCUSDT
2020-01-11 08:20:00,8080.95,8092.0,8079.4,8085.83,161.362138,1578731099999.0,1304404.92192551,1078.0,89.521462,723690.91787914,0.0,BTCUSDT
2020-01-11 08:25:00,8086.63,8096.63,8081.49,8083.79,278.595322,1578731399999.0,2253819.14955873,1503.0,132.640205,1072905.37615365,0.0,BTCUSDT
2020-01-11 08:30:00,8082.95,8096.87,8070.69,8095.59,201.285683,1578731699999.0,1626577.65876869,1596.0,136.819532,1105628.50315716,0.0,BTCUSDT
2020-01-11 08:35:00,8095.59,8096.76,8075.0,8075.26,113.996253,1578731999999.0,921585.52782691,1084.0,43.02367,347820.39576563,0.0,BTCUSDT
2020-01-11 08:40:00,8076.52,8084.99,8069.33,8074.79,162.31454,1578732299999.0,1310995.3460628,1415.0,47.939175,387251.81926071,0.0,BTCUSDT
2020-01-11 08:45:00,8074.78,8081.73,8060.84,8073.8,173.547084,1578732599999.0,1400592.55135297,1855.0,95.729796,772601.06014155,0.0,BTCUSDT
2020-01-11 08:50:00,8073.63,8073.63,8051.0,8056.23,163.853484,1578732899999.0,1321104.81163945,1661.0,77.486466,624772.68973439,0.0,BTCUSDT
2020-01-11 08:55:00,8056.23,8062.74,8052.53,8052.96,113.836712,1578733199999.0,917146.76024062,1052.0,67.832152,546518.93582431,0.0,BTCUSDT
2020-01-11 09:00:00,8052.96,8073.44,8050.83,8071.09,167.311139,1578733499999.0,1348451.61978948,1441.0,121.193971,976656.41653729,0.0,BTCUSDT
2020-01-11 09:05:00,8071.06,8080.99,8071.06,8077.53,64.664134,1578733799999.0,522203.27668816,862.0,33.978095,274401.17751855,0.0,BTCUSDT
2020-01-11 09:10:00,8078.02,8083.45,8069.87,8080.0,189.776171,1578734099999.0,1532322.59682549,1347.0,132.868324,1072660.27231225,0.0,BTCUSDT
2020-01-11 09:15:00,8079.71,8101.52,8075.53,8098.13,102.818968,1578734399999.0,831651.94402889,1372.0,70.516689,570412.69025498,0.0,BTCUSDT
2020-01-11 09:20:00,8097.89,8098.9,8086.48,8088.27,125.553655,1578734699999.0,1015909.15680247,1911.0,55.824432,451691.53436789,0.0,BTCUSDT
2020-01-11 09:25:00,8088.27,8121.0,8086.78,8119.94,173.362815,1578734999999.0,1405563.68025511,1759.0,91.665378,743124.88623531,0.0,BTCUSDT
2020-01-11 09:30:00,8119.23,8125.0,8107.56,8110.2,165.702033,1578735299999.0,1344842.86927403,1637.0,88.756191,720381.6232279,0.0,BTCUSDT
2020-01-11 09:35:00,8110.2,8111.0,8095.26,8103.0,119.10272,1578735599999.0,965171.74978596,1226.0,67.276514,545227.82791359,0.0,BTCUSDT
2020-01-11 09:40:00,8103.08,8109.43,8097.27,8100.89,116.334307,1578735899999.0,942830.50916283,1181.0,52.122275,422441.94697674,0.0,BTCUSDT
2020-01-11 09:45:00,8100.9,8116.96,8097.62,8115.43,123.884519,1578736199999.0,1004609.423866,1271.0,88.97599,721575.22041088,0.0,BTCUSDT
2020-01-11 09:50:00,8115.42,8129.97,8114.24,8120.44,191.754829,1578736499999.0,1557474.88334521,1738.0,91.811233,745694.93358969,0.0,BTCUSDT
2020-01-11 09:55:00,8121.47,8129.13,8110.82,8114.22,132.532497,1578736799999.0,1076117.57988705,1254.0,57.061166,463373.15749904,0.0,BTCUSDT
2020-01-11 10:00:00,8114.2,8117.03,8086.51,8088.12,129.115068,1578737099999.0,1046112.64058843,1741.0,70.759205,573326.73030072,0.0,BTCUSDT
2020-01-11 10:05:00,8087.6,8099.31,8085.55,8095.0,109.651789,1578737399999.0,887283.8046054,1105.0,54.682896,442508.28501198,0.0,BTCUSDT
2020-01-11 10:10:00,8093.08,8102.71,8090.87,8102.28,117.464751,1578737699999.0,951113.93816153,1006.0,67.135792,543592.26686604,0.0,BTCUSDT
2020-01-11 10:15:00,8101.54,8102.61,8081.23,8081.99,106.138548,1578737999999.0,858788.32744916,1049.0,40.526437,327895.42879977,0.0,BTCUSDT
2020-01-11 10:20:00,8081.33,8085.0,8071.19,8076.12,120.066669,1578738299999.0,970003.25625889,1203.0,52.340161,422865.00568466,0.0,BTCUSDT
2020-01-11 10:25:00,8076.27,8088.22,8075.0,8082.85,68.934509,1578738599999.0,557165.68098137,916.0,36.503096,295042.58721914,0.0,BTCUSDT
2020-01-11 10:30:00,8084.22,8085.27,8074.98,8079.8,106.087284,1578738899999.0,857175.38654236,885.0,64.556752,521625.64859113,0.0,BTCUSDT
2020-01-11 10:35:00,8079.79,8079.79,8066.25,8070.65,112.507716,1578739199999.0,908069.72565702,1126.0,53.972849,435652.74978975,0.0,BTCUSDT
2020-01-11 10:40:00,8071.05,8071.21,8052.0,8054.18,144.882171,1578739499999.0,1167959.69821421,1673.0,68.389961,551326.15012704,0.0,BTCUSDT
2020-01-11 10:45:00,8054.34,8083.42,8054.34,8080.11,141.91306,1578739799999.0,1145499.51977028,1574.0,63.469353,512295.74513875,0.0,BTCUSDT
2020-01-11 10:50:00,8081.09,8081.3,8050.37,8050.37,128.045741,1578740099999.0,1032435.22978689,1538.0,44.781187,361083.11501034,0.0,BTCUSDT
2020-01-11 10:55:00,8050.27,8059.39,8042.89,8054.03,193.106203,1578740399999.0,1554412.60381941,1734.0,113.931023,917042.28330731,0.0,BTCUSDT
2020-01-11 11:00:00,8054.03,8054.03,8020.0,8027.63,290.159767,1578740699999.0,2330640.22381214,2879.0,102.852489,826024.03831026,0.0,BTCUSDT
2020-01-11 11:05:00,8029.22,8036.72,8010.0,8026.66,243.7558,1578740999999.0,1955529.62555943,2192.0,94.500121,758354.3529993,0.0,BTCUSDT
2020-01-11 11:10:00,8028.03,8048.69,8027.63,8037.0,135.907349,1578741299999.0,1092444.12919931,1372.0,76.709281,616611.82089562,0.0,BTCUSDT
2020-01-11 11:15:00,8037.0,8039.31,8030.84,8032.37,142.861136,1578741599999.0,1147915.3675226,972.0,62.617356,503179.67536149,0.0,BTCUSDT
2020-01-11 11:20:00,8030.42,8039.83,8011.01,8037.98,167.340504,1578741899999.0,1342597.20402695,1801.0,85.552793,686466.22596831,0.0,BTCUSDT
2020-01-11 11:25:00,8039.74,8069.65,8035.78,8063.69,287.361832,1578742199999.0,2313845.66663247,2487.0,164.682372,1326112.50583151,0.0,BTCUSDT
2020-01-11 11:30:00,8062.63,8074.26,8050.11,8053.35,197.142594,1578742499999.0,1589460.60117726,1627.0,76.213817,614366.83250068,0.0,BTCUSDT
2020-01-11 11:35:00,8053.35,8062.84,8040.01,8060.12,130.388026,1578742799999.0,1049752.19111711,1235.0,68.526313,551681.16050859,0.0,BTCUSDT
2020-01-11 11:40:00,8062.42,8074.25,8060.2,8064.67,129.194842,1578743099999.0,1042430.41255796,1306.0,61.274764,494379.17035387,0.0,BTCUSDT
2020-01-11 11:45:00,8064.77,8067.93,8043.08,8043.14,87.279223,1578743399999.0,703070.29592681,1037.0,40.821664,328812.0064294,0.0,BTCUSDT
2020-01-11 11:50:00,8043.24,8058.27,8040.03,8051.43,196.898093,1578743699999.0,1584573.05253464,1310.0,82.430156,663438.97216717,0.0,BTCUSDT
2020-01-11 11:55:00,8051.63,8055.59,8031.89,8045.95,98.10525,1578743999999.0,789166.67237621,1156.0,45.00115,361997.63504042,0.0,BTCUSDT
2020-01-11 12:00:00,8045.89,8046.71,8018.41,8031.05,193.369889,1578744299999.0,1552300.45365778,1944.0,65.478687,525724.19168795,0.0,BTCUSDT
2020-01-11 12:05:00,8031.06,8043.74,8028.29,8037.66,103.332595,1578744599999.0,830416.17699048,1059.0,70.040802,562862.50387992,0.0,BTCUSDT
2020-01-11 12:10:00,8037.53,8040.0,8027.88,8034.11,76.686349,1578744899999.0,616131.65179514,839.0,37.652148,302516.78867637,0.0,BTCUSDT
2020-01-11 12:15:00,8034.17,8058.98,8034.01,8057.09,124.734897,1578745199999.0,1003898.3459125,1452.0,69.237532,557236.09800574,0.0,BTCUSDT
2020-01-11 12:20:00,8057.1,8064.98,8047.78,8057.06,234.497981,1578745499999.0,1889177.11231218,1338.0,108.962343,877489.62869694,0.0,BTCUSDT
2020-01-11 12:25:00,8055.95,8056.86,8038.97,8043.81,106.030787,1578745799999.0,853167.9751645,861.0,43.729381,351858.80083134,0.0,BTCUSDT
2020-01-11 12:30:00,8043.76,8050.0,8035.59,8036.76,171.128825,1578746099999.0,1376285.41559789,916.0,45.879748,369038.75547342,0.0,BTCUSDT
2020-01-11 12:35:00,8036.33,8041.31,8025.0,8039.84,185.812951,1578746399999.0,1492444.82598157,1466.0,96.982427,779050.39866158,0.0,BTCUSDT
2020-01-11 12:40:00,8038.66,8047.51,8029.7,8043.63,88.680515,1578746699999.0,712836.2425665,922.0,48.659734,391153.42627942,0.0,BTCUSDT
2020-01-11 12:45:00,8043.61,8055.0,8034.87,8048.1,209.542387,1578746999999.0,1686080.66256985,1233.0,109.199188,878783.04283103,0.0,BTCUSDT
2020-01-11 12:50:00,8048.05,8066.0,8047.68,8066.0,184.808339,1578747299999.0,1489358.60695463,1345.0,139.149947,1121390.48739511,0.0,BTCUSDT
2020-01-11 12:55:00,8066.0,8068.0,8055.05,8061.95,109.839725,1578747599999.0,885618.58275413,1135.0,67.226007,542016.5543289,0.0,BTCUSDT
2020-01-11 13:00:00,8061.93,8081.12,8059.82,8078.01,224.901524,1578747899999.0,1814938.18258191,1639.0,120.181241,969733.87610733,0.0,BTCUSDT
2020-01-11 13:05:00,8076.6,8099.27,8075.56,8085.75,265.572577,1578748199999.0,2147735.44636103,2024.0,154.969842,1253443.21272977,0.0,BTCUSDT
2020-01-11 13:10:00,8085.9,8092.57,8071.01,8074.43,167.041042,1578748499999.0,1350176.01731058,1387.0,81.728255,660677.46894867,0.0,BTCUSDT
2020-01-11 13:15:00,8074.54,8074.54,8050.0,8059.99,205.425188,1578748799999.0,1655891.81163548,1829.0,111.52496,898892.18083328,0.0,BTCUSDT
2020-01-11 13:20:00,8059.99,8070.0,8045.01,8056.73,169.487667,1578749099999.0,1365985.56704282,1144.0,67.906071,547311.49902851,0.0,BTCUSDT
2020-01-11 13:25:00,8057.31,8063.99,8054.16,8058.24,89.784225,1578749399999.0,723701.93939197,895.0,35.739451,288082.28227865,0.0,BTCUSDT
2020-01-11 13:30:00,8058.24,8083.3,8057.56,8080.67,109.676268,1578749699999.0,884995.21647854,1199.0,74.460834,600950.75805023,0.0,BTCUSDT
2020-01-11 13:35:00,8078.88,8096.99,8070.08,8073.22,179.751303,1578749999999.0,1453139.87651468,1810.0,90.484542,731611.05748023,0.0,BTCUSDT
2020-01-11 13:40:00,8073.21,8077.5,8058.49,8076.18,82.329156,1578750299999.0,664129.83764675,1216.0,46.741876,377087.28760484,0.0,BTCUSDT
2020-01-11 13:45:00,8077.0,8102.56,8077.0,8085.78,214.292568,1578750599999.0,1733585.06462359,2229.0,140.73581,1138578.03404472,0.0,BTCUSDT
2020-01-11 13:50:00,8086.19,8094.63,8081.36,8083.94,165.132649,1578750899999.0,1335550.75325334,1416.0,95.682264,773849.00249289,0.0,BTCUSDT
2020-01-11 13:55:00,8085.07,8092.7,8076.69,8090.02,78.93268,1578751199999.0,638195.54144881,1159.0,43.58471,352422.33944616,0.0,BTCUSDT
2020-01-11 14:00:00,8090.73,8090.73,8070.47,8077.43,134.247187,1578751499999.0,1084603.66840011,1340.0,57.614323,465429.06054358,0.0,BTCUSDT
2020-01-11 14:05:00,8077.0,8089.79,8076.0,8089.79,62.324998,1578751799999.0,503606.67035567,930.0,35.59827,287658.58691524,0.0,BTCUSDT
2020-01-11 14:10:00,8089.78,8098.0,8081.06,8097.02,129.97535,1578752099999.0,1051679.72202603,1225.0,89.997984,728277.28672542,0.0,BTCUSDT
2020-01-11 14:15:00,8097.02,8135.0,8092.86,8116.31,372.607692,1578752399999.0,3021517.84542508,2763.0,257.441085,2088123.77816487,0.0,BTCUSDT
2020-01-11 14:20:00,8118.87,8119.69,8097.0,8101.55,212.204582,1578752699999.0,1720356.05761313,1923.0,77.321285,626791.07728818,0.0,BTCUSDT
2020-01-11 14:25:00,8101.83,8105.5,8083.43,8093.72,153.59953,1578752999999.0,1243258.27705012,1256.0,56.721399,459094.77411491,0.0,BTCUSDT
2020-01-11 14:30:00,8092.33,8093.14,8081.0,8083.34,112.409223,1578753299999.0,908897.23601704,1077.0,56.480411,456685.3933191,0.0,BTCUSDT
2020-01-11 14:35:00,8084.22,8096.63,8082.04,8087.0,144.766154,1578753599999.0,1171151.85006719,1176.0,47.894021,387486.94712822,0.0,BTCUSDT
2020-01-11 14:40:00,8087.84,8087.84,8071.0,8081.75,229.213014,1578753899999.0,1851370.7998443,1476.0,162.046012,1308708.901333,0.0,BTCUSDT
2020-01-11 14:45:00,8081.9,8085.48,8060.0,8064.44,149.588328,1578754199999.0,1207510.15540224,1368.0,69.342909,559914.11719018,0.0,BTCUSDT
2020-01-11 14:50:00,8064.5,8070.76,8050.0,8069.05,229.846171,1578754499999.0,1852383.46990594,1564.0,95.801924,772371.32376423,0.0,BTCUSDT
2020-01-11 14:55:00,8069.05,8075.0,8053.27,8053.75,88.252333,1578754799999.0,711634.05210731,1106.0,46.644144,376119.35699099,0.0,BTCUSDT
2020-01-11 15:00:00,8054.0,8081.17,8053.08,8068.18,123.623325,1578755099999.0,997180.5164736,1445.0,64.960464,524030.39778592,0.0,BTCUSDT
2020-01-11 15:05:00,8069.1,8084.14,8068.94,8081.77,89.794455,1578755399999.0,725260.0471326,1079.0,55.872835,451281.76473121,0.0,BTCUSDT
2020-01-11 15:10:00,8081.77,8081.77,8057.2,8062.43,105.538879,1578755699999.0,851673.93814583,1370.0,40.919883,330243.5757013,0.0,BTCUSDT
2020-01-11 15:15:00,8062.43,8076.45,8060.22,8067.65,97.858586,1578755999999.0,789675.11992498,971.0,53.988305,435671.36224184,0.0,BTCUSDT
2020-01-11 15:20:00,8066.81,8067.67,8055.59,8057.71,82.554114,1578756299999.0,665626.35431114,955.0,36.344916,293058.38070749,0.0,BTCUSDT
2020-01-11 15:25:00,8056.43,8069.52,8056.43,8067.63,70.469842,1578756599999.0,568230.72413996,837.0,34.556892,278642.08589908,0.0,BTCUSDT
2020-01-11 15:30:00,8067.79,8077.76,8067.73,8071.86,73.167742,1578756899999.0,590644.12004584,967.0,38.757185,312862.76285015,0.0,BTCUSDT
2020-01-11 15:35:00,8072.84,8100.0,8072.27,8097.21,128.256729,1578757199999.0,1037223.9285407,1532.0,87.706585,709348.24966581,0.0,BTCUSDT
2020-01-11 15:40:00,8097.21,8098.69,8070.0,8070.21,128.450158,1578757499999.0,1038519.75851245,1461.0,67.955372,549450.37570907,0.0,BTCUSDT
2020-01-11 15:45:00,8070.21,8097.0,8070.0,8093.7,173.399936,1578757799999.0,1401551.57817793,1250.0,123.961364,1001863.35661865,0.0,BTCUSDT
2020-01-11 15:50:00,8093.01,8106.65,8087.0,8097.98,221.621033,1578758099999.0,1794707.72092308,1929.0,124.914283,1011552.94284237,0.0,BTCUSDT
2020-01-11 15:55:00,8099.01,8105.96,8091.92,8099.73,166.587527,1578758399999.0,1349203.82048871,1398.0,62.73104,508074.68527785,0.0,BTCUSDT
2020-01-11 16:00:00,8099.16,8108.0,8070.0,8072.08,239.225917,1578758699999.0,1934483.91176968,2498.0,96.867226,783430.39913633,0.0,BTCUSDT
2020-01-11 16:05:00,8072.09,8115.0,8072.09,8111.5,368.889108,1578758999999.0,2987537.36728882,2109.0,301.391415,2441069.43206137,0.0,BTCUSDT
2020-01-11 16:10:00,8112.41,8127.0,8098.16,8124.75,261.891102,1578759299999.0,2124898.51849674,2100.0,145.449304,1180091.07857714,0.0,BTCUSDT
2020-01-11 16:15:00,8126.32,8129.98,8108.26,8124.55,215.153996,1578759599999.0,1747182.56910313,2030.0,116.041743,942375.51157094,0.0,BTCUSDT
2020-01-11 16:20:00,8124.37,8150.0,8117.06,8141.73,266.586688,1578759899999.0,2168882.95821848,2458.0,187.727203,1527327.40382806,0.0,BTCUSDT
2020-01-11 16:25:00,8143.69,8160.71,8130.3,8143.52,374.654042,1578760199999.0,3052713.82241735,2823.0,232.752245,1896601.12346264,0.0,BTCUSDT
2020-01-11 16:30:00,8144.52,8144.52,8126.4,8130.0,450.904892,1578760499999.0,3666823.68838785,2328.0,348.833986,2836615.93972862,0.0,BTCUSDT
2020-01-11 16:35:00,8130.0,8144.33,8124.43,8129.08,195.299557,1578760799999.0,1588454.22312477,1805.0,100.439562,816919.28825492,0.0,BTCUSDT
2020-01-11 16:40:00,8128.11,8155.02,8126.28,8148.97,518.312416,1578761099999.0,4218037.69386867,2492.0,154.019129,1254127.95285356,0.0,BTCUSDT
2020-01-11 16:45:00,8148.97,8169.69,8147.55,8154.4,423.257235,1578761399999.0,3454453.75466889,3263.0,174.333314,1423045.6277381,0.0,BTCUSDT
2020-01-11 16:50:00,8154.49,8180.38,8154.38,8179.05,337.681759,1578761699999.0,2759560.54690173,2855.0,210.707888,1722042.60794725,0.0,BTCUSDT
2020-01-11 16:55:00,8179.03,8180.7,8155.24,8169.46,287.452101,1578761999999.0,2348158.26003328,2420.0,127.185429,1038931.12035528,0.0,BTCUSDT
2020-01-11 17:00:00,8168.35,8179.64,8156.0,8158.01,250.738401,1578762299999.0,2047735.62246691,2072.0,97.413711,795677.34658208,0.0,BTCUSDT
2020-01-11 17:05:00,8158.05,8162.0,8150.0,8150.02,141.653504,1578762599999.0,1155304.78150106,1355.0,65.320921,532799.9955995,0.0,BTCUSDT
2020-01-11 17:10:00,8150.65,8168.0,8150.0,8167.99,132.878668,1578762899999.0,1083916.67546341,1421.0,72.947107,595075.57386053,0.0,BTCUSDT
2020-01-11 17:15:00,8167.93,8196.64,8167.27,8196.64,240.011772,1578763199999.0,1963424.39685051,2171.0,156.786818,1282788.06372168,0.0,BTCUSDT
2020-01-11 17:20:00,8196.27,8197.39,8182.07,8186.06,231.703057,1578763499999.0,1897651.99007348,2296.0,89.042619,729278.17440708,0.0,BTCUSDT
2020-01-11 17:25:00,8186.0,8209.15,8181.34,8203.9,521.68377,1578763799999.0,4277429.12188426,2839.0,307.374762,2519703.70873504,0.0,BTCUSDT
2020-01-11 17:30:00,8202.99,8221.55,8177.21,8182.2,404.763272,1578764099999.0,3320783.43155172,3186.0,206.608777,1695579.88610695,0.0,BTCUSDT
2020-01-11 17:35:00,8182.16,8195.85,8180.08,8184.47,458.414647,1578764399999.0,3752161.02357262,2022.0,348.228014,2850049.16157897,0.0,BTCUSDT
2020-01-11 17:40:00,8184.47,8191.56,8170.22,8172.57,237.800134,1578764699999.0,1945519.19446389,1874.0,73.418004,600665.30790531,0.0,BTCUSDT
2020-01-11 17:45:00,8172.57,8175.0,8163.0,8171.43,196.233215,1578764999999.0,1603096.68604114,2211.0,107.188871,875720.59096213,0.0,BTCUSDT
2020-01-11 17:50:00,8171.42,8176.6,8162.63,8162.98,216.93184,1578765299999.0,1772545.16880283,2167.0,85.895437,701884.39309505,0.0,BTCUSDT
2020-01-11 17:55:00,8162.91,8162.91,8152.89,8160.56,199.954609,1578765599999.0,1631076.20901087,2051.0,77.655123,633443.48630467,0.0,BTCUSDT
2020-01-11 18:00:00,8160.0,8163.26,8136.68,8144.63,323.15791,1578765899999.0,2633426.87645639,2975.0,126.176895,1028219.37981319,0.0,BTCUSDT
2020-01-11 18:05:00,8144.93,8157.86,8140.01,8142.27,169.271728,1578766199999.0,1378806.64443355,1712.0,98.297451,800680.26314168,0.0,BTCUSDT
2020-01-11 18:10:00,8142.27,8168.54,8142.26,8158.08,173.524364,1578766499999.0,1415520.03971753,1666.0,83.11613,677958.3738323,0.0,BTCUSDT
2020-01-11 18:15:00,8158.08,8160.0,8147.31,8153.31,83.832552,1578766799999.0,683565.02862152,1180.0,53.960416,439992.64382283,0.0,BTCUSDT
2020-01-11 18:20:00,8152.79,8161.31,8150.8,8159.91,123.658314,1578767099999.0,1008756.20231154,954.0,94.131922,767898.91680692,0.0,BTCUSDT
2020-01-11 18:25:00,8159.92,8162.1,8153.0,8161.26,87.155856,1578767399999.0,710988.84541032,1090.0,38.780197,316358.36799229,0.0,BTCUSDT
2020-01-11 18:30:00,8160.8,8189.0,8160.8,8180.74,216.418344,1578767699999.0,1769839.25623209,2147.0,78.454959,641602.09475863,0.0,BTCUSDT
2020-01-11 18:35:00,8180.57,8187.87,8169.93,8178.99,99.436056,1578767999999.0,813279.96857218,1096.0,38.442407,314429.09217622,0.0,BTCUSDT
2020-01-11 18:40:00,8178.97,8178.97,8161.03,8171.0,95.265576,1578768299999.0,778115.59551616,1055.0,52.789303,431186.42333603,0.0,BTCUSDT
2020-01-11 18:45:00,8171.0,8171.0,8151.25,8154.89,79.014266,1578768599999.0,644813.38066565,999.0,32.812312,267812.60001411,0.0,BTCUSDT
2020-01-11 18:50:00,8156.44,8164.55,8152.1,8163.38,78.271648,1578768899999.0,638434.68077936,923.0,38.993096,318066.93314544,0.0,BTCUSDT
2020-01-11 18:55:00,8163.43,8169.71,8156.0,8169.14,57.212734,1578769199999.0,466902.92764621,693.0,32.152296,262385.35851994,0.0,BTCUSDT
2020-01-11 19:00:00,8169.64,8179.96,8165.53,8175.88,108.909844,1578769499999.0,890068.91974387,1310.0,65.534105,535556.56333237,0.0,BTCUSDT
2020-01-11 19:05:00,8176.54,8177.1,8160.17,8166.0,73.395245,1578769799999.0,599500.40427235,998.0,31.300927,255703.00384919,0.0,BTCUSDT
2020-01-11 19:10:00,8165.73,8168.01,8157.0,8158.63,62.719208,1578770099999.0,511816.0356501,793.0,31.384889,256110.70034517,0.0,BTCUSDT
2020-01-11 19:15:00,8159.09,8164.63,8157.0,8157.92,97.708002,1578770399999.0,797212.98222285,956.0,45.516851,371384.06695131,0.0,BTCUSDT
2020-01-11 19:20:00,8157.5,8157.98,8142.85,8144.87,210.074663,1578770699999.0,1712496.18704125,1619.0,44.611634,363495.54372249,0.0,BTCUSDT
2020-01-11 19:25:00,8144.87,8152.01,8142.0,8149.46,112.352178,1578770999999.0,915165.88584093,1155.0,73.223781,596417.01562597,0.0,BTCUSDT
2020-01-11 19:30:00,8148.57,8159.99,8146.71,8153.48,167.131347,1578771299999.0,1362945.54257707,1279.0,46.113207,375978.18166792,0.0,BTCUSDT
2020-01-11 19:35:00,8153.47,8162.3,8145.01,8145.64,90.168929,1578771599999.0,735196.21217955,1140.0,44.34105,361575.72111118,0.0,BTCUSDT
2020-01-11 19:40:00,8146.94,8152.57,8140.0,8140.79,92.842461,1578771899999.0,756130.46749508,1147.0,34.868133,284010.6048713,0.0,BTCUSDT
2020-01-11 19:45:00,8140.32,8149.81,8137.27,8149.3,88.965107,1578772199999.0,724506.52423359,1184.0,43.330595,352887.80566716,0.0,BTCUSDT
2020-01-11 19:50:00,8149.74,8162.54,8147.13,8160.0,127.966277,1578772499999.0,1043773.73644664,1446.0,56.513631,460908.56098565,0.0,BTCUSDT
2020-01-11 19:55:00,8160.0,8163.99,8150.0,8151.78,74.196637,1578772799999.0,605237.29918206,1186.0,40.810322,332922.09343358,0.0,BTCUSDT
2020-01-11 20:00:00,8151.77,8165.0,8149.98,8159.48,87.955327,1578773099999.0,717630.61717495,1089.0,56.043206,457296.96064468,0.0,BTCUSDT
2020-01-11 20:05:00,8159.09,8170.93,8158.59,8169.59,99.071178,1578773399999.0,808889.00783103,1041.0,67.881593,554267.34252767,0.0,BTCUSDT
2020-01-11 20:10:00,8169.38,8189.49,8168.6,8186.1,128.742398,1578773699999.0,1053032.16530407,1683.0,70.793286,579047.75566711,0.0,BTCUSDT
2020-01-11 20:15:00,8186.1,8187.0,8172.01,8174.5,119.147341,1578773999999.0,974664.07464576,1498.0,38.105049,311673.97041455,0.0,BTCUSDT
2020-01-11 20:20:00,8174.31,8180.0,8165.33,8175.09,65.307127,1578774299999.0,533643.2255241,1136.0,33.325775,272320.10183711,0.0,BTCUSDT
2020-01-11 20:25:00,8175.18,8180.65,8158.16,8158.46,77.378431,1578774599999.0,632221.51574878,1034.0,37.940097,309953.57393416,0.0,BTCUSDT
2020-01-11 20:30:00,8158.46,8170.12,8150.25,8167.96,131.115455,1578774899999.0,1070151.3981646,1472.0,80.504677,657030.5628157,0.0,BTCUSDT
2020-01-11 20:35:00,8167.9,8174.2,8153.77,8155.63,107.308805,1578775199999.0,876217.49690651,1119.0,62.840376,513209.43966416,0.0,BTCUSDT
2020-01-11 20:40:00,8155.75,8158.59,8145.59,8157.6,105.618582,1578775499999.0,860912.31519683,1359.0,45.757089,372966.80108958,0.0,BTCUSDT
2020-01-11 20:45:00,8157.73,8158.08,8141.4,8142.35,105.248952,1578775799999.0,857617.76223975,948.0,20.197562,164593.170635,0.0,BTCUSDT
2020-01-11 20:50:00,8142.35,8159.99,8140.98,8156.81,68.569434,1578776099999.0,558774.10224873,952.0,41.794293,340560.14088932,0.0,BTCUSDT
2020-01-11 20:55:00,8156.81,8164.0,8152.18,8161.81,56.680341,1578776399999.0,462379.22936094,901.0,35.874084,292652.05561832,0.0,BTCUSDT
2020-01-11 21:00:00,8161.81,8167.45,8157.19,8163.65,61.009677,1578776699999.0,497977.2901291,942.0,38.988266,318248.61205768,0.0,BTCUSDT
2020-01-11 21:05:00,8163.45,8164.75,8152.33,8159.21,51.408918,1578776999999.0,419457.0974066,780.0,20.706476,168951.45362216,0.0,BTCUSDT
2020-01-11 21:10:00,8159.26,8170.2,8156.47,8165.32,48.023089,1578777299999.0,392135.91281458,846.0,25.041681,204480.77991557,0.0,BTCUSDT
2020-01-11 21:15:00,8166.87,8175.0,8163.95,8171.42,68.042205,1578777599999.0,555872.08071726,895.0,29.288051,239267.17799672,0.0,BTCUSDT
2020-01-11 21:20:00,8172.27,8174.91,8165.0,8165.89,91.168029,1578777899999.0,744793.03486483,903.0,38.410552,313791.99345417,0.0,BTCUSDT
2020-01-11 21:25:00,8165.23,8165.24,8158.51,8161.61,43.153719,1578778199999.0,352236.53399987,664.0,20.894311,170536.67217134,0.0,BTCUSDT
2020-01-11 21:30:00,8161.44,8169.0,8161.0,8168.75,28.412867,1578778499999.0,231965.09435798,561.0,19.556335,159660.48425473,0.0,BTCUSDT
2020-01-11 21:35:00,8168.82,8209.0,8168.75,8208.61,232.595085,1578778799999.0,1906024.17269083,2658.0,169.921912,1392483.55239474,0.0,BTCUSDT
2020-01-11 21:40:00,8208.62,8286.34,8208.62,8279.53,982.310975,1578779099999.0,8106232.58210996,7403.0,678.490937,5599341.41517621,0.0,BTCUSDT
2020-01-11 21:45:00,8279.53,8286.34,8140.0,8163.38,912.097281,1578779399999.0,7491765.43602867,8431.0,440.463353,3619942.79610094,0.0,BTCUSDT
2020-01-11 21:50:00,8163.38,8178.99,8060.25,8074.68,1075.081672,1578779699999.0,8735194.16054364,8101.0,455.221641,3702167.43533338,0.0,BTCUSDT
2020-01-11 21:55:00,8074.98,8130.65,8068.37,8105.0,809.796089,1578779999999.0,6561213.81121095,4883.0,462.889599,3750469.0219221,0.0,BTCUSDT
2020-01-11 22:00:00,8106.12,8139.69,8050.0,8067.76,745.135312,1578780299999.0,6020347.7219775,5846.0,346.075081,2797761.77790443,0.0,BTCUSDT
2020-01-11 22:05:00,8066.67,8079.02,8030.0,8037.0,611.121512,1578780599999.0,4917400.04859866,4534.0,199.871489,1608693.22793802,0.0,BTCUSDT
2020-01-11 22:10:00,8038.38,8072.28,8033.14,8060.0,227.363491,1578780899999.0,1831433.91168695,2079.0,105.242755,847831.73909418,0.0,BTCUSDT
2020-01-11 22:15:00,8058.26,8072.11,8052.63,8054.22,200.822109,1578781199999.0,1619253.05916197,1627.0,80.439473,648717.93387781,0.0,BTCUSDT
2020-01-11 22:20:00,8054.22,8083.83,8040.68,8070.49,234.496674,1578781499999.0,1890677.94352838,2488.0,108.656225,876092.73806531,0.0,BTCUSDT
2020-01-11 22:25:00,8070.13,8085.0,8068.71,8075.0,208.305018,1578781799999.0,1681724.37353609,1555.0,76.515914,617906.33339787,0.0,BTCUSDT
2020-01-11 22:30:00,8075.0,8082.57,8055.09,8075.62,356.997782,1578782099999.0,2880520.98436855,1966.0,95.645436,771708.09313461,0.0,BTCUSDT
2020-01-11 22:35:00,8075.91,8084.96,8061.68,8072.15,283.183159,1578782399999.0,2285620.52569179,1809.0,65.869166,531793.14504501,0.0,BTCUSDT
2020-01-11 22:40:00,8072.15,8098.0,8070.0,8092.28,217.101126,1578782699999.0,1754582.87414051,2123.0,101.873725,823514.9032283,0.0,BTCUSDT
2020-01-11 22:45:00,8092.85,8099.98,8090.07,8093.0,165.525263,1578782999999.0,1339757.6533497,1356.0,53.184466,430499.75465741,0.0,BTCUSDT
2020-01-11 22:50:00,8093.0,8093.01,8056.71,8066.0,341.304723,1578783299999.0,2756374.56982275,2349.0,66.325729,535413.39839269,0.0,BTCUSDT
2020-01-11 22:55:00,8066.0,8082.99,8050.0,8082.57,136.085679,1578783599999.0,1098119.03546286,1417.0,73.37709,592122.2285086,0.0,BTCUSDT
2020-01-11 23:00:00,8082.58,8082.58,8063.65,8067.58,217.418508,1578783899999.0,1755719.31470059,1508.0,40.965966,330763.00381975,0.0,BTCUSDT
2020-01-11 23:05:00,8067.59,8072.66,8035.0,8040.22,183.892539,1578784199999.0,1481167.61406801,2173.0,65.70883,529328.55997866,0.0,BTCUSDT
2020-01-11 23:10:00,8041.66,8061.75,8040.23,8060.39,306.321845,1578784499999.0,2465921.82788966,1565.0,205.305617,1652658.46599526,0.0,BTCUSDT
2020-01-11 23:15:00,8060.16,8067.82,8048.99,8067.61,102.085935,1578784799999.0,822706.11044785,1078.0,59.623281,480454.13044918,0.0,BTCUSDT
2020-01-11 23:20:00,8067.32,8067.5,8050.09,8059.47,90.021361,1578785099999.0,725451.53821431,921.0,38.063506,306769.21292286,0.0,BTCUSDT
2020-01-11 23:25:00,8059.39,8068.96,8048.0,8067.77,138.903526,1578785399999.0,1119708.47441373,1203.0,101.555643,818688.95782662,0.0,BTCUSDT
2020-01-11 23:30:00,8068.5,8068.77,8048.68,8053.18,109.625783,1578785699999.0,883225.33801178,1162.0,50.99448,410771.68785581,0.0,BTCUSDT
2020-01-11 23:35:00,8053.19,8057.18,8032.27,8032.74,156.879489,1578785999999.0,1261545.59175827,1605.0,54.21388,435977.15465516,0.0,BTCUSDT
2020-01-11 23:40:00,8033.89,8054.18,8033.34,8041.62,97.320932,1578786299999.0,782890.10470218,1295.0,41.429367,333243.06702755,0.0,BTCUSDT
2020-01-11 23:45:00,8041.62,8041.62,8015.0,8016.04,407.290861,1578786599999.0,3267481.70196246,2623.0,113.024831,906874.0897204,0.0,BTCUSDT
2020-01-11 23:50:00,8015.0,8028.16,8003.16,8022.41,1066.271564,1578786899999.0,8545529.52300013,3853.0,843.76372,6762453.38972256,0.0,BTCUSDT
2020-01-11 23:55:00,8022.42,8033.47,8018.14,8020.01,146.0776,1578787199999.0,1172508.5495935,1614.0,80.939599,649674.72783053,0.0,BTCUSDT
2020-01-12 00:00:00,8020.01,8020.01,7970.0,7990.77,1229.834464,1578787499999.0,9825093.87609515,6886.0,679.450398,5427767.73838672,0.0,BTCUSDT
2020-01-12 00:05:00,7992.07,7992.9,7960.0,7966.51,534.578353,1578787799999.0,4262398.32283463,3029.0,239.290203,1908090.72101098,0.0,BTCUSDT
2020-01-12 00:10:00,7966.51,7995.62,7963.35,7988.02,281.192225,1578788099999.0,2244420.39000938,2200.0,170.107775,1357585.64293999,0.0,BTCUSDT
2020-01-12 00:15:00,7987.63,8024.56,7983.61,8011.53,530.204317,1578788399999.0,4247234.47345683,2652.0,207.337647,1660473.98493723,0.0,BTCUSDT
2020-01-12 00:20:00,8011.53,8030.18,8008.0,8028.87,196.517109,1578788699999.0,1575567.28904343,1581.0,81.2473,651494.38305527,0.0,BTCUSDT
2020-01-12 00:25:00,8027.64,8048.09,8027.23,8039.75,201.527673,1578788999999.0,1620051.53484748,1879.0,118.742252,954599.96461174,0.0,BTCUSDT
2020-01-12 00:30:00,8040.39,8040.39,8021.77,8027.46,128.100566,1578789299999.0,1028727.59849026,999.0,78.285746,628702.36059262,0.0,BTCUSDT
2020-01-12 00:35:00,8026.99,8047.45,8026.99,8045.02,105.752653,1578789599999.0,850136.30548158,1109.0,48.728417,391704.26013086,0.0,BTCUSDT
2020-01-12 00:40:00,8045.35,8058.0,8040.67,8057.99,174.557347,1578789899999.0,1405011.65559374,1566.0,93.854385,755451.26965869,0.0,BTCUSDT
2020-01-12 00:45:00,8057.99,8078.69,8052.29,8061.03,316.964411,1578790199999.0,2556528.08524605,2347.0,207.899185,1676608.45994037,0.0,BTCUSDT
2020-01-12 00:50:00,8061.03,8080.0,8051.58,8073.6,133.262803,1578790499999.0,1074031.89668349,1148.0,99.100408,798626.02261667,0.0,BTCUSDT
2020-01-12 00:55:00,8073.4,8075.88,8055.89,8060.89,170.858334,1578790799999.0,1378570.11027667,1146.0,56.706675,457411.00909949,0.0,BTCUSDT
2020-01-12 01:00:00,8060.24,8060.79,8052.63,8056.23,61.540883,1578791099999.0,495799.55855446,802.0,36.007511,290093.4736826,0.0,BTCUSDT
2020-01-12 01:05:00,8055.66,8075.28,8055.66,8058.3,85.217369,1578791399999.0,687369.09850322,1030.0,42.652658,344032.4048612,0.0,BTCUSDT
2020-01-12 01:10:00,8059.45,8062.87,8036.13,8048.26,163.050687,1578791699999.0,1311647.70767622,1189.0,83.290877,669966.3426953,0.0,BTCUSDT
2020-01-12 01:15:00,8049.04,8070.0,8045.94,8068.23,87.302179,1578791999999.0,703589.23450825,1061.0,52.465414,422785.38957788,0.0,BTCUSDT
2020-01-12 01:20:00,8068.22,8078.97,8065.37,8078.82,106.318247,1578792299999.0,858042.65029155,1026.0,55.245498,445921.96618426,0.0,BTCUSDT
2020-01-12 01:25:00,8078.78,8081.37,8072.0,8072.6,101.157388,1578792599999.0,817121.24829192,860.0,59.834416,483320.29640557,0.0,BTCUSDT
2020-01-12 01:30:00,8072.26,8080.0,8059.42,8065.53,72.377161,1578792899999.0,583867.72401496,842.0,40.730451,328570.52261757,0.0,BTCUSDT
2020-01-12 01:35:00,8064.51,8089.97,8060.0,8082.65,95.203277,1578793199999.0,769166.56655208,1130.0,55.141599,445554.42396406,0.0,BTCUSDT
2020-01-12 01:40:00,8083.61,8083.92,8066.1,8071.73,92.618774,1578793499999.0,747913.49468325,981.0,35.671328,288016.55363266,0.0,BTCUSDT
2020-01-12 01:45:00,8071.77,8082.27,8064.84,8065.14,56.865961,1578793799999.0,458923.46865988,735.0,33.932915,273850.09121238,0.0,BTCUSDT
2020-01-12 01:50:00,8065.14,8069.63,8055.88,8064.03,72.051079,1578794099999.0,580910.94752648,884.0,33.491021,270046.65016012,0.0,BTCUSDT
2020-01-12 01:55:00,8064.09,8066.83,8052.63,8065.53,80.076606,1578794399999.0,645370.78889622,815.0,33.361026,268871.99684459,0.0,BTCUSDT
2020-01-12 02:00:00,8065.63,8066.83,8052.88,8054.84,85.888836,1578794699999.0,692350.88169373,887.0,37.566401,302781.40614305,0.0,BTCUSDT
2020-01-12 02:05:00,8055.46,8067.97,8054.71,8064.44,78.786646,1578794999999.0,634972.91691248,675.0,33.511227,270120.34777104,0.0,BTCUSDT
2020-01-12 02:10:00,8064.71,8069.72,8061.36,8066.07,32.882832,1578795299999.0,265211.70697778,566.0,17.967688,144922.43146352,0.0,BTCUSDT
2020-01-12 02:15:00,8066.03,8077.15,8059.99,8076.57,113.813188,1578795599999.0,918221.50665474,1211.0,46.502757,375284.87455632,0.0,BTCUSDT
2020-01-12 02:20:00,8076.38,8083.73,8070.44,8082.34,105.97822,1578795899999.0,856198.28729915,1186.0,60.095332,485528.23964842,0.0,BTCUSDT
2020-01-12 02:25:00,8082.5,8085.89,8072.15,8074.62,62.502589,1578796199999.0,505061.44239853,894.0,38.931464,314611.38581771,0.0,BTCUSDT
2020-01-12 02:30:00,8074.61,8088.76,8070.41,8081.0,102.374511,1578796499999.0,827089.97607822,1053.0,70.670018,570863.43945825,0.0,BTCUSDT
2020-01-12 02:35:00,8081.54,8083.73,8071.26,8075.63,39.669227,1578796799999.0,320417.2811556,636.0,21.295254,172008.68959948,0.0,BTCUSDT
2020-01-12 02:40:00,8075.76,8108.0,8075.24,8103.86,336.892536,1578797099999.0,2727231.63807959,2467.0,231.519869,1874256.04181806,0.0,BTCUSDT
2020-01-12 02:45:00,8102.18,8103.86,8085.04,8090.14,112.255831,1578797399999.0,908645.45364134,1260.0,55.675315,450637.57017483,0.0,BTCUSDT
2020-01-12 02:50:00,8090.14,8095.55,8080.28,8082.65,104.123408,1578797699999.0,842292.26437414,1208.0,60.744595,491385.87167704,0.0,BTCUSDT
2020-01-12 02:55:00,8082.33,8095.0,8080.98,8095.0,73.419238,1578797999999.0,593846.65890758,957.0,49.445473,399915.9299571,0.0,BTCUSDT
2020-01-12 03:00:00,8095.0,8110.92,8093.54,8098.3,143.565839,1578798299999.0,1163292.97530665,1348.0,103.086876,835306.26481401,0.0,BTCUSDT
2020-01-12 03:05:00,8098.3,8105.21,8081.0,8085.6,143.643106,1578798599999.0,1162680.2937262,1293.0,76.996584,623277.17718721,0.0,BTCUSDT
2020-01-12 03:10:00,8087.47,8100.0,8081.89,8086.31,74.674779,1578798899999.0,604098.82780904,1004.0,33.85156,273846.08058997,0.0,BTCUSDT
2020-01-12 03:15:00,8086.31,8086.32,8065.62,8072.73,120.628014,1578799199999.0,974073.1147848,1444.0,51.775049,418007.46247618,0.0,BTCUSDT
2020-01-12 03:20:00,8072.86,8082.53,8071.21,8081.06,59.669391,1578799499999.0,481900.25617778,843.0,23.136428,186860.69364184,0.0,BTCUSDT
2020-01-12 03:25:00,8081.5,8083.84,8074.09,8081.62,55.59916,1578799799999.0,449154.18147261,682.0,29.541189,238621.94533847,0.0,BTCUSDT
2020-01-12 03:30:00,8081.78,8093.44,8080.26,8087.86,96.698421,1578800099999.0,782180.20890491,894.0,74.032494,598854.26002393,0.0,BTCUSDT
2020-01-12 03:35:00,8086.96,8090.97,8083.56,8086.51,31.012833,1578800399999.0,250845.11365369,572.0,16.854132,136323.56755635,0.0,BTCUSDT
2020-01-12 03:40:00,8086.48,8088.0,8075.26,8082.97,72.869397,1578800699999.0,588867.86096503,1079.0,34.433448,278291.99292055,0.0,BTCUSDT
2020-01-12 03:45:00,8082.33,8089.11,8081.11,8086.31,38.533343,1578800999999.0,311584.49956706,652.0,21.842028,176616.72397512,0.0,BTCUSDT
2020-01-12 03:50:00,8086.19,8096.67,8084.63,8095.48,37.432319,1578801299999.0,302846.74767671,548.0,27.860605,225401.43425908,0.0,BTCUSDT
2020-01-12 03:55:00,8095.42,8095.42,8082.37,8091.33,89.310967,1578801599999.0,722306.54198046,1052.0,56.637527,458042.71515473,0.0,BTCUSDT
2020-01-12 04:00:00,8090.7,8105.0,8087.4,8101.75,182.362249,1578801899999.0,1477054.85054624,1777.0,105.30416,853024.15520546,0.0,BTCUSDT
2020-01-12 04:05:00,8102.52,8103.66,8094.24,8098.7,47.307053,1578802199999.0,383112.72920113,849.0,23.439537,189817.33304028,0.0,BTCUSDT
2020-01-12 04:10:00,8098.67,8098.67,8085.0,8086.51,60.929555,1578802499999.0,492946.39393695,1047.0,32.690438,264493.86216304,0.0,BTCUSDT
2020-01-12 04:15:00,8086.51,8093.54,8083.63,8088.55,31.670115,1578802799999.0,256166.64792403,666.0,16.655227,134717.44080353,0.0,BTCUSDT
2020-01-12 04:20:00,8087.94,8093.82,8085.0,8093.55,31.970721,1578803099999.0,258572.10002836,585.0,16.161505,130716.86659803,0.0,BTCUSDT
2020-01-12 04:25:00,8093.34,8099.97,8091.36,8093.11,38.650639,1578803399999.0,312879.56593738,630.0,18.110432,146612.97734446,0.0,BTCUSDT
2020-01-12 04:30:00,8093.34,8095.2,8085.01,8085.84,36.500148,1578803699999.0,295233.40207706,607.0,18.660109,150926.73579397,0.0,BTCUSDT
2020-01-12 04:35:00,8085.85,8086.9,8075.61,8077.29,55.389786,1578803999999.0,447663.27888789,751.0,24.494511,197985.65184788,0.0,BTCUSDT
2020-01-12 04:40:00,8077.98,8081.96,8072.97,8080.54,100.164681,1578804299999.0,808894.7540914,799.0,70.688913,570852.86416727,0.0,BTCUSDT
2020-01-12 04:45:00,8080.3,8082.95,8075.67,8076.42,35.33169,1578804599999.0,285491.42310738,570.0,20.183613,163094.04316171,0.0,BTCUSDT
2020-01-12 04:50:00,8075.71,8080.01,8071.2,8076.2,53.293495,1578804899999.0,430286.26324397,782.0,21.90711,176889.59395736,0.0,BTCUSDT
2020-01-12 04:55:00,8075.81,8076.86,8071.21,8073.79,37.641617,1578805199999.0,303937.99965721,617.0,24.706698,199497.53182295,0.0,BTCUSDT
2020-01-12 05:00:00,8073.03,8089.91,8070.98,8088.14,70.956294,1578805499999.0,573426.45822965,875.0,48.467784,391633.32664049,0.0,BTCUSDT
2020-01-12 05:05:00,8088.6,8091.17,8086.79,8090.17,67.662437,1578805799999.0,547331.20302648,702.0,31.023585,250950.79204844,0.0,BTCUSDT
2020-01-12 05:10:00,8090.17,8096.85,8089.43,8092.73,303.726763,1578806099999.0,2457820.82901084,1103.0,49.034859,396750.44939652,0.0,BTCUSDT
2020-01-12 05:15:00,8092.73,8093.06,8089.67,8089.99,43.188078,1578806399999.0,349469.53478223,747.0,13.376242,108226.23881044,0.0,BTCUSDT
2020-01-12 05:20:00,8089.99,8092.13,8082.14,8085.92,74.935971,1578806699999.0,606104.67060066,864.0,22.961905,185705.82632826,0.0,BTCUSDT
2020-01-12 05:25:00,8085.92,8095.09,8082.31,8094.99,58.814148,1578806999999.0,475663.76163222,715.0,24.397035,197311.4918774,0.0,BTCUSDT
2020-01-12 05:30:00,8094.72,8097.23,8090.0,8097.23,78.290811,1578807299999.0,633608.90438311,782.0,49.591661,401358.57131637,0.0,BTCUSDT
2020-01-12 05:35:00,8097.22,8097.23,8090.19,8091.92,31.186092,1578807599999.0,252423.03369942,494.0,16.379897,132581.1001622,0.0,BTCUSDT
2020-01-12 05:40:00,8092.58,8094.55,8088.59,8094.1,34.205887,1578807899999.0,276782.15333776,611.0,19.296045,156139.17429171,0.0,BTCUSDT
2020-01-12 05:45:00,8094.54,8106.02,8094.29,8104.13,116.304153,1578808199999.0,942026.89895729,1179.0,76.859035,622504.76485781,0.0,BTCUSDT
2020-01-12 05:50:00,8104.13,8110.0,8102.13,8105.7,63.022402,1578808499999.0,510891.33516929,980.0,39.09376,316903.71242361,0.0,BTCUSDT
2020-01-12 05:55:00,8106.1,8110.92,8104.89,8106.05,54.834227,1578808799999.0,444556.53033707,775.0,32.372444,262449.86877581,0.0,BTCUSDT
2020-01-12 06:00:00,8105.96,8131.34,8105.06,8131.34,228.76031,1578809099999.0,1857991.76777073,2321.0,137.998435,1120843.22663993,0.0,BTCUSDT
2020-01-12 06:05:00,8131.35,8140.05,8128.0,8138.37,271.052803,1578809399999.0,2205035.16581704,2474.0,141.455086,1150807.70202033,0.0,BTCUSDT
2020-01-12 06:10:00,8138.2,8140.83,8123.29,8138.81,307.013984,1578809699999.0,2497550.00132949,1744.0,105.801393,860649.81769548,0.0,BTCUSDT
2020-01-12 06:15:00,8138.83,8153.84,8135.41,8141.61,268.857912,1578809999999.0,2189833.68275466,2019.0,178.22059,1451708.33239509,0.0,BTCUSDT
2020-01-12 06:20:00,8142.44,8144.0,8129.0,8136.44,114.575856,1578810299999.0,932206.1179634,1198.0,59.922533,487522.50730325,0.0,BTCUSDT
2020-01-12 06:25:00,8136.44,8136.5,8115.49,8117.98,293.568155,1578810599999.0,2384509.74405426,1642.0,208.714749,1695087.07860126,0.0,BTCUSDT
2020-01-12 06:30:00,8117.99,8125.18,8105.9,8112.0,269.267137,1578810899999.0,2184958.09019824,2007.0,193.026493,1566421.84264785,0.0,BTCUSDT
2020-01-12 06:35:00,8112.0,8112.0,8105.0,8111.18,134.297967,1578811199999.0,1089048.97910087,1444.0,85.649654,694578.59002137,0.0,BTCUSDT
2020-01-12 06:40:00,8111.76,8113.11,8105.0,8108.14,106.093986,1578811499999.0,860427.42494379,1214.0,57.579462,466964.40333088,0.0,BTCUSDT
2020-01-12 06:45:00,8108.13,8127.65,8108.04,8126.38,224.876519,1578811799999.0,1824884.32663068,1490.0,175.159534,1421194.0884896,0.0,BTCUSDT
2020-01-12 06:50:00,8125.83,8129.83,8095.07,8096.88,135.714779,1578812099999.0,1101587.09229949,1400.0,58.419666,474287.71499638,0.0,BTCUSDT
2020-01-12 06:55:00,8096.79,8102.94,8080.01,8083.84,155.867983,1578812399999.0,1260843.07958876,1799.0,74.131995,599619.15234525,0.0,BTCUSDT
2020-01-12 07:00:00,8083.43,8102.22,8083.29,8094.54,104.265377,1578812699999.0,843863.60740098,1225.0,54.312003,439634.34084696,0.0,BTCUSDT
2020-01-12 07:05:00,8094.29,8095.29,8083.6,8087.47,84.987983,1578812999999.0,687474.17717362,925.0,52.675983,426127.36568062,0.0,BTCUSDT
2020-01-12 07:10:00,8087.81,8094.42,8080.45,8093.03,84.995554,1578813299999.0,687327.13650098,1033.0,51.272349,414630.87600681,0.0,BTCUSDT
2020-01-12 07:15:00,8093.7,8099.75,8090.3,8098.21,56.698866,1578813599999.0,459014.1267711,789.0,33.202541,268779.89591045,0.0,BTCUSDT
2020-01-12 07:20:00,8097.81,8099.42,8091.0,8097.8,47.968149,1578813899999.0,388350.37548136,657.0,22.48251,182016.75400722,0.0,BTCUSDT
2020-01-12 07:25:00,8097.48,8099.42,8085.0,8089.54,54.101155,1578814199999.0,437726.10518881,664.0,30.217559,244460.4504182,0.0,BTCUSDT
2020-01-12 07:30:00,8089.42,8094.5,8084.53,8094.12,68.409522,1578814499999.0,553393.82315824,681.0,33.551131,271428.80468584,0.0,BTCUSDT
2020-01-12 07:35:00,8094.22,8102.05,8094.22,8100.6,80.708949,1578814799999.0,653692.79406934,845.0,35.282358,285757.79606621,0.0,BTCUSDT
2020-01-12 07:40:00,8100.49,8106.66,8093.86,8098.63,67.208714,1578815099999.0,544507.02495916,998.0,30.519333,247256.5079271,0.0,BTCUSDT
2020-01-12 07:45:00,8099.32,8108.73,8099.32,8105.39,53.507517,1578815399999.0,433571.78910704,808.0,33.596101,272240.00385118,0.0,BTCUSDT
2020-01-12 07:50:00,8105.38,8110.0,8102.9,8108.99,77.572681,1578815699999.0,628914.60392994,912.0,42.038568,340801.84697564,0.0,BTCUSDT
2020-01-12 07:55:00,8108.99,8109.27,8091.17,8097.51,86.670601,1578815999999.0,701906.89569048,1042.0,38.803787,314270.68890101,0.0,BTCUSDT
2020-01-12 08:00:00,8097.51,8098.97,8084.16,8089.22,158.440011,1578816299999.0,1281937.87387333,1301.0,70.642825,571462.35954981,0.0,BTCUSDT
2020-01-12 08:05:00,8089.22,8098.53,8089.19,8097.72,242.17713,1578816599999.0,1959350.63350565,1495.0,206.291337,1668949.55500711,0.0,BTCUSDT
2020-01-12 08:10:00,8098.06,8113.2,8080.01,8113.08,189.664915,1578816899999.0,1535514.24918343,2129.0,61.240191,495910.0234755,0.0,BTCUSDT
2020-01-12 08:15:00,8113.2,8131.56,8111.75,8116.51,147.175949,1578817199999.0,1195158.10817532,1910.0,86.191672,699914.22862697,0.0,BTCUSDT
2020-01-12 08:20:00,8116.99,8126.12,8109.0,8120.12,110.974436,1578817499999.0,900860.44672063,1114.0,67.469772,547711.63201592,0.0,BTCUSDT
2020-01-12 08:25:00,8120.21,8129.85,8119.29,8122.87,147.482071,1578817799999.0,1198265.07971755,1176.0,70.987536,576743.12866875,0.0,BTCUSDT
2020-01-12 08:30:00,8122.65,8129.89,8114.07,8119.66,85.116321,1578818099999.0,691326.05282294,898.0,52.413945,425666.5752187,0.0,BTCUSDT
2020-01-12 08:35:00,8120.09,8121.13,8110.0,8114.98,89.466114,1578818399999.0,726040.27050545,936.0,50.753224,411907.34290231,0.0,BTCUSDT
2020-01-12 08:40:00,8114.99,8123.15,8113.22,8119.08,82.23091,1578818699999.0,667637.94944516,905.0,48.167429,391084.33266305,0.0,BTCUSDT
2020-01-12 08:45:00,8118.31,8129.5,8117.98,8129.49,57.941521,1578818999999.0,470649.61869689,781.0,35.022882,284542.08675086,0.0,BTCUSDT
2020-01-12 08:50:00,8129.48,8132.97,8121.99,8123.99,100.011907,1578819299999.0,812850.42992666,1192.0,51.736185,420492.0852083,0.0,BTCUSDT
2020-01-12 08:55:00,8124.07,8144.72,8124.0,8140.59,153.395982,1578819599999.0,1248008.75396265,1593.0,93.165556,758044.90354185,0.0,BTCUSDT
2020-01-12 09:00:00,8138.71,8140.0,8129.43,8135.31,100.890174,1578819899999.0,820651.20199122,953.0,67.046614,545324.80157566,0.0,BTCUSDT
2020-01-12 09:05:00,8135.55,8135.68,8124.76,8126.37,115.83216,1578820199999.0,941579.77407547,1486.0,71.344994,579949.1298543,0.0,BTCUSDT
2020-01-12 09:10:00,8125.09,8138.96,8121.7,8134.91,138.074146,1578820499999.0,1122523.25585277,1401.0,61.71519,501766.16291763,0.0,BTCUSDT
2020-01-12 09:15:00,8135.8,8140.69,8128.67,8134.72,120.512171,1578820799999.0,980333.90116386,1162.0,73.812898,600440.27005686,0.0,BTCUSDT
2020-01-12 09:20:00,8134.72,8159.99,8134.72,8147.67,208.802321,1578821099999.0,1701388.22874903,2016.0,110.427751,899896.99799732,0.0,BTCUSDT
2020-01-12 09:25:00,8149.19,8158.83,8142.48,8157.97,231.759428,1578821399999.0,1887988.27358507,1218.0,49.209732,401007.44909382,0.0,BTCUSDT
2020-01-12 09:30:00,8158.15,8164.08,8149.66,8152.56,264.430322,1578821699999.0,2156602.182902,1618.0,116.604828,951079.07213252,0.0,BTCUSDT
2020-01-12 09:35:00,8152.18,8154.5,8139.96,8144.07,161.485963,1578821999999.0,1315542.41134253,1209.0,90.509896,737333.28236366,0.0,BTCUSDT
2020-01-12 09:40:00,8144.0,8149.99,8135.29,8135.3,78.096173,1578822299999.0,635931.22771565,878.0,43.802347,356686.9518698,0.0,BTCUSDT
2020-01-12 09:45:00,8135.3,8142.59,8118.0,8129.06,137.595887,1578822599999.0,1118903.69729131,1398.0,62.076398,504860.11885501,0.0,BTCUSDT
2020-01-12 09:50:00,8129.28,8134.93,8120.06,8133.83,84.333928,1578822899999.0,685429.19919347,1225.0,48.210461,391839.54351409,0.0,BTCUSDT
2020-01-12 09:55:00,8133.81,8138.0,8127.02,8137.5,91.431477,1578823199999.0,743669.72171384,974.0,55.111157,448253.55576856,0.0,BTCUSDT
2020-01-12 10:00:00,8137.49,8140.87,8117.98,8119.95,112.293746,1578823499999.0,913313.63840265,1086.0,56.809497,462154.35510923,0.0,BTCUSDT
2020-01-12 10:05:00,8119.95,8125.94,8100.0,8105.85,219.748453,1578823799999.0,1782433.70094637,2385.0,86.056165,698146.53842785,0.0,BTCUSDT
2020-01-12 10:10:00,8106.51,8114.12,8095.72,8106.89,176.352237,1578824099999.0,1429651.84541868,1831.0,100.362834,813587.97335454,0.0,BTCUSDT
2020-01-12 10:15:00,8106.87,8120.48,8100.52,8113.6,145.148347,1578824399999.0,1177762.44220364,1479.0,60.472911,490694.05055691,0.0,BTCUSDT
2020-01-12 10:20:00,8113.6,8118.19,8101.63,8108.18,186.668029,1578824699999.0,1514156.6136631,1126.0,44.723691,362737.92449618,0.0,BTCUSDT
2020-01-12 10:25:00,8108.18,8117.2,8106.0,8116.21,117.901428,1578824999999.0,956278.01131614,1197.0,73.186399,593615.46343817,0.0,BTCUSDT
2020-01-12 10:30:00,8116.58,8128.03,8115.0,8123.5,89.371185,1578825299999.0,725933.67052922,1158.0,46.416947,377035.95750556,0.0,BTCUSDT
2020-01-12 10:35:00,8123.97,8128.12,8121.7,8121.88,60.239987,1578825599999.0,489406.03811545,857.0,24.934586,202575.71323853,0.0,BTCUSDT
2020-01-12 10:40:00,8123.13,8131.47,8121.43,8127.89,93.560117,1578825899999.0,760310.97240533,1121.0,61.22513,497540.06337934,0.0,BTCUSDT
2020-01-12 10:45:00,8127.89,8136.24,8127.43,8135.0,101.939153,1578826199999.0,828983.40829975,1068.0,43.589768,354498.76575379,0.0,BTCUSDT
2020-01-12 10:50:00,8134.98,8137.0,8124.74,8128.09,80.160519,1578826499999.0,651831.70594844,844.0,54.845566,446008.14776502,0.0,BTCUSDT
2020-01-12 10:55:00,8128.0,8130.63,8118.2,8122.12,53.900081,1578826799999.0,437904.03975484,695.0,22.110538,179628.66216041,0.0,BTCUSDT
2020-01-12 11:00:00,8120.87,8127.84,8119.03,8126.77,56.629241,1578827099999.0,460063.69539759,859.0,30.87441,250840.89363389,0.0,BTCUSDT
2020-01-12 11:05:00,8126.78,8127.23,8113.0,8120.69,91.578451,1578827399999.0,743571.11808371,955.0,32.818127,266402.76718481,0.0,BTCUSDT
2020-01-12 11:10:00,8120.61,8125.36,8116.51,8122.29,45.586039,1578827699999.0,370183.84063129,763.0,26.895576,218409.69470128,0.0,BTCUSDT
2020-01-12 11:15:00,8122.29,8122.29,8104.39,8109.93,76.672378,1578827999999.0,621963.25365282,863.0,19.466773,157941.76198527,0.0,BTCUSDT
2020-01-12 11:20:00,8109.55,8113.29,8103.17,8105.4,103.266891,1578828299999.0,837345.19583149,1338.0,62.837942,509548.24718873,0.0,BTCUSDT
2020-01-12 11:25:00,8105.19,8121.97,8105.19,8121.21,79.684746,1578828599999.0,646670.52719803,1226.0,41.138202,333822.80202918,0.0,BTCUSDT
2020-01-12 11:30:00,8121.21,8130.5,8120.03,8125.57,75.750695,1578828899999.0,615531.45440288,1056.0,40.191637,326591.68371217,0.0,BTCUSDT
2020-01-12 11:35:00,8125.36,8130.0,8120.82,8125.01,64.214306,1578829199999.0,521768.72403022,772.0,31.008494,251973.37815051,0.0,BTCUSDT
2020-01-12 11:40:00,8125.05,8126.42,8120.08,8123.0,64.006049,1578829499999.0,519931.9722652,798.0,19.194851,155910.25846786,0.0,BTCUSDT
2020-01-12 11:45:00,8123.0,8123.02,8112.59,8116.92,64.223605,1578829799999.0,521426.57571092,862.0,24.573816,199511.66357828,0.0,BTCUSDT
2020-01-12 11:50:00,8116.19,8116.25,8106.04,8111.94,89.133129,1578830099999.0,722902.58189336,889.0,48.300935,391722.29360697,0.0,BTCUSDT
2020-01-12 11:55:00,8110.31,8114.08,8107.1,8114.08,56.628672,1578830399999.0,459298.52149784,836.0,38.050241,308622.24127222,0.0,BTCUSDT
2020-01-12 12:00:00,8114.08,8126.7,8113.11,8124.75,93.864724,1578830699999.0,762216.52618541,1241.0,39.368314,319660.19656428,0.0,BTCUSDT
2020-01-12 12:05:00,8124.81,8135.0,8124.4,8129.11,124.930665,1578830999999.0,1015639.79264366,1256.0,67.391952,547872.58964017,0.0,BTCUSDT
2020-01-12 12:10:00,8129.33,8139.0,8125.38,8136.43,132.510458,1578831299999.0,1077508.61572935,1174.0,77.101787,626953.57359594,0.0,BTCUSDT
2020-01-12 12:15:00,8136.43,8155.77,8130.8,8142.75,355.879754,1578831599999.0,2898507.36615028,2893.0,193.740872,1578018.01144879,0.0,BTCUSDT
2020-01-12 12:20:00,8141.91,8145.43,8125.4,8130.0,127.080549,1578831899999.0,1033798.52512153,1192.0,86.399492,702886.47164915,0.0,BTCUSDT
2020-01-12 12:25:00,8129.99,8148.0,8125.0,8125.84,148.904921,1578832199999.0,1210761.8871122,1060.0,73.643677,598968.36538469,0.0,BTCUSDT
2020-01-12 12:30:00,8125.59,8132.9,8120.25,8120.97,100.809066,1578832499999.0,819319.51611276,790.0,48.832899,396938.40935465,0.0,BTCUSDT
2020-01-12 12:35:00,8120.13,8125.22,8116.61,8120.23,100.246564,1578832799999.0,814131.25554033,1213.0,58.722852,476916.26405199,0.0,BTCUSDT
2020-01-12 12:40:00,8120.23,8129.99,8115.97,8115.97,82.423167,1578833099999.0,669642.09839556,894.0,44.486866,361431.9384996,0.0,BTCUSDT
2020-01-12 12:45:00,8116.03,8126.43,8113.42,8122.17,117.828559,1578833399999.0,956912.93194088,970.0,50.368028,409051.38243519,0.0,BTCUSDT
2020-01-12 12:50:00,8122.05,8152.0,8120.76,8137.28,347.832306,1578833699999.0,2830335.97235503,1872.0,171.556537,1395865.19578036,0.0,BTCUSDT
2020-01-12 12:55:00,8137.53,8143.0,8128.0,8132.19,94.205748,1578833999999.0,766360.74145534,1283.0,46.539384,378613.1192409,0.0,BTCUSDT
2020-01-12 13:00:00,8132.19,8145.0,8131.28,8138.01,157.773012,1578834299999.0,1284377.12610685,1025.0,46.18071,375890.22367501,0.0,BTCUSDT
2020-01-12 13:05:00,8138.47,8141.29,8122.25,8123.39,78.916895,1578834599999.0,641800.3237004,833.0,31.198986,253740.24105758,0.0,BTCUSDT
2020-01-12 13:10:00,8122.86,8133.81,8122.09,8130.58,49.394613,1578834899999.0,401581.93138843,545.0,30.103675,244750.98590247,0.0,BTCUSDT
2020-01-12 13:15:00,8130.28,8140.58,8130.0,8139.76,180.179352,1578835199999.0,1465661.57965828,1044.0,96.738053,786879.09738358,0.0,BTCUSDT
2020-01-12 13:20:00,8139.76,8144.96,8138.03,8141.86,93.482798,1578835499999.0,761071.31827504,1086.0,62.273104,506985.14995599,0.0,BTCUSDT
2020-01-12 13:25:00,8141.09,8142.79,8130.0,8132.42,62.080269,1578835799999.0,505037.42900253,870.0,37.387783,304150.59328388,0.0,BTCUSDT
2020-01-12 13:30:00,8132.21,8135.13,8125.0,8132.88,73.933882,1578836099999.0,601126.66113956,807.0,37.746793,306903.74611958,0.0,BTCUSDT
2020-01-12 13:35:00,8132.92,8145.0,8132.0,8142.64,89.793979,1578836399999.0,730953.12901356,1393.0,40.333592,328345.21426452,0.0,BTCUSDT
2020-01-12 13:40:00,8143.29,8149.93,8137.81,8143.17,89.007206,1578836699999.0,724789.13646131,1314.0,47.722732,388622.28939901,0.0,BTCUSDT
2020-01-12 13:45:00,8143.11,8159.33,8143.11,8159.33,150.092816,1578836999999.0,1223558.43997067,2050.0,90.006402,733817.51208675,0.0,BTCUSDT
2020-01-12 13:50:00,8159.33,8164.0,8140.36,8155.75,226.279834,1578837299999.0,1844737.26650942,2106.0,110.607857,901859.29316061,0.0,BTCUSDT
2020-01-12 13:55:00,8156.46,8170.1,8150.0,8165.0,258.422031,1578837599999.0,2109285.89001361,2159.0,130.356299,1064068.26050914,0.0,BTCUSDT
2020-01-12 14:00:00,8165.08,8185.0,8160.82,8172.99,345.209558,1578837899999.0,2822727.08538503,3106.0,165.158605,1350492.59884462,0.0,BTCUSDT
2020-01-12 14:05:00,8172.25,8176.98,8147.13,8159.38,287.751588,1578838199999.0,2348501.38651473,2215.0,188.557601,1538821.77233836,0.0,BTCUSDT
2020-01-12 14:10:00,8158.37,8160.0,8153.44,8157.44,126.947134,1578838499999.0,1035672.56530787,1200.0,88.541629,722368.4751595,0.0,BTCUSDT
2020-01-12 14:15:00,8157.56,8178.32,8153.76,8174.53,200.777233,1578838799999.0,1639336.0766171,1367.0,138.91638,1134147.75512163,0.0,BTCUSDT
2020-01-12 14:20:00,8174.7,8174.99,8155.0,8159.0,97.716632,1578839099999.0,797794.74351439,1067.0,48.01166,391986.90342933,0.0,BTCUSDT
2020-01-12 14:25:00,8158.93,8159.99,8139.12,8145.8,244.043756,1578839399999.0,1988836.04846961,1657.0,92.167682,751259.16962544,0.0,BTCUSDT
2020-01-12 14:30:00,8146.88,8150.7,8133.89,8149.42,134.566481,1578839699999.0,1095680.01478372,1368.0,82.035807,667980.1425792,0.0,BTCUSDT
2020-01-12 14:35:00,8150.33,8152.46,8135.72,8141.52,103.902296,1578839999999.0,846200.16008245,1092.0,60.597513,493534.47151424,0.0,BTCUSDT
2020-01-12 14:40:00,8141.72,8144.83,8135.72,8140.91,119.770507,1578840299999.0,974980.97732488,1011.0,60.598039,493294.43559815,0.0,BTCUSDT
2020-01-12 14:45:00,8140.91,8141.0,8127.79,8133.54,149.054951,1578840599999.0,1212333.32490028,1357.0,53.732603,437074.24562644,0.0,BTCUSDT
2020-01-12 14:50:00,8133.47,8147.77,8132.4,8145.77,97.552142,1578840899999.0,794111.83388503,1033.0,69.095057,562430.40260558,0.0,BTCUSDT
2020-01-12 14:55:00,8147.04,8152.5,8137.17,8137.17,120.159745,1578841199999.0,978640.33090031,1081.0,48.12549,391948.95924097,0.0,BTCUSDT
2020-01-12 15:00:00,8137.64,8162.39,8137.28,8157.54,135.439961,1578841499999.0,1104298.59514779,1301.0,71.258998,580955.86238804,0.0,BTCUSDT
2020-01-12 15:05:00,8157.11,8162.8,8152.81,8155.91,112.743626,1578841799999.0,919597.47110421,1133.0,53.844781,439201.23895786,0.0,BTCUSDT
2020-01-12 15:10:00,8155.54,8159.99,8148.76,8159.51,69.76037,1578842099999.0,568901.52360152,823.0,42.53922,346927.10919268,0.0,BTCUSDT
2020-01-12 15:15:00,8159.5,8159.5,8145.0,8155.88,103.227529,1578842399999.0,841332.19991703,1314.0,41.184351,335645.31531869,0.0,BTCUSDT
2020-01-12 15:20:00,8155.18,8163.0,8148.87,8156.98,107.586406,1578842699999.0,877523.36709409,1272.0,54.179306,441875.65894055,0.0,BTCUSDT
2020-01-12 15:25:00,8156.88,8170.0,8156.12,8167.97,104.256882,1578842999999.0,851002.8960332,1232.0,65.951871,538386.06662945,0.0,BTCUSDT
2020-01-12 15:30:00,8167.97,8167.97,8156.81,8164.99,86.706977,1578843299999.0,707800.75686153,1073.0,45.657232,372702.50773868,0.0,BTCUSDT
2020-01-12 15:35:00,8165.0,8165.0,8152.64,8158.68,132.623335,1578843599999.0,1081984.75450602,1566.0,53.038387,432708.79433977,0.0,BTCUSDT
2020-01-12 15:40:00,8158.68,8167.47,8155.65,8164.02,73.307953,1578843899999.0,598250.37271406,1055.0,32.324709,263808.43612502,0.0,BTCUSDT
2020-01-12 15:45:00,8164.14,8171.0,8160.13,8160.83,116.791793,1578844199999.0,953672.82743666,1109.0,57.295296,467891.58502671,0.0,BTCUSDT
2020-01-12 15:50:00,8160.77,8167.07,8153.37,8154.64,101.669584,1578844499999.0,829772.76259313,1125.0,38.780092,316521.05004232,0.0,BTCUSDT
2020-01-12 15:55:00,8154.51,8159.54,8150.02,8152.7,88.872847,1578844799999.0,724665.01748178,1047.0,60.600804,494136.56650699,0.0,BTCUSDT
2020-01-12 16:00:00,8152.63,8175.0,8143.94,8165.39,183.429876,1578845099999.0,1496937.21943568,2065.0,98.396923,803173.17658831,0.0,BTCUSDT
2020-01-12 16:05:00,8166.48,8167.74,8143.0,8144.01,195.412858,1578845399999.0,1593167.10565826,1754.0,141.991082,1157548.74542949,0.0,BTCUSDT
2020-01-12 16:10:00,8144.43,8154.94,8143.05,8149.46,78.617509,1578845699999.0,640697.0969576,873.0,44.873173,365698.06725963,0.0,BTCUSDT
2020-01-12 16:15:00,8149.42,8164.0,8147.26,8156.45,158.774143,1578845999999.0,1295126.51994215,1352.0,79.286452,646654.10643999,0.0,BTCUSDT
2020-01-12 16:20:00,8156.73,8164.0,8154.69,8159.17,86.291616,1578846299999.0,704054.94672223,951.0,44.88029,366197.85960461,0.0,BTCUSDT
2020-01-12 16:25:00,8159.17,8162.47,8154.02,8158.7,64.37709,1578846599999.0,525193.9484458,779.0,31.569973,257557.94656055,0.0,BTCUSDT
2020-01-12 16:30:00,8158.79,8160.01,8150.09,8151.4,74.226214,1578846899999.0,605299.14621473,1031.0,42.891578,349781.03659742,0.0,BTCUSDT
2020-01-12 16:35:00,8151.33,8151.38,8138.0,8138.2,129.359631,1578847199999.0,1053528.10515547,1386.0,42.016215,342207.0850185,0.0,BTCUSDT
2020-01-12 16:40:00,8138.26,8143.87,8109.01,8110.47,334.345599,1578847499999.0,2715796.2916516,2747.0,125.429703,1018564.73349564,0.0,BTCUSDT
2020-01-12 16:45:00,8114.35,8134.29,8108.26,8120.73,207.171428,1578847799999.0,1682637.68810488,2069.0,133.674263,1085673.90360851,0.0,BTCUSDT
2020-01-12 16:50:00,8120.73,8125.74,8110.34,8111.06,111.980421,1578848099999.0,909215.31146505,990.0,64.240572,521610.88712648,0.0,BTCUSDT
2020-01-12 16:55:00,8110.34,8110.34,8100.0,8101.98,297.587586,1578848399999.0,2411489.51513759,2261.0,95.36084,772965.83631746,0.0,BTCUSDT
2020-01-12 17:00:00,8101.02,8116.84,8095.0,8104.3,139.029636,1578848699999.0,1126984.38019021,1444.0,69.814176,565973.35310854,0.0,BTCUSDT
2020-01-12 17:05:00,8104.33,8105.08,8087.88,8089.62,256.652688,1578848999999.0,2077218.43212542,2280.0,89.239918,722228.59221237,0.0,BTCUSDT
2020-01-12 17:10:00,8089.62,8120.34,8072.0,8093.5,375.168532,1578849299999.0,3033076.93977962,3761.0,210.943944,1706061.66580426,0.0,BTCUSDT
2020-01-12 17:15:00,8093.54,8161.0,8090.38,8160.6,448.866043,1578849599999.0,3648341.71001982,4599.0,259.702023,2110804.12515553,0.0,BTCUSDT
2020-01-12 17:20:00,8160.62,8197.0,8125.75,8141.02,999.329853,1578849899999.0,8161774.19047628,6471.0,434.564166,3549723.75114062,0.0,BTCUSDT
2020-01-12 17:25:00,8141.19,8167.44,8105.0,8108.54,511.921003,1578850199999.0,4163820.10216259,3313.0,297.347999,2419398.53919029,0.0,BTCUSDT
2020-01-12 17:30:00,8109.8,8122.2,8074.86,8122.02,675.217863,1578850499999.0,5466880.97622629,4591.0,286.886448,2322505.82531926,0.0,BTCUSDT
2020-01-12 17:35:00,8120.17,8135.31,8106.48,8109.12,346.433779,1578850799999.0,2813604.51458374,1958.0,215.928681,1754044.06978177,0.0,BTCUSDT
2020-01-12 17:40:00,8109.12,8128.84,8104.27,8126.07,175.884496,1578851099999.0,1427176.82234948,1247.0,115.867931,940025.02339506,0.0,BTCUSDT
2020-01-12 17:45:00,8126.34,8126.34,8103.16,8104.63,133.50071,1578851399999.0,1083062.17740749,1242.0,76.340842,619378.49194061,0.0,BTCUSDT
2020-01-12 17:50:00,8105.14,8119.43,8104.43,8115.17,110.873093,1578851699999.0,899298.21887986,1132.0,59.752714,484633.93084942,0.0,BTCUSDT
2020-01-12 17:55:00,8114.66,8121.91,8093.96,8101.47,148.743834,1578851999999.0,1206344.27220601,1219.0,69.134693,560736.59898078,0.0,BTCUSDT
2020-01-12 18:00:00,8101.47,8116.33,8098.59,8102.98,200.567602,1578852299999.0,1625747.28810226,1277.0,94.040984,762253.29396032,0.0,BTCUSDT
2020-01-12 18:05:00,8102.97,8109.98,8085.0,8086.19,334.968295,1578852599999.0,2712877.09844858,2240.0,82.198741,665720.73692006,0.0,BTCUSDT
2020-01-12 18:10:00,8085.01,8110.4,8085.0,8107.5,205.514377,1578852899999.0,1664264.13831929,1359.0,119.566031,968232.69191751,0.0,BTCUSDT
2020-01-12 18:15:00,8107.18,8120.0,8107.0,8115.0,212.891692,1578853199999.0,1727758.94143666,1572.0,107.404959,871682.75135365,0.0,BTCUSDT
2020-01-12 18:20:00,8115.0,8129.52,8115.0,8122.43,107.391111,1578853499999.0,872228.54027246,1179.0,51.893811,421480.84155718,0.0,BTCUSDT
2020-01-12 18:25:00,8121.76,8124.7,8111.06,8114.41,111.90186,1578853799999.0,908509.84169833,941.0,73.861766,599662.7464785,0.0,BTCUSDT
2020-01-12 18:30:00,8114.64,8120.0,8108.98,8113.71,142.552763,1578854099999.0,1156415.01390953,798.0,94.682816,768055.23940499,0.0,BTCUSDT
2020-01-12 18:35:00,8114.0,8125.0,8114.0,8124.93,75.342249,1578854399999.0,611719.41098633,651.0,53.406518,433597.96263015,0.0,BTCUSDT
2020-01-12 18:40:00,8124.83,8129.68,8121.73,8125.72,76.32352,1578854699999.0,620137.25263388,744.0,41.883984,340322.77166687,0.0,BTCUSDT
2020-01-12 18:45:00,8126.68,8127.73,8117.18,8123.52,54.008931,1578854999999.0,438723.49516694,579.0,28.946518,235140.30275607,0.0,BTCUSDT
2020-01-12 18:50:00,8122.47,8129.0,8120.7,8124.27,35.94334,1578855299999.0,291998.8691121,505.0,18.172859,147630.42771888,0.0,BTCUSDT
2020-01-12 18:55:00,8124.81,8125.12,8119.01,8119.31,39.579376,1578855599999.0,321468.06660864,553.0,23.349233,189649.21884232,0.0,BTCUSDT
2020-01-12 19:00:00,8119.91,8125.0,8119.32,8123.07,33.745785,1578855899999.0,274114.72737463,528.0,21.400424,173834.40007196,0.0,BTCUSDT
2020-01-12 19:05:00,8123.06,8124.93,8122.15,8124.82,54.823999,1578856199999.0,445364.67024031,573.0,41.424789,336516.25285634,0.0,BTCUSDT
2020-01-12 19:10:00,8124.91,8148.86,8124.88,8145.19,194.565598,1578856499999.0,1583597.56702204,1838.0,87.013266,708174.99393796,0.0,BTCUSDT
2020-01-12 19:15:00,8145.28,8160.42,8144.05,8153.24,339.020638,1578856799999.0,2765128.45201826,1830.0,90.766568,740262.792197,0.0,BTCUSDT
2020-01-12 19:20:00,8153.24,8153.68,8131.12,8133.36,328.224574,1578857099999.0,2674142.07685602,1680.0,38.006884,309509.16195605,0.0,BTCUSDT
2020-01-12 19:25:00,8133.36,8138.26,8123.01,8124.2,117.982546,1578857399999.0,959175.51280396,1013.0,57.731526,469360.83029056,0.0,BTCUSDT
2020-01-12 19:30:00,8124.71,8135.66,8123.66,8131.35,83.554321,1578857699999.0,679380.43166093,801.0,54.587189,443823.92691259,0.0,BTCUSDT
2020-01-12 19:35:00,8131.31,8145.79,8131.31,8143.13,91.389529,1578857999999.0,743946.63394267,796.0,62.172638,506108.00288362,0.0,BTCUSDT
2020-01-12 19:40:00,8143.14,8145.2,8135.17,8136.57,80.464793,1578858299999.0,655006.04452371,691.0,43.146264,351232.3034639,0.0,BTCUSDT
2020-01-12 19:45:00,8135.89,8139.27,8122.22,8133.16,124.1849,1578858599999.0,1009850.53751281,1059.0,68.656644,558289.74575159,0.0,BTCUSDT
2020-01-12 19:50:00,8132.78,8134.0,8122.42,8127.09,63.067002,1578858899999.0,512657.11635276,678.0,27.620867,224526.15670781,0.0,BTCUSDT
2020-01-12 19:55:00,8127.09,8133.0,8121.05,8132.01,61.592425,1578859199999.0,500448.20699014,738.0,35.169983,285762.31614551,0.0,BTCUSDT
2020-01-12 20:00:00,8131.4,8149.94,8128.58,8140.0,133.1927,1578859499999.0,1084307.10777378,1162.0,58.451807,475908.47793,0.0,BTCUSDT
2020-01-12 20:05:00,8140.22,8145.28,8139.38,8141.33,65.898836,1578859799999.0,536522.33392702,599.0,45.865914,373416.83962272,0.0,BTCUSDT
2020-01-12 20:10:00,8141.19,8152.56,8140.15,8146.9,94.706389,1578860099999.0,771458.06146135,689.0,51.379148,418453.87933851,0.0,BTCUSDT
2020-01-12 20:15:00,8146.79,8152.38,8131.33,8135.81,109.185483,1578860399999.0,888813.44597006,977.0,60.560733,492910.19365693,0.0,BTCUSDT
2020-01-12 20:20:00,8135.77,8145.0,8132.5,8144.99,76.141354,1578860699999.0,619571.444928,618.0,29.412397,239358.816294,0.0,BTCUSDT
2020-01-12 20:25:00,8145.0,8148.0,8137.9,8141.27,54.054598,1578860999999.0,440174.09029011,699.0,36.718056,298992.78515343,0.0,BTCUSDT
2020-01-12 20:30:00,8140.87,8145.0,8137.15,8144.41,49.074851,1578861299999.0,399521.92852939,660.0,27.42608,223276.3426614,0.0,BTCUSDT
2020-01-12 20:35:00,8143.01,8145.0,8136.24,8136.72,58.693363,1578861599999.0,477834.4476833,519.0,31.530476,256694.13120726,0.0,BTCUSDT
2020-01-12 20:40:00,8136.66,8137.53,8131.26,8132.18,68.68134,1578861899999.0,558807.10253997,556.0,21.590899,175668.59389397,0.0,BTCUSDT
2020-01-12 20:45:00,8132.29,8144.97,8131.7,8142.21,54.872043,1578862199999.0,446521.48512033,690.0,40.962474,333312.098937,0.0,BTCUSDT
2020-01-12 20:50:00,8142.62,8144.99,8136.2,8137.41,28.45147,1578862499999.0,231611.44732859,512.0,15.725416,128012.75030931,0.0,BTCUSDT
2020-01-12 20:55:00,8137.62,8144.0,8137.02,8138.74,34.635416,1578862799999.0,281941.48472621,538.0,19.76393,160883.58090116,0.0,BTCUSDT
2020-01-12 21:00:00,8138.76,8145.98,8138.76,8142.9,35.004951,1578863099999.0,285039.02327608,514.0,15.24663,124154.76119458,0.0,BTCUSDT
2020-01-12 21:05:00,8142.95,8144.35,8140.5,8142.86,21.090177,1578863399999.0,171720.84685948,407.0,9.766526,79522.0260422,0.0,BTCUSDT
2020-01-12 21:10:00,8142.69,8145.0,8142.18,8143.32,42.474163,1578863699999.0,345892.26971834,577.0,29.035985,236457.54592272,0.0,BTCUSDT
2020-01-12 21:15:00,8143.88,8144.9,8140.85,8142.46,28.881548,1578863999999.0,235172.39404836,404.0,15.580874,126866.30027595,0.0,BTCUSDT
2020-01-12 21:20:00,8142.19,8143.95,8138.68,8141.86,69.944138,1578864299999.0,569441.53196487,573.0,34.851392,283757.68543568,0.0,BTCUSDT
2020-01-12 21:25:00,8142.01,8142.53,8133.01,8135.57,81.503486,1578864599999.0,663198.73601981,767.0,31.762617,258474.54140974,0.0,BTCUSDT
2020-01-12 21:30:00,8136.21,8139.0,8132.23,8135.52,38.968556,1578864899999.0,317083.69238345,537.0,20.657132,168092.40045288,0.0,BTCUSDT
2020-01-12 21:35:00,8137.65,8137.65,8132.51,8133.11,29.598766,1578865199999.0,240754.49900012,434.0,14.668536,119316.24984848,0.0,BTCUSDT
2020-01-12 21:40:00,8132.51,8132.93,8110.31,8122.41,123.142769,1578865499999.0,999987.7951519,1240.0,41.311208,335434.27099163,0.0,BTCUSDT
2020-01-12 21:45:00,8121.81,8128.79,8118.17,8127.33,36.203692,1578865799999.0,294132.59100051,555.0,20.131053,163567.98523565,0.0,BTCUSDT
2020-01-12 21:50:00,8126.74,8128.1,8115.0,8115.24,47.158628,1578866099999.0,382982.46699062,581.0,17.75301,144179.24931003,0.0,BTCUSDT
2020-01-12 21:55:00,8115.25,8117.65,8091.22,8102.32,146.441347,1578866399999.0,1186615.52746357,1563.0,40.249879,326189.19910483,0.0,BTCUSDT
2020-01-12 22:00:00,8102.21,8109.75,8100.44,8108.33,93.558767,1578866699999.0,758395.85521917,1026.0,50.599979,410196.60694739,0.0,BTCUSDT
2020-01-12 22:05:00,8107.81,8110.0,8105.0,8109.87,66.896587,1578866999999.0,542402.91902273,952.0,35.215353,285538.1043187,0.0,BTCUSDT
2020-01-12 22:10:00,8109.96,8132.99,8109.79,8128.69,229.054988,1578867299999.0,1859036.93980329,1328.0,194.356718,1577098.82296998,0.0,BTCUSDT
2020-01-12 22:15:00,8128.64,8135.0,8122.6,8132.93,64.855147,1578867599999.0,527067.85653115,868.0,33.545356,272638.5288596,0.0,BTCUSDT
2020-01-12 22:20:00,8133.79,8133.79,8122.53,8123.22,60.993448,1578867899999.0,495738.91728949,721.0,23.477678,190825.63553557,0.0,BTCUSDT
2020-01-12 22:25:00,8123.97,8133.0,8122.6,8132.47,69.222398,1578868199999.0,562691.74863409,717.0,40.161633,326487.91361052,0.0,BTCUSDT
2020-01-12 22:30:00,8131.82,8142.0,8131.52,8142.0,35.516456,1578868499999.0,289026.44247567,720.0,25.040781,203777.49725269,0.0,BTCUSDT
2020-01-12 22:35:00,8141.99,8142.52,8139.1,8142.52,48.004526,1578868799999.0,390799.42199352,773.0,21.713393,176769.19685062,0.0,BTCUSDT
2020-01-12 22:40:00,8141.74,8155.22,8141.74,8154.38,116.515585,1578869099999.0,949624.66575069,1281.0,66.195874,539527.76171574,0.0,BTCUSDT
2020-01-12 22:45:00,8154.33,8168.78,8150.75,8162.04,155.321965,1578869399999.0,1267231.2355477,1517.0,106.834143,871713.89850518,0.0,BTCUSDT
2020-01-12 22:50:00,8162.83,8165.0,8139.22,8141.5,226.283393,1578869699999.0,1844975.88718466,1306.0,128.179019,1045078.34466315,0.0,BTCUSDT
2020-01-12 22:55:00,8141.46,8159.3,8140.18,8159.3,63.734577,1578869999999.0,519447.05399484,876.0,43.196501,352090.07065813,0.0,BTCUSDT
2020-01-12 23:00:00,8159.91,8170.0,8157.36,8162.38,130.767007,1578870299999.0,1067656.1793433,1311.0,88.532374,722853.27702605,0.0,BTCUSDT
2020-01-12 23:05:00,8162.38,8170.47,8156.54,8158.05,81.393329,1578870599999.0,664411.86062097,839.0,47.38792,386881.61970094,0.0,BTCUSDT
2020-01-12 23:10:00,8157.96,8162.99,8150.08,8151.35,57.408194,1578870899999.0,468296.46385818,672.0,25.225545,205787.88079017,0.0,BTCUSDT
2020-01-12 23:15:00,8151.56,8163.63,8148.0,8157.32,156.582214,1578871199999.0,1277697.9162672,1026.0,44.627604,364075.42588898,0.0,BTCUSDT
2020-01-12 23:20:00,8157.01,8157.12,8135.0,8143.37,137.832257,1578871499999.0,1122547.38074362,1122.0,67.476929,549589.11772231,0.0,BTCUSDT
2020-01-12 23:25:00,8142.88,8164.41,8134.51,8158.76,130.123745,1578871799999.0,1060418.91800091,1203.0,56.330969,459131.17024174,0.0,BTCUSDT
2020-01-12 23:30:00,8158.23,8164.44,8151.85,8159.76,81.138611,1578872099999.0,661839.91635499,927.0,51.911271,423449.43139312,0.0,BTCUSDT
2020-01-12 23:35:00,8159.92,8166.0,8159.91,8161.98,68.567679,1578872399999.0,559728.69590798,979.0,40.360249,329483.56778555,0.0,BTCUSDT
2020-01-12 23:40:00,8163.03,8175.0,8162.29,8171.42,105.726446,1578872699999.0,863829.75907995,1023.0,64.104812,523754.52109126,0.0,BTCUSDT
2020-01-12 23:45:00,8171.42,8178.0,8151.51,8158.42,136.637096,1578872999999.0,1116145.70754425,1264.0,64.802711,529475.74892783,0.0,BTCUSDT
2020-01-12 23:50:00,8159.6,8169.2,8156.79,8167.01,69.325294,1578873299999.0,565898.10734931,801.0,47.938265,391318.98829901,0.0,BTCUSDT
2020-01-12 23:55:00,8167.01,8185.0,8166.58,8184.98,232.210513,1578873599999.0,1899193.33291432,2049.0,142.203635,1163021.76462882,0.0,BTCUSDT
2020-01-13 00:00:00,8184.97,8196.0,8152.48,8154.33,330.562772,1578873899999.0,2704369.0290887,2828.0,166.238991,1360635.98295313,0.0,BTCUSDT
2020-01-13 00:05:00,8154.96,8174.31,8154.45,8166.23,88.177393,1578874199999.0,719910.9269596,1109.0,50.378659,411280.61173899,0.0,BTCUSDT
2020-01-13 00:10:00,8164.94,8185.24,8162.49,8179.02,113.269708,1578874499999.0,925956.52557194,1346.0,68.331917,558582.86262515,0.0,BTCUSDT
2020-01-13 00:15:00,8178.15,8183.6,8168.43,8176.32,108.516997,1578874799999.0,887253.46196607,993.0,81.695592,668008.90110734,0.0,BTCUSDT
2020-01-13 00:20:00,8176.19,8176.19,8146.48,8155.11,165.18817,1578875099999.0,1348523.75622199,1593.0,69.69313,568818.99937288,0.0,BTCUSDT
2020-01-13 00:25:00,8155.11,8168.33,8142.11,8151.9,128.660396,1578875399999.0,1049015.16199204,1605.0,62.086052,506256.12775073,0.0,BTCUSDT
2020-01-13 00:30:00,8151.96,8156.02,8142.49,8148.83,112.055411,1578875699999.0,913157.6948246,1476.0,54.616422,445058.53899632,0.0,BTCUSDT
2020-01-13 00:35:00,8148.82,8172.62,8146.86,8166.68,113.9911,1578875999999.0,929995.57076178,1264.0,62.400398,509063.36849912,0.0,BTCUSDT
2020-01-13 00:40:00,8166.8,8171.28,8160.0,8162.39,62.925544,1578876299999.0,513783.04224685,828.0,36.411115,297290.63456666,0.0,BTCUSDT
2020-01-13 00:45:00,8162.38,8164.19,8148.01,8154.95,85.947705,1578876599999.0,701033.42441143,895.0,37.36216,304813.92276658,0.0,BTCUSDT
2020-01-13 00:50:00,8154.58,8159.56,8153.7,8156.74,97.768737,1578876899999.0,797485.83640371,892.0,30.622754,249778.13962351,0.0,BTCUSDT
2020-01-13 00:55:00,8156.75,8156.75,8145.14,8152.73,125.084741,1578877199999.0,1019576.34734095,888.0,43.486432,354397.94067423,0.0,BTCUSDT
2020-01-13 01:00:00,8152.72,8161.97,8148.01,8161.06,69.894069,1578877499999.0,569909.41081195,846.0,33.657882,274453.64175329,0.0,BTCUSDT
2020-01-13 01:05:00,8161.44,8163.13,8150.85,8156.1,119.020492,1578877799999.0,971094.76987258,607.0,45.453098,370828.05512048,0.0,BTCUSDT
2020-01-13 01:10:00,8155.34,8155.34,8147.78,8149.55,86.525263,1578878099999.0,705180.47633449,713.0,42.197935,343906.98397687,0.0,BTCUSDT
2020-01-13 01:15:00,8149.0,8150.0,8139.24,8140.19,88.252244,1578878399999.0,718800.10600079,966.0,37.384744,304521.16797743,0.0,BTCUSDT
2020-01-13 01:20:00,8139.92,8148.13,8138.0,8145.06,129.576179,1578878699999.0,1055014.47590949,1109.0,102.723839,836362.30714014,0.0,BTCUSDT
2020-01-13 01:25:00,8146.49,8160.0,8145.21,8152.85,95.484317,1578878999999.0,778499.65532316,1034.0,49.440696,403109.92596703,0.0,BTCUSDT
2020-01-13 01:30:00,8153.07,8154.06,8147.09,8148.85,48.08807,1578879299999.0,391926.46375814,498.0,27.192336,221636.48833175,0.0,BTCUSDT
2020-01-13 01:35:00,8148.84,8156.91,8145.61,8155.49,76.089805,1578879599999.0,620252.63702614,700.0,39.910458,325335.40276113,0.0,BTCUSDT
2020-01-13 01:40:00,8155.49,8158.6,8149.9,8150.89,46.901601,1578879899999.0,382448.23117578,608.0,26.127544,213053.39057318,0.0,BTCUSDT
2020-01-13 01:45:00,8151.46,8158.0,8145.3,8148.12,81.242009,1578880199999.0,662428.5818347,863.0,48.581101,396138.45284141,0.0,BTCUSDT
2020-01-13 01:50:00,8148.18,8152.99,8140.03,8151.3,73.537667,1578880499999.0,599028.36227826,736.0,39.442354,321289.00341563,0.0,BTCUSDT
2020-01-13 01:55:00,8151.02,8158.34,8146.76,8155.98,57.201606,1578880799999.0,466324.41738771,658.0,28.199466,229904.57985439,0.0,BTCUSDT
2020-01-13 02:00:00,8155.98,8159.0,8150.31,8158.68,52.476693,1578881099999.0,428013.19242199,712.0,26.171319,213453.90420235,0.0,BTCUSDT
2020-01-13 02:05:00,8158.71,8159.52,8142.43,8142.84,62.982286,1578881399999.0,513355.25845432,556.0,24.378322,198713.3156203,0.0,BTCUSDT
2020-01-13 02:10:00,8142.84,8152.3,8142.19,8146.41,82.335578,1578881699999.0,670891.86383542,685.0,53.292487,434241.02313706,0.0,BTCUSDT
2020-01-13 02:15:00,8146.07,8146.66,8138.11,8143.83,76.9559,1578881999999.0,626610.29645148,688.0,18.86198,153589.30044095,0.0,BTCUSDT
2020-01-13 02:20:00,8143.86,8145.29,8137.0,8137.31,43.988107,1578882299999.0,358090.01797442,606.0,23.05826,187706.40941922,0.0,BTCUSDT
2020-01-13 02:25:00,8138.24,8140.05,8131.81,8133.02,78.919346,1578882599999.0,642077.67944906,879.0,34.732888,282584.11542056,0.0,BTCUSDT
2020-01-13 02:30:00,8133.0,8143.61,8133.0,8135.01,64.068212,1578882899999.0,521311.11818306,859.0,32.466936,264194.08093008,0.0,BTCUSDT
2020-01-13 02:35:00,8135.0,8137.03,8118.76,8126.55,140.238533,1578883199999.0,1139785.40961964,1472.0,61.737236,501741.4652555,0.0,BTCUSDT
2020-01-13 02:40:00,8126.55,8130.99,8124.8,8128.24,72.003359,1578883499999.0,585208.52028481,775.0,50.185615,407883.11388256,0.0,BTCUSDT
2020-01-13 02:45:00,8128.23,8131.28,8122.33,8123.19,58.930663,1578883799999.0,478891.09479496,649.0,39.296461,319341.01967596,0.0,BTCUSDT
2020-01-13 02:50:00,8123.52,8126.97,8113.0,8113.42,117.25394,1578884099999.0,952169.24453212,1207.0,44.568961,361947.00513279,0.0,BTCUSDT
2020-01-13 02:55:00,8113.42,8122.25,8109.7,8113.12,208.566647,1578884399999.0,1692235.7223377,1687.0,123.056779,998396.79536207,0.0,BTCUSDT
2020-01-13 03:00:00,8112.97,8115.38,8097.68,8111.41,253.953955,1578884699999.0,2058420.68400261,2469.0,120.008342,972787.96277681,0.0,BTCUSDT
2020-01-13 03:05:00,8110.79,8120.0,8109.51,8119.99,77.893942,1578884999999.0,632220.7701806,886.0,48.801394,396097.44473423,0.0,BTCUSDT
2020-01-13 03:10:00,8119.99,8124.9,8111.45,8114.44,101.124253,1578885299999.0,821090.00528518,902.0,57.943256,470482.1616044,0.0,BTCUSDT
2020-01-13 03:15:00,8114.46,8116.2,8102.0,8108.04,102.123401,1578885599999.0,828156.61625068,836.0,58.178944,471776.7376012,0.0,BTCUSDT
2020-01-13 03:20:00,8108.04,8110.84,8100.0,8100.57,98.451199,1578885899999.0,797960.42438909,872.0,46.017879,373026.83961354,0.0,BTCUSDT
2020-01-13 03:25:00,8100.57,8100.6,8086.83,8088.0,165.780152,1578886199999.0,1342033.19621154,1498.0,67.769193,548636.70880191,0.0,BTCUSDT
2020-01-13 03:30:00,8087.99,8106.0,8086.39,8099.93,159.54734,1578886499999.0,1291994.83802529,1108.0,80.486684,651778.17198275,0.0,BTCUSDT
2020-01-13 03:35:00,8099.93,8100.54,8090.92,8099.87,125.63791,1578886799999.0,1017114.05909214,1241.0,45.868977,371330.05557004,0.0,BTCUSDT
2020-01-13 03:40:00,8099.77,8110.71,8097.1,8106.29,117.576037,1578887099999.0,952940.36558574,769.0,65.723378,532681.43217574,0.0,BTCUSDT
2020-01-13 03:45:00,8106.29,8116.87,8101.12,8115.76,97.283942,1578887399999.0,788735.28172578,842.0,57.85819,469127.20613848,0.0,BTCUSDT
2020-01-13 03:50:00,8115.76,8121.45,8112.57,8115.0,68.740052,1578887699999.0,557997.8380194,748.0,44.303492,359647.82271931,0.0,BTCUSDT
2020-01-13 03:55:00,8114.99,8117.57,8105.73,8105.77,83.061482,1578887999999.0,673899.57346407,725.0,39.043602,316794.94029736,0.0,BTCUSDT
2020-01-13 04:00:00,8105.73,8105.9,8090.25,8095.04,98.754645,1578888299999.0,799584.34588524,1219.0,37.741467,305542.89230883,0.0,BTCUSDT
2020-01-13 04:05:00,8095.08,8102.5,8095.08,8102.48,87.427959,1578888599999.0,708150.7273075,818.0,37.355409,302567.24449776,0.0,BTCUSDT
2020-01-13 04:10:00,8101.59,8102.48,8096.49,8100.0,261.195536,1578888899999.0,2115673.37917645,1427.0,27.040084,219019.51301646,0.0,BTCUSDT
2020-01-13 04:15:00,8100.0,8101.59,8091.3,8100.05,185.444617,1578889199999.0,1501873.25139581,1100.0,42.167347,341461.54767986,0.0,BTCUSDT
2020-01-13 04:20:00,8100.06,8112.98,8100.0,8112.69,75.612706,1578889499999.0,612812.91074977,782.0,42.201376,342014.40164797,0.0,BTCUSDT
2020-01-13 04:25:00,8112.49,8117.75,8110.28,8115.4,58.415831,1578889799999.0,473997.03151133,684.0,29.367663,238300.59703314,0.0,BTCUSDT
2020-01-13 04:30:00,8115.53,8117.49,8111.49,8115.01,54.549903,1578890099999.0,442649.06863829,683.0,25.750861,208958.07244887,0.0,BTCUSDT
2020-01-13 04:35:00,8115.01,8115.01,8105.0,8109.16,59.904417,1578890399999.0,485812.61177574,535.0,31.172001,252785.76073835,0.0,BTCUSDT
2020-01-13 04:40:00,8109.17,8115.99,8108.38,8115.99,49.06055,1578890699999.0,397915.36069932,551.0,32.416914,262925.52326207,0.0,BTCUSDT
2020-01-13 04:45:00,8115.99,8125.29,8115.99,8123.52,81.639528,1578890999999.0,663030.73547061,705.0,44.039112,357637.77081155,0.0,BTCUSDT
2020-01-13 04:50:00,8123.16,8126.31,8117.9,8117.93,78.015418,1578891299999.0,633670.26378864,844.0,36.787247,298813.89178551,0.0,BTCUSDT
2020-01-13 04:55:00,8118.8,8120.65,8113.1,8118.33,44.761611,1578891599999.0,363332.77354457,551.0,17.894788,145263.9135101,0.0,BTCUSDT
2020-01-13 05:00:00,8118.07,8118.07,8108.76,8111.05,57.087678,1578891899999.0,463089.16152768,674.0,30.463442,247115.95737411,0.0,BTCUSDT
2020-01-13 05:05:00,8111.05,8114.56,8105.16,8110.77,48.635529,1578892199999.0,394394.19126049,673.0,24.968178,202474.4924085,0.0,BTCUSDT
2020-01-13 05:10:00,8110.76,8113.71,8108.13,8112.25,43.313451,1578892499999.0,351323.65766859,608.0,24.904873,202013.75403749,0.0,BTCUSDT
2020-01-13 05:15:00,8112.41,8112.56,8100.01,8101.5,68.3664,1578892799999.0,553979.65920439,696.0,21.539564,174548.02618936,0.0,BTCUSDT
2020-01-13 05:20:00,8101.49,8103.92,8092.7,8096.59,85.338031,1578893099999.0,691075.1362765,1102.0,30.889259,250162.63547494,0.0,BTCUSDT
2020-01-13 05:25:00,8096.6,8101.63,8093.55,8100.99,49.603275,1578893399999.0,401679.24756284,740.0,29.181454,236312.14966216,0.0,BTCUSDT
2020-01-13 05:30:00,8100.99,8107.82,8099.44,8101.66,94.294111,1578893699999.0,764153.02860966,829.0,50.304625,407658.90872384,0.0,BTCUSDT
2020-01-13 05:35:00,8101.41,8101.94,8080.0,8081.98,162.122207,1578893999999.0,1311356.16341173,1340.0,42.536947,344155.53384584,0.0,BTCUSDT
2020-01-13 05:40:00,8082.01,8094.2,8080.0,8093.65,116.56538,1578894299999.0,942173.30130211,1336.0,42.443342,343122.03106097,0.0,BTCUSDT
2020-01-13 05:45:00,8094.08,8096.0,8084.83,8090.6,83.324073,1578894599999.0,674019.36927456,1007.0,40.542133,327939.60853345,0.0,BTCUSDT
2020-01-13 05:50:00,8090.11,8090.72,8077.65,8082.37,105.863061,1578894899999.0,855692.26724131,1045.0,38.527251,311448.11485137,0.0,BTCUSDT
2020-01-13 05:55:00,8082.37,8098.36,8081.95,8096.23,118.736057,1578895199999.0,960746.23795297,1014.0,80.656623,652616.31571361,0.0,BTCUSDT
2020-01-13 06:00:00,8096.18,8115.0,8093.57,8108.0,126.159881,1578895499999.0,1022703.10756568,1158.0,57.10483,462892.14124331,0.0,BTCUSDT
2020-01-13 06:05:00,8108.0,8113.91,8103.5,8108.98,89.158334,1578895799999.0,722944.39672007,660.0,54.768576,444124.80507107,0.0,BTCUSDT
2020-01-13 06:10:00,8108.84,8108.84,8102.55,8107.2,59.471651,1578896099999.0,482044.43932441,607.0,20.676638,167592.75425285,0.0,BTCUSDT
2020-01-13 06:15:00,8105.25,8108.63,8101.18,8104.19,62.603252,1578896399999.0,507358.48441147,681.0,28.741255,232953.00294775,0.0,BTCUSDT
2020-01-13 06:20:00,8104.19,8104.23,8095.67,8098.24,49.939259,1578896699999.0,404488.39711283,644.0,24.670178,199825.96083363,0.0,BTCUSDT
2020-01-13 06:25:00,8098.24,8099.73,8093.61,8094.99,55.885914,1578896999999.0,452511.58396175,584.0,27.682906,224153.61536369,0.0,BTCUSDT
2020-01-13 06:30:00,8095.01,8095.7,8088.0,8089.39,110.551935,1578897299999.0,894532.65782985,935.0,34.872786,282187.19625147,0.0,BTCUSDT
2020-01-13 06:35:00,8089.41,8089.46,8072.19,8075.59,222.901704,1578897599999.0,1801379.26838483,1835.0,67.681432,546983.60553516,0.0,BTCUSDT
2020-01-13 06:40:00,8077.03,8086.52,8073.19,8078.67,261.279698,1578897899999.0,2111755.21931733,1605.0,43.973161,355347.80868015,0.0,BTCUSDT
2020-01-13 06:45:00,8078.72,8085.98,8064.64,8066.95,150.432023,1578898199999.0,1214666.6686115,1394.0,58.096764,469190.33400847,0.0,BTCUSDT
2020-01-13 06:50:00,8066.86,8072.05,8057.59,8060.08,286.875547,1578898499999.0,2313142.37477876,2188.0,87.474523,705432.64569551,0.0,BTCUSDT
2020-01-13 06:55:00,8060.79,8070.0,8060.0,8063.11,126.083283,1578898799999.0,1016808.62059132,1100.0,58.652154,472987.693118,0.0,BTCUSDT
2020-01-13 07:00:00,8063.11,8080.43,8060.0,8077.82,140.461493,1578899099999.0,1133874.45099533,1391.0,69.636101,562101.38784474,0.0,BTCUSDT
2020-01-13 07:05:00,8077.81,8080.41,8069.01,8073.83,179.354366,1578899399999.0,1448186.10949966,1631.0,76.005323,613677.92029032,0.0,BTCUSDT
2020-01-13 07:10:00,8072.94,8087.55,8072.76,8085.56,165.321803,1578899699999.0,1336113.35645915,1364.0,55.274498,446679.79881574,0.0,BTCUSDT
2020-01-13 07:15:00,8084.89,8088.74,8079.0,8080.0,130.774826,1578899999999.0,1057187.30508473,1278.0,49.496945,400094.67973785,0.0,BTCUSDT
2020-01-13 07:20:00,8080.0,8080.1,8072.88,8076.75,246.077758,1578900299999.0,1987866.06737776,1426.0,44.745248,361387.30584433,0.0,BTCUSDT
2020-01-13 07:25:00,8076.53,8094.05,8075.21,8093.48,131.694856,1578900599999.0,1064788.02332601,925.0,81.017617,655181.42789995,0.0,BTCUSDT
2020-01-13 07:30:00,8093.39,8093.39,8081.63,8082.01,89.76743,1578900899999.0,725829.62552793,1042.0,31.525157,254915.82461085,0.0,BTCUSDT
2020-01-13 07:35:00,8081.44,8083.5,8073.19,8073.44,78.071561,1578901199999.0,630645.19856999,777.0,25.527608,206212.98583114,0.0,BTCUSDT
2020-01-13 07:40:00,8074.09,8077.82,8072.0,8076.14,115.647275,1578901499999.0,933761.87363832,815.0,57.174049,461617.65823122,0.0,BTCUSDT
2020-01-13 07:45:00,8076.06,8087.29,8074.44,8083.37,108.800257,1578901799999.0,878984.66458161,906.0,54.824637,442938.69014343,0.0,BTCUSDT
2020-01-13 07:50:00,8083.38,8085.0,8079.0,8080.72,93.501065,1578902099999.0,755688.48692424,878.0,26.071995,210714.70729032,0.0,BTCUSDT
2020-01-13 07:55:00,8081.56,8086.72,8070.47,8075.26,134.948901,1578902399999.0,1090152.17638569,1029.0,40.440911,326733.2995321,0.0,BTCUSDT
2020-01-13 08:00:00,8075.26,8076.59,8065.08,8068.75,114.515163,1578902699999.0,924131.51586016,1299.0,53.704566,433387.03117735,0.0,BTCUSDT
2020-01-13 08:05:00,8068.69,8073.96,8065.0,8073.68,96.886609,1578902999999.0,781826.13405111,930.0,48.043016,387696.13602342,0.0,BTCUSDT
2020-01-13 08:10:00,8073.64,8076.87,8069.01,8070.0,118.778387,1578903299999.0,959081.38751654,856.0,36.984772,298632.17511351,0.0,BTCUSDT
2020-01-13 08:15:00,8070.0,8076.09,8068.02,8074.55,53.163027,1578903599999.0,429177.0939669,648.0,25.207887,203504.25917448,0.0,BTCUSDT
2020-01-13 08:20:00,8074.56,8097.41,8074.38,8097.4,278.844087,1578903899999.0,2255155.22182989,1418.0,222.373697,1798584.6662785,0.0,BTCUSDT
2020-01-13 08:25:00,8097.4,8109.0,8092.62,8102.74,328.004571,1578904199999.0,2657238.12735889,2098.0,149.800812,1213617.9104299,0.0,BTCUSDT
2020-01-13 08:30:00,8102.89,8109.03,8100.0,8109.01,180.103257,1578904499999.0,1459472.19291338,1445.0,69.029633,559395.00784893,0.0,BTCUSDT
2020-01-13 08:35:00,8108.58,8112.0,8100.0,8102.73,178.314517,1578904799999.0,1445364.70387684,1299.0,61.061308,494971.08216167,0.0,BTCUSDT
2020-01-13 08:40:00,8103.29,8113.99,8100.0,8113.99,111.605229,1578905099999.0,904652.59727769,838.0,48.151949,390369.46074364,0.0,BTCUSDT
2020-01-13 08:45:00,8113.56,8120.0,8111.55,8115.35,216.599264,1578905399999.0,1757522.6882083,1482.0,97.637532,792391.14170526,0.0,BTCUSDT
2020-01-13 08:50:00,8115.35,8119.45,8111.56,8112.56,129.244185,1578905699999.0,1048921.01607184,1155.0,61.236205,497003.37686688,0.0,BTCUSDT
2020-01-13 08:55:00,8112.91,8134.6,8111.55,8129.99,168.326682,1578905999999.0,1367449.5937614,1735.0,89.813584,729713.31543044,0.0,BTCUSDT
2020-01-13 09:00:00,8131.03,8132.5,8120.0,8122.24,142.852152,1578906299999.0,1160642.23420362,1198.0,53.814608,437274.55106936,0.0,BTCUSDT
2020-01-13 09:05:00,8122.21,8129.33,8112.47,8112.89,132.381808,1578906599999.0,1075346.56530773,1509.0,66.42288,539679.64438012,0.0,BTCUSDT
2020-01-13 09:10:00,8112.63,8113.41,8105.57,8109.54,146.248208,1578906899999.0,1186185.54351101,1212.0,57.377703,465347.36319724,0.0,BTCUSDT
2020-01-13 09:15:00,8109.46,8112.42,8101.01,8103.43,115.890144,1578907199999.0,939585.38078294,1061.0,52.955268,429391.1915689,0.0,BTCUSDT
2020-01-13 09:20:00,8103.43,8116.35,8101.02,8114.31,128.223217,1578907499999.0,1039740.42139502,1374.0,72.610201,588810.98335912,0.0,BTCUSDT
2020-01-13 09:25:00,8113.7,8119.79,8103.03,8103.03,132.825814,1578907799999.0,1077374.86992952,1261.0,72.99001,592064.35785431,0.0,BTCUSDT
2020-01-13 09:30:00,8103.61,8107.43,8100.0,8106.53,111.51789,1578908099999.0,903702.07162908,1167.0,69.694859,564789.09954836,0.0,BTCUSDT
2020-01-13 09:35:00,8106.53,8109.02,8105.0,8108.9,97.647585,1578908399999.0,791642.35103494,1233.0,51.462162,417209.37868682,0.0,BTCUSDT
2020-01-13 09:40:00,8108.9,8111.64,8096.45,8097.61,119.628017,1578908699999.0,969499.06327635,1058.0,46.047688,373318.35242581,0.0,BTCUSDT
2020-01-13 09:45:00,8097.59,8103.91,8086.01,8100.14,135.883242,1578908999999.0,1099920.19740092,1408.0,72.555846,587349.28178163,0.0,BTCUSDT
2020-01-13 09:50:00,8100.19,8130.36,8093.08,8099.7,211.438012,1578909299999.0,1713282.06376849,1426.0,149.573146,1212161.72066053,0.0,BTCUSDT
2020-01-13 09:55:00,8099.81,8116.0,8099.62,8113.69,112.571795,1578909599999.0,912809.76537225,989.0,55.794549,452364.61064033,0.0,BTCUSDT
2020-01-13 10:00:00,8113.67,8117.95,8107.0,8117.25,134.403282,1578909899999.0,1090263.949168,1071.0,68.278986,553888.39494433,0.0,BTCUSDT
2020-01-13 10:05:00,8117.25,8119.08,8105.44,8105.78,88.151611,1578910199999.0,715129.27601994,776.0,33.30254,270192.19141877,0.0,BTCUSDT
2020-01-13 10:10:00,8105.96,8118.38,8105.67,8117.67,160.037818,1578910499999.0,1298610.45955966,1017.0,80.543383,653605.04523072,0.0,BTCUSDT
2020-01-13 10:15:00,8117.11,8118.88,8112.69,8113.44,103.363842,1578910799999.0,838950.05966318,940.0,66.273854,537914.46492147,0.0,BTCUSDT
2020-01-13 10:20:00,8113.62,8122.49,8108.51,8113.62,168.772646,1578911099999.0,1369796.0433101,1105.0,108.860779,883486.30750507,0.0,BTCUSDT
2020-01-13 10:25:00,8113.62,8117.07,8106.35,8108.01,108.02832,1578911399999.0,876156.33740245,1053.0,55.629935,451229.46747726,0.0,BTCUSDT
2020-01-13 10:30:00,8108.0,8119.25,8106.82,8113.7,127.043625,1578911699999.0,1030772.0944961,934.0,87.820415,712524.98254586,0.0,BTCUSDT
2020-01-13 10:35:00,8113.47,8114.77,8108.45,8111.11,49.437969,1578911999999.0,401024.3103719,661.0,31.439538,255029.19663562,0.0,BTCUSDT
2020-01-13 10:40:00,8112.28,8115.57,8108.53,8112.71,133.392022,1578912299999.0,1082127.75829591,636.0,74.582778,605010.41733293,0.0,BTCUSDT
2020-01-13 10:45:00,8112.71,8118.99,8112.7,8112.75,55.520342,1578912599999.0,450520.52147203,613.0,31.669362,256965.92799595,0.0,BTCUSDT
2020-01-13 10:50:00,8112.75,8114.66,8093.08,8109.85,265.962485,1578912899999.0,2155446.87486544,1992.0,118.670468,961731.18153012,0.0,BTCUSDT
2020-01-13 10:55:00,8109.85,8129.0,8109.84,8125.69,165.638019,1578913199999.0,1345061.37551416,1497.0,99.841436,810693.13423241,0.0,BTCUSDT
2020-01-13 11:00:00,8125.66,8131.56,8119.17,8129.75,152.771553,1578913499999.0,1241341.09079348,1194.0,71.472718,580815.27072353,0.0,BTCUSDT
2020-01-13 11:05:00,8127.18,8128.73,8117.02,8118.36,110.224901,1578913799999.0,895226.48051935,1000.0,57.838069,469743.22017888,0.0,BTCUSDT
2020-01-13 11:10:00,8118.36,8123.87,8110.95,8115.05,131.854654,1578914099999.0,1070404.17005749,1038.0,89.651641,727841.144464,0.0,BTCUSDT
2020-01-13 11:15:00,8115.49,8123.08,8114.67,8116.71,65.622446,1578914399999.0,532778.82440647,821.0,33.359712,270841.23272077,0.0,BTCUSDT
2020-01-13 11:20:00,8116.36,8120.32,8112.2,8118.23,106.745655,1578914699999.0,866439.8214192,1026.0,42.142937,342092.75352811,0.0,BTCUSDT
2020-01-13 11:25:00,8118.22,8121.59,8113.01,8113.83,62.266172,1578914999999.0,505452.73597158,741.0,29.881692,242584.40691063,0.0,BTCUSDT
2020-01-13 11:30:00,8113.83,8115.37,8102.26,8102.73,91.738269,1578915299999.0,744003.6268208,870.0,29.929515,242754.70774413,0.0,BTCUSDT
2020-01-13 11:35:00,8102.64,8109.42,8100.0,8104.0,76.534369,1578915599999.0,620276.51186123,907.0,37.645685,305118.92663256,0.0,BTCUSDT
2020-01-13 11:40:00,8104.28,8110.0,8100.0,8100.7,120.791295,1578915899999.0,979095.937659,998.0,63.292513,513088.66198518,0.0,BTCUSDT
2020-01-13 11:45:00,8100.0,8104.99,8095.01,8101.94,101.770049,1578916199999.0,824348.06355653,1238.0,50.546739,409447.98122148,0.0,BTCUSDT
2020-01-13 11:50:00,8102.09,8111.99,8101.02,8107.57,71.284926,1578916499999.0,577900.31169574,842.0,40.383352,327367.2792968,0.0,BTCUSDT
2020-01-13 11:55:00,8107.58,8111.9,8075.0,8075.01,372.612301,1578916799999.0,3015384.17933913,1850.0,173.729749,1406039.65521277,0.0,BTCUSDT
2020-01-13 12:00:00,8076.86,8083.9,8065.0,8074.5,430.259868,1578917099999.0,3473670.11606523,2285.0,126.637497,1022621.6912453,0.0,BTCUSDT
2020-01-13 12:05:00,8073.7,8085.37,8069.36,8072.48,142.999061,1578917399999.0,1154794.99731609,1301.0,64.396493,520060.70916196,0.0,BTCUSDT
2020-01-13 12:10:00,8072.48,8080.0,8066.0,8066.0,115.200768,1578917699999.0,930103.02194377,1169.0,50.665911,409146.15864803,0.0,BTCUSDT
2020-01-13 12:15:00,8065.09,8088.73,8055.89,8086.73,297.351389,1578917999999.0,2399396.12657767,2002.0,134.852095,1088561.56563206,0.0,BTCUSDT
2020-01-13 12:20:00,8086.54,8090.93,8079.49,8084.0,151.852161,1578918299999.0,1227672.88815517,1177.0,65.931797,533000.70046825,0.0,BTCUSDT
2020-01-13 12:25:00,8083.44,8086.38,8080.98,8084.94,82.856659,1578918599999.0,669764.81892325,660.0,45.780422,370067.18069104,0.0,BTCUSDT
2020-01-13 12:30:00,8084.94,8093.01,8079.24,8092.21,95.899049,1578918899999.0,775349.27495697,837.0,64.820531,524107.32026777,0.0,BTCUSDT
2020-01-13 12:35:00,8092.1,8095.85,8085.45,8085.87,144.053513,1578919199999.0,1165612.42600542,881.0,60.78861,491826.25764225,0.0,BTCUSDT
2020-01-13 12:40:00,8085.87,8093.83,8082.05,8091.9,99.760775,1578919499999.0,806645.83922177,859.0,42.226851,341447.33297127,0.0,BTCUSDT
2020-01-13 12:45:00,8092.62,8095.02,8084.51,8086.97,94.85248,1578919799999.0,767220.66119322,882.0,48.382119,391334.5422346,0.0,BTCUSDT
2020-01-13 12:50:00,8087.29,8088.99,8080.73,8082.92,86.390997,1578920099999.0,698414.79607846,773.0,36.46905,294827.25238841,0.0,BTCUSDT
2020-01-13 12:55:00,8083.22,8096.11,8079.35,8092.85,82.267091,1578920399999.0,665276.75979482,935.0,35.537323,287339.94828543,0.0,BTCUSDT
2020-01-13 13:00:00,8093.16,8096.97,8086.31,8096.03,90.531134,1578920699999.0,732737.02299923,797.0,42.927552,347443.44453641,0.0,BTCUSDT
2020-01-13 13:05:00,8096.0,8098.18,8089.85,8096.18,79.433999,1578920999999.0,642986.97993667,800.0,38.084827,308296.57325359,0.0,BTCUSDT
2020-01-13 13:10:00,8096.19,8107.67,8094.52,8105.61,150.155829,1578921299999.0,1216196.90929021,1229.0,81.848394,662938.91145015,0.0,BTCUSDT
2020-01-13 13:15:00,8106.84,8114.48,8101.14,8110.42,110.057518,1578921599999.0,892241.86554775,1220.0,40.926226,331793.77701522,0.0,BTCUSDT
2020-01-13 13:20:00,8110.32,8110.58,8100.42,8103.18,71.188126,1578921899999.0,576987.60040689,806.0,24.974888,202428.89174568,0.0,BTCUSDT
2020-01-13 13:25:00,8103.18,8109.92,8100.61,8103.89,74.638191,1578922199999.0,604934.93178391,863.0,29.668644,240449.78809689,0.0,BTCUSDT
2020-01-13 13:30:00,8103.9,8107.33,8094.5,8099.97,72.143846,1578922499999.0,584446.12194093,887.0,28.336403,229552.92880093,0.0,BTCUSDT
2020-01-13 13:35:00,8099.28,8099.28,8087.25,8091.0,82.410695,1578922799999.0,666908.93722185,929.0,35.69788,288894.1630051,0.0,BTCUSDT
2020-01-13 13:40:00,8091.06,8091.34,8086.12,8087.83,68.183009,1578923099999.0,551494.57918656,874.0,28.47932,230351.00912236,0.0,BTCUSDT
2020-01-13 13:45:00,8087.86,8089.79,8083.93,8084.37,124.505093,1578923399999.0,1006854.83666154,961.0,42.840821,346467.23906029,0.0,BTCUSDT
2020-01-13 13:50:00,8084.7,8087.93,8077.64,8078.41,103.035788,1578923699999.0,832723.28290551,984.0,43.849538,354353.21974106,0.0,BTCUSDT
2020-01-13 13:55:00,8079.27,8087.65,8078.57,8086.78,102.681423,1578923999999.0,830007.54505567,1064.0,59.836808,483674.64133755,0.0,BTCUSDT
2020-01-13 14:00:00,8087.24,8094.77,8081.77,8094.76,125.495218,1578924299999.0,1015138.97068494,1219.0,85.833054,694327.82423519,0.0,BTCUSDT
2020-01-13 14:05:00,8094.21,8094.77,8087.93,8091.58,79.330135,1578924599999.0,641864.40731343,895.0,37.127499,300420.03315224,0.0,BTCUSDT
2020-01-13 14:10:00,8091.58,8095.0,8088.0,8088.01,84.128092,1578924899999.0,680787.87600602,714.0,30.981563,250713.92732589,0.0,BTCUSDT
2020-01-13 14:15:00,8088.01,8092.71,8077.17,8078.91,76.796235,1578925199999.0,620886.96542803,756.0,32.740148,264716.39427546,0.0,BTCUSDT
2020-01-13 14:20:00,8078.99,8084.52,8078.01,8080.0,128.348602,1578925499999.0,1037139.86346503,1097.0,68.981871,557402.14891474,0.0,BTCUSDT
2020-01-13 14:25:00,8080.0,8082.86,8071.56,8076.13,134.390111,1578925799999.0,1085386.78807542,1288.0,65.127293,525978.80423085,0.0,BTCUSDT
2020-01-13 14:30:00,8075.05,8080.88,8073.0,8075.6,74.277764,1578926099999.0,599903.17320178,987.0,30.364972,245242.68494193,0.0,BTCUSDT
2020-01-13 14:35:00,8076.92,8089.88,8075.21,8084.99,89.908595,1578926399999.0,726706.81509823,1202.0,55.221607,446368.52982221,0.0,BTCUSDT
2020-01-13 14:40:00,8084.99,8089.93,8083.46,8089.51,67.203238,1578926699999.0,543457.9541807,802.0,47.811676,386644.25678785,0.0,BTCUSDT
2020-01-13 14:45:00,8089.93,8090.0,8078.59,8089.98,114.107164,1578926999999.0,922418.55714608,1067.0,48.44868,391628.25155676,0.0,BTCUSDT
2020-01-13 14:50:00,8089.38,8096.76,8088.69,8091.5,75.852116,1578927299999.0,613863.2375201,900.0,44.314784,358644.434086,0.0,BTCUSDT
2020-01-13 14:55:00,8091.5,8091.5,8086.26,8090.0,92.223928,1578927599999.0,746067.20806616,738.0,33.072519,267551.53392277,0.0,BTCUSDT
2020-01-13 15:00:00,8090.0,8103.18,8088.45,8096.27,147.090447,1578927899999.0,1191069.82610859,1168.0,91.956137,744615.38183688,0.0,BTCUSDT
2020-01-13 15:05:00,8096.33,8099.63,8092.82,8092.99,88.977107,1578928199999.0,720290.8046222,756.0,35.711075,289085.59541788,0.0,BTCUSDT
2020-01-13 15:10:00,8092.99,8097.13,8087.59,8088.12,49.126269,1578928499999.0,397552.02305767,711.0,20.26965,164039.76063242,0.0,BTCUSDT
2020-01-13 15:15:00,8087.03,8088.29,8073.0,8081.86,122.533922,1578928799999.0,990015.14340507,1304.0,44.149418,356692.79298119,0.0,BTCUSDT
2020-01-13 15:20:00,8080.85,8084.83,8076.26,8077.01,55.865416,1578929099999.0,451421.80209332,658.0,24.498716,197961.45696562,0.0,BTCUSDT
2020-01-13 15:25:00,8077.0,8082.0,8074.48,8081.68,55.949765,1578929399999.0,452018.46631705,786.0,37.729873,304830.16319021,0.0,BTCUSDT
2020-01-13 15:30:00,8082.0,8088.94,8080.55,8085.64,71.694581,1578929699999.0,579653.21083176,795.0,34.422114,278292.02347127,0.0,BTCUSDT
2020-01-13 15:35:00,8084.23,8089.17,8084.23,8087.61,73.623628,1578929999999.0,595402.4720173,617.0,44.748101,361882.92542537,0.0,BTCUSDT
2020-01-13 15:40:00,8087.61,8089.97,8080.17,8084.46,65.73159,1578930299999.0,531471.61623831,626.0,22.69801,183505.64169439,0.0,BTCUSDT
2020-01-13 15:45:00,8085.12,8085.25,8074.52,8080.5,78.998803,1578930599999.0,638275.03447333,775.0,33.731973,272535.25914989,0.0,BTCUSDT
2020-01-13 15:50:00,8079.97,8083.46,8078.38,8082.86,66.64374,1578930899999.0,538516.84784408,838.0,33.552292,271134.7440455,0.0,BTCUSDT
2020-01-13 15:55:00,8082.86,8085.4,8080.71,8084.89,50.379873,1578931199999.0,407238.54828341,788.0,33.189303,268285.68088509,0.0,BTCUSDT
2020-01-13 16:00:00,8085.07,8089.4,8077.22,8078.23,84.875074,1578931499999.0,686221.59640088,779.0,39.918239,322750.58118592,0.0,BTCUSDT
2020-01-13 16:05:00,8077.74,8079.98,8071.12,8078.85,100.264191,1578931799999.0,809656.44165949,1039.0,44.227563,357198.15391998,0.0,BTCUSDT
2020-01-13 16:10:00,8079.4,8102.52,8078.5,8097.26,237.522963,1578932099999.0,1922387.03198995,1650.0,133.310495,1079045.02708686,0.0,BTCUSDT
2020-01-13 16:15:00,8098.03,8107.0,8090.92,8093.62,140.908271,1578932399999.0,1141330.66064763,1201.0,84.592545,685192.76967737,0.0,BTCUSDT
2020-01-13 16:20:00,8093.69,8098.9,8083.65,8098.0,77.221328,1578932699999.0,624904.1178824,930.0,40.572524,328361.28339192,0.0,BTCUSDT
2020-01-13 16:25:00,8097.75,8098.0,8085.27,8086.95,52.877403,1578932999999.0,427881.39976031,714.0,25.744285,208323.22448376,0.0,BTCUSDT
2020-01-13 16:30:00,8086.36,8096.06,8086.36,8095.33,53.814631,1578933299999.0,435417.54189937,700.0,26.384683,213486.00437972,0.0,BTCUSDT
2020-01-13 16:35:00,8096.27,8100.0,8092.86,8097.48,75.463607,1578933599999.0,611040.25336759,790.0,30.463525,246679.4995257,0.0,BTCUSDT
2020-01-13 16:40:00,8097.63,8099.28,8090.15,8093.35,65.900795,1578933899999.0,533457.47536687,850.0,30.811092,249424.28000575,0.0,BTCUSDT
2020-01-13 16:45:00,8093.49,8094.5,8090.17,8093.65,41.736785,1578934199999.0,337748.62519121,533.0,23.258312,188215.15882561,0.0,BTCUSDT
2020-01-13 16:50:00,8093.65,8103.54,8090.17,8099.17,74.681732,1578934499999.0,604729.90661794,889.0,42.560287,344647.31122311,0.0,BTCUSDT
2020-01-13 16:55:00,8099.52,8110.0,8097.66,8109.96,134.085053,1578934799999.0,1086924.6038701,1229.0,68.418767,554607.7839175,0.0,BTCUSDT
2020-01-13 17:00:00,8109.38,8118.58,8101.54,8109.96,245.722278,1578935099999.0,1992939.68074032,1732.0,164.543649,1334603.66272718,0.0,BTCUSDT
2020-01-13 17:05:00,8109.37,8118.0,8106.95,8115.07,75.122741,1578935399999.0,609460.04174675,978.0,42.733374,346691.12465712,0.0,BTCUSDT
2020-01-13 17:10:00,8115.52,8128.0,8113.48,8127.99,183.338064,1578935699999.0,1489032.85085724,2004.0,100.913037,819640.54528422,0.0,BTCUSDT
2020-01-13 17:15:00,8128.0,8129.45,8115.32,8116.43,144.797973,1578935999999.0,1176401.68261351,1497.0,59.097835,480161.40262849,0.0,BTCUSDT
2020-01-13 17:20:00,8116.43,8117.67,8096.01,8098.73,201.065816,1578936299999.0,1629847.23554812,1649.0,83.54951,677349.41896686,0.0,BTCUSDT
2020-01-13 17:25:00,8098.83,8115.72,8098.83,8114.0,93.917009,1578936599999.0,761268.60006198,818.0,65.119026,527816.74031391,0.0,BTCUSDT
2020-01-13 17:30:00,8114.71,8119.1,8105.22,8108.32,85.433452,1578936899999.0,693024.72454084,1052.0,33.610592,272635.62916327,0.0,BTCUSDT
2020-01-13 17:35:00,8108.32,8114.0,8101.18,8105.89,93.350716,1578937199999.0,756876.69478994,911.0,44.725203,362612.73694944,0.0,BTCUSDT
2020-01-13 17:40:00,8106.29,8110.24,8098.0,8098.82,100.856893,1578937499999.0,817301.56665059,893.0,47.877688,387967.76066288,0.0,BTCUSDT
2020-01-13 17:45:00,8098.83,8103.0,8091.0,8091.0,81.629312,1578937799999.0,660845.74897271,992.0,38.580056,312331.39376008,0.0,BTCUSDT
2020-01-13 17:50:00,8091.01,8100.76,8090.5,8093.44,92.352717,1578938099999.0,747508.76642815,917.0,34.628756,280323.53594836,0.0,BTCUSDT
2020-01-13 17:55:00,8093.44,8098.51,8090.93,8098.22,45.664784,1578938399999.0,369636.48853677,629.0,27.010848,218657.58029421,0.0,BTCUSDT
2020-01-13 18:00:00,8098.21,8098.22,8088.0,8091.18,122.893483,1578938699999.0,994404.21918433,1144.0,53.96042,436671.50776065,0.0,BTCUSDT
2020-01-13 18:05:00,8091.18,8100.0,8090.01,8099.99,65.883047,1578938999999.0,533379.13623157,655.0,34.970304,283098.25056734,0.0,BTCUSDT
2020-01-13 18:10:00,8099.99,8104.0,8099.13,8099.13,49.25407,1578939299999.0,399023.04800652,693.0,25.200767,204161.00412686,0.0,BTCUSDT
2020-01-13 18:15:00,8099.39,8106.77,8099.13,8103.27,48.677318,1578939599999.0,394396.61505108,753.0,24.337056,197195.47174298,0.0,BTCUSDT
2020-01-13 18:20:00,8103.29,8105.0,8097.19,8098.31,38.487626,1578939899999.0,311803.4442055,602.0,18.304827,148300.66651987,0.0,BTCUSDT
2020-01-13 18:25:00,8098.31,8098.31,8090.0,8095.36,65.450946,1578940199999.0,529786.77968542,676.0,27.562408,223091.09986549,0.0,BTCUSDT
2020-01-13 18:30:00,8095.74,8097.51,8090.23,8090.79,47.688946,1578940499999.0,386034.00999251,603.0,20.454753,165585.88449091,0.0,BTCUSDT
2020-01-13 18:35:00,8090.84,8095.51,8090.84,8091.8,40.287859,1578940799999.0,326044.00707607,585.0,17.765636,143772.64824195,0.0,BTCUSDT
2020-01-13 18:40:00,8091.81,8101.17,8091.12,8096.05,58.438035,1578941099999.0,473177.66687748,702.0,34.117788,276256.39925483,0.0,BTCUSDT
2020-01-13 18:45:00,8096.99,8104.0,8096.99,8102.2,40.509277,1578941399999.0,328186.33947768,639.0,27.667839,224152.08304046,0.0,BTCUSDT
2020-01-13 18:50:00,8101.73,8106.99,8101.73,8106.49,31.299729,1578941699999.0,253680.92592416,528.0,20.222371,163897.29213061,0.0,BTCUSDT
2020-01-13 18:55:00,8106.49,8109.71,8103.88,8107.93,43.030804,1578941999999.0,348811.5277907,650.0,14.151859,114718.85251793,0.0,BTCUSDT
2020-01-13 19:00:00,8107.92,8113.95,8106.27,8108.0,83.040765,1578942299999.0,673390.83018334,854.0,50.489614,409448.56039168,0.0,BTCUSDT
2020-01-13 19:05:00,8108.0,8108.63,8103.88,8104.87,86.704049,1578942599999.0,702846.87794733,1080.0,32.064995,259926.16869512,0.0,BTCUSDT
2020-01-13 19:10:00,8104.87,8112.0,8103.17,8110.14,53.211589,1578942899999.0,431355.84098321,681.0,23.268482,188641.66566217,0.0,BTCUSDT
2020-01-13 19:15:00,8110.16,8117.0,8110.0,8114.05,63.800664,1578943199999.0,517654.04118887,749.0,28.68227,232718.49613452,0.0,BTCUSDT
2020-01-13 19:20:00,8112.96,8114.36,8107.19,8107.94,101.859848,1578943499999.0,826175.91890429,1061.0,34.331585,278463.68022543,0.0,BTCUSDT
2020-01-13 19:25:00,8107.91,8117.0,8107.91,8116.53,52.744833,1578943799999.0,427953.98853488,575.0,36.094931,292866.89772277,0.0,BTCUSDT
2020-01-13 19:30:00,8116.53,8121.84,8114.57,8118.92,95.489616,1578944099999.0,775235.61014729,960.0,47.539236,385967.80419155,0.0,BTCUSDT
2020-01-13 19:35:00,8118.98,8121.83,8117.67,8119.04,116.503275,1578944399999.0,945954.67115799,756.0,33.90119,275265.26539482,0.0,BTCUSDT
2020-01-13 19:40:00,8119.0,8121.44,8115.59,8116.73,68.405636,1578944699999.0,555359.71823067,760.0,29.592519,240261.89383866,0.0,BTCUSDT
2020-01-13 19:45:00,8117.38,8117.97,8105.15,8111.2,76.273924,1578944999999.0,618741.71448184,982.0,28.487211,231092.97673714,0.0,BTCUSDT
2020-01-13 19:50:00,8110.51,8113.92,8104.01,8106.76,47.877238,1578945299999.0,388264.20788484,600.0,22.446678,182028.49597569,0.0,BTCUSDT
2020-01-13 19:55:00,8106.93,8113.66,8106.0,8111.83,72.868771,1578945599999.0,590940.41125541,761.0,45.965288,372763.68475319,0.0,BTCUSDT
2020-01-13 20:00:00,8111.83,8114.08,8104.93,8111.18,65.754206,1578945899999.0,533197.27560269,748.0,37.819356,306694.00091436,0.0,BTCUSDT
2020-01-13 20:05:00,8110.81,8114.08,8108.05,8112.26,44.74612,1578946199999.0,362963.98188387,559.0,19.596424,158959.06359478,0.0,BTCUSDT
2020-01-13 20:10:00,8112.88,8116.65,8112.0,8115.99,61.738659,1578946499999.0,500929.47327284,714.0,30.452461,247084.1319658,0.0,BTCUSDT
2020-01-13 20:15:00,8115.85,8124.84,8114.45,8120.49,168.581151,1578946799999.0,1368612.83712877,1113.0,135.216175,1097709.24002689,0.0,BTCUSDT
2020-01-13 20:20:00,8120.49,8122.01,8116.17,8118.36,65.832176,1578947099999.0,534547.44105251,711.0,37.717407,306262.5308091,0.0,BTCUSDT
2020-01-13 20:25:00,8118.36,8120.0,8118.0,8119.37,38.738168,1578947399999.0,314537.03235239,527.0,30.435775,247126.95430054,0.0,BTCUSDT
2020-01-13 20:30:00,8118.73,8122.0,8116.0,8122.0,102.258582,1578947699999.0,830400.90756231,853.0,86.32466,701020.69516487,0.0,BTCUSDT
2020-01-13 20:35:00,8122.0,8136.64,8119.2,8133.8,209.296422,1578947999999.0,1701324.97963274,1734.0,154.074227,1252393.35696974,0.0,BTCUSDT
2020-01-13 20:40:00,8134.65,8149.0,8134.08,8138.55,275.102982,1578948299999.0,2239926.31790462,2428.0,173.742294,1414677.3540803,0.0,BTCUSDT
2020-01-13 20:45:00,8138.63,8160.0,8138.63,8159.94,252.512671,1578948599999.0,2057911.43160426,2325.0,179.899328,1466257.41350918,0.0,BTCUSDT
2020-01-13 20:50:00,8158.48,8159.89,8129.38,8137.59,182.980093,1578948899999.0,1489955.33970595,1949.0,95.074941,774136.34755476,0.0,BTCUSDT
2020-01-13 20:55:00,8138.57,8157.08,8133.03,8156.84,159.85746,1578949199999.0,1302005.51726886,1682.0,79.191499,645076.22495099,0.0,BTCUSDT
2020-01-13 21:00:00,8155.79,8158.88,8140.0,8150.99,176.425111,1578949499999.0,1438054.02159721,1459.0,80.326155,654768.19785739,0.0,BTCUSDT
2020-01-13 21:05:00,8151.0,8155.0,8138.4,8140.81,132.205568,1578949799999.0,1077132.27830763,1241.0,53.871911,438962.4325646,0.0,BTCUSDT
2020-01-13 21:10:00,8140.81,8149.98,8140.0,8144.31,107.344417,1578950099999.0,874436.66911643,1095.0,60.44735,492423.61312511,0.0,BTCUSDT
2020-01-13 21:15:00,8144.33,8149.98,8132.0,8134.17,126.57449,1578950399999.0,1030898.89711248,1044.0,61.853994,503784.85677568,0.0,BTCUSDT
2020-01-13 21:20:00,8134.17,8146.32,8133.43,8141.08,76.583147,1578950699999.0,623383.35940317,804.0,48.268331,392905.6898072,0.0,BTCUSDT
2020-01-13 21:25:00,8142.04,8142.53,8135.0,8138.33,71.211069,1578950999999.0,579572.54311089,665.0,38.222221,311067.36250691,0.0,BTCUSDT
2020-01-13 21:30:00,8138.32,8138.32,8126.54,8131.34,112.08781,1578951299999.0,911356.33013901,942.0,53.852977,437876.62808111,0.0,BTCUSDT
2020-01-13 21:35:00,8131.6,8133.44,8119.66,8126.77,107.747873,1578951599999.0,875558.14761904,986.0,45.446123,369288.30157378,0.0,BTCUSDT
2020-01-13 21:40:00,8126.77,8128.66,8123.72,8126.79,50.092417,1578951899999.0,407067.48357706,714.0,32.239382,261992.15327715,0.0,BTCUSDT
2020-01-13 21:45:00,8126.14,8137.66,8125.22,8136.06,77.18989,1578952199999.0,627655.51718296,936.0,45.220685,367696.37791468,0.0,BTCUSDT
2020-01-13 21:50:00,8135.0,8142.94,8132.02,8141.5,75.023738,1578952499999.0,610626.67861499,859.0,46.900026,381738.76088412,0.0,BTCUSDT
2020-01-13 21:55:00,8141.13,8141.47,8132.3,8136.0,48.15458,1578952799999.0,391813.59742256,603.0,24.70678,201038.65609666,0.0,BTCUSDT
2020-01-13 22:00:00,8136.0,8141.01,8135.18,8137.95,59.384913,1578953099999.0,483241.61449293,710.0,31.89123,259513.08708493,0.0,BTCUSDT
2020-01-13 22:05:00,8137.96,8138.99,8123.68,8125.45,204.882249,1578953399999.0,1666201.05310476,934.0,149.817185,1218393.92966957,0.0,BTCUSDT
2020-01-13 22:10:00,8126.35,8128.43,8119.0,8120.0,312.36962,1578953699999.0,2536622.90453561,1551.0,260.375709,2114323.06556134,0.0,BTCUSDT
2020-01-13 22:15:00,8120.0,8120.0,8110.65,8115.27,138.698247,1578953999999.0,1125982.01916168,1109.0,85.311212,692633.36087104,0.0,BTCUSDT
2020-01-13 22:20:00,8115.26,8118.3,8101.0,8117.32,207.138356,1578954299999.0,1679666.98663733,1775.0,86.097854,698266.81262982,0.0,BTCUSDT
2020-01-13 22:25:00,8117.01,8118.03,8109.18,8109.93,63.535286,1578954599999.0,515485.33379168,636.0,31.124145,252532.71924412,0.0,BTCUSDT
2020-01-13 22:30:00,8109.93,8122.5,8109.54,8122.5,61.026877,1578954899999.0,495306.3985618,823.0,43.320196,351603.38697816,0.0,BTCUSDT
2020-01-13 22:35:00,8122.45,8125.5,8121.32,8122.26,64.280325,1578955199999.0,522205.81284776,741.0,34.594139,281034.73554951,0.0,BTCUSDT
2020-01-13 22:40:00,8122.2,8125.2,8119.18,8123.0,56.592721,1578955499999.0,459677.46932341,591.0,30.686037,249263.12933665,0.0,BTCUSDT
2020-01-13 22:45:00,8123.0,8123.85,8111.03,8116.41,83.19637,1578955799999.0,675319.2017244,1109.0,38.020596,308608.58384223,0.0,BTCUSDT
2020-01-13 22:50:00,8117.16,8117.37,8101.0,8111.57,130.668616,1578956099999.0,1059452.20331665,1413.0,45.09436,365638.89587597,0.0,BTCUSDT
2020-01-13 22:55:00,8112.42,8119.99,8111.71,8116.72,57.975496,1578956399999.0,470538.21935601,683.0,39.800596,323040.32888592,0.0,BTCUSDT
2020-01-13 23:00:00,8116.72,8123.23,8115.09,8123.23,44.849683,1578956699999.0,364149.72440072,616.0,29.260138,237581.20816692,0.0,BTCUSDT
2020-01-13 23:05:00,8123.03,8133.7,8123.03,8133.5,52.269139,1578956999999.0,424853.18448495,684.0,25.471705,207035.95607233,0.0,BTCUSDT
2020-01-13 23:10:00,8132.72,8137.94,8126.52,8126.52,72.124711,1578957299999.0,586555.53640102,834.0,29.47763,239734.02794704,0.0,BTCUSDT
2020-01-13 23:15:00,8129.71,8132.1,8123.27,8128.37,94.347824,1578957599999.0,766745.33685119,847.0,54.734892,444846.93599119,0.0,BTCUSDT
2020-01-13 23:20:00,8127.63,8129.0,8120.98,8123.54,45.527758,1578957899999.0,369880.22462013,597.0,17.829661,144865.01191926,0.0,BTCUSDT
2020-01-13 23:25:00,8123.51,8130.05,8120.0,8120.54,82.301115,1578958199999.0,668640.63836252,734.0,35.698252,290013.64127775,0.0,BTCUSDT
2020-01-13 23:30:00,8121.11,8130.14,8119.16,8120.89,43.561169,1578958499999.0,353899.99054621,620.0,22.348195,181546.33018895,0.0,BTCUSDT
2020-01-13 23:35:00,8120.93,8122.52,8116.0,8116.34,54.496257,1578958799999.0,442412.84199456,740.0,21.477171,174358.16266565,0.0,BTCUSDT
2020-01-13 23:40:00,8117.67,8125.0,8117.03,8119.03,53.624408,1578959099999.0,435497.46593043,581.0,34.524438,280384.92932231,0.0,BTCUSDT
2020-01-13 23:45:00,8119.0,8122.6,8115.8,8121.42,40.060918,1578959399999.0,325285.69232127,568.0,18.171386,147553.29541656,0.0,BTCUSDT
2020-01-13 23:50:00,8121.61,8122.84,8115.35,8117.02,82.467124,1578959699999.0,669606.5753862,804.0,40.568525,329398.77151471,0.0,BTCUSDT
2020-01-13 23:55:00,8117.2,8120.13,8101.76,8110.34,108.55556,1578959999999.0,880434.14579751,1205.0,38.151942,309383.99396311,0.0,BTCUSDT
2020-01-14 00:00:00,8110.34,8124.29,8105.54,8124.25,123.425411,1578960299999.0,1001565.55362663,1181.0,68.971589,559720.28333492,0.0,BTCUSDT
2020-01-14 00:05:00,8124.25,8126.65,8118.1,8118.53,81.956765,1578960599999.0,665596.29523805,963.0,25.585692,207812.31226209,0.0,BTCUSDT
2020-01-14 00:10:00,8118.27,8126.0,8118.14,8126.0,30.564359,1578960899999.0,248243.22832845,523.0,20.179489,163902.00250515,0.0,BTCUSDT
2020-01-14 00:15:00,8125.34,8139.0,8125.34,8132.61,116.427236,1578961199999.0,946789.40114787,1521.0,60.255058,489941.87415689,0.0,BTCUSDT
2020-01-14 00:20:00,8131.89,8135.0,8128.68,8134.4,65.422703,1578961499999.0,532050.21677394,741.0,37.135364,301998.65524892,0.0,BTCUSDT
2020-01-14 00:25:00,8133.87,8155.0,8133.87,8145.37,345.101763,1578961799999.0,2811899.54075604,1926.0,94.851654,772689.64993828,0.0,BTCUSDT
2020-01-14 00:30:00,8145.47,8175.32,8144.75,8168.45,334.571198,1578962099999.0,2731252.22620961,3093.0,202.558241,1653551.94313879,0.0,BTCUSDT
2020-01-14 00:35:00,8168.53,8210.0,8162.6,8199.24,630.350566,1578962399999.0,5162198.60552555,4464.0,441.902671,3619135.4834026,0.0,BTCUSDT
2020-01-14 00:40:00,8196.64,8257.0,8194.6,8235.0,1230.134824,1578962699999.0,10129088.63153902,8342.0,706.325897,5816197.01452841,0.0,BTCUSDT
2020-01-14 00:45:00,8233.52,8315.0,8233.52,8301.02,1388.588032,1578962999999.0,11497550.34474409,8855.0,881.113103,7295196.9535288,0.0,BTCUSDT
2020-01-14 00:50:00,8300.15,8315.0,8268.2,8284.62,931.001958,1578963299999.0,7710758.21748099,5002.0,440.315404,3646875.90645992,0.0,BTCUSDT
2020-01-14 00:55:00,8284.47,8284.47,8239.32,8270.0,557.655334,1578963599999.0,4606962.15814943,3533.0,282.145025,2331075.08515847,0.0,BTCUSDT
2020-01-14 01:00:00,8270.01,8339.0,8268.57,8332.13,1367.600314,1578963899999.0,11353442.63264733,7595.0,816.538569,6778340.22983077,0.0,BTCUSDT
2020-01-14 01:05:00,8333.92,8386.87,8330.0,8380.64,1394.411575,1578964199999.0,11660580.55860492,10008.0,840.560001,7028333.75462822,0.0,BTCUSDT
2020-01-14 01:10:00,8380.64,8382.0,8320.49,8352.44,677.281943,1578964499999.0,5655309.8418374,5178.0,293.703004,2453027.26003426,0.0,BTCUSDT
2020-01-14 01:15:00,8355.4,8378.95,8343.63,8345.93,551.813442,1578964799999.0,4613849.78851962,3922.0,285.8627,2390578.02170106,0.0,BTCUSDT
2020-01-14 01:20:00,8345.38,8362.27,8323.53,8361.93,406.016459,1578965099999.0,3387078.47934871,3152.0,222.484449,1856081.92498439,0.0,BTCUSDT
2020-01-14 01:25:00,8361.94,8365.0,8337.41,8340.44,364.556274,1578965399999.0,3044688.57730502,2384.0,192.443013,1607513.66086104,0.0,BTCUSDT
2020-01-14 01:30:00,8338.83,8376.96,8338.58,8367.81,440.072916,1578965699999.0,3679890.60189394,3065.0,265.18408,2217621.60658177,0.0,BTCUSDT
2020-01-14 01:35:00,8367.47,8452.0,8363.9,8411.17,2500.455526,1578965999999.0,21038083.52942514,13128.0,1681.933037,14151641.33473611,0.0,BTCUSDT
2020-01-14 01:40:00,8410.91,8452.0,8405.0,8447.26,971.479766,1578966299999.0,8187910.31867978,5521.0,470.829154,3967432.24829882,0.0,BTCUSDT
2020-01-14 01:45:00,8449.39,8488.11,8410.04,8422.29,1003.518544,1578966599999.0,8477853.0667395,7832.0,492.625474,4163845.95536143,0.0,BTCUSDT
2020-01-14 01:50:00,8422.29,8449.95,8406.21,8412.31,494.925698,1578966899999.0,4171711.95670715,3286.0,241.687478,2037364.5370341,0.0,BTCUSDT
2020-01-14 01:55:00,8410.81,8435.49,8407.97,8431.83,303.759772,1578967199999.0,2558317.03037233,2700.0,149.424427,1258541.83289342,0.0,BTCUSDT
2020-01-14 02:00:00,8431.83,8432.19,8375.53,8403.28,1121.503164,1578967499999.0,9417625.25972075,5177.0,612.026253,5136875.7967926,0.0,BTCUSDT
2020-01-14 02:05:00,8403.24,8422.91,8393.76,8422.16,327.783863,1578967799999.0,2755090.22130336,2691.0,167.249326,1405712.07416903,0.0,BTCUSDT
2020-01-14 02:10:00,8422.92,8430.0,8402.02,8407.72,266.856977,1578968099999.0,2245422.06180404,2391.0,140.702746,1183868.84175052,0.0,BTCUSDT
2020-01-14 02:15:00,8407.73,8408.83,8375.0,8375.88,549.135376,1578968399999.0,4606456.57874837,2888.0,203.934397,1711036.76948957,0.0,BTCUSDT
2020-01-14 02:20:00,8376.4,8400.0,8375.0,8392.48,398.086557,1578968699999.0,3338526.59309583,2881.0,238.490893,2000103.30648314,0.0,BTCUSDT
2020-01-14 02:25:00,8393.0,8399.87,8385.0,8389.0,230.992426,1578968999999.0,1938534.56282871,1856.0,99.937829,838728.65703548,0.0,BTCUSDT
2020-01-14 02:30:00,8389.1,8394.95,8383.45,8394.31,206.677892,1578969299999.0,1733962.74501619,1506.0,128.62543,1079163.41339124,0.0,BTCUSDT
2020-01-14 02:35:00,8394.25,8425.0,8393.75,8412.58,337.729063,1578969599999.0,2840950.88889567,2352.0,203.530322,1711989.404459,0.0,BTCUSDT
2020-01-14 02:40:00,8412.16,8423.32,8410.49,8416.15,256.387622,1578969899999.0,2158031.50022642,1767.0,104.292688,877880.37443585,0.0,BTCUSDT
2020-01-14 02:45:00,8416.15,8419.14,8401.34,8402.48,329.083793,1578970199999.0,2769192.16898215,1919.0,103.932281,874465.99588188,0.0,BTCUSDT
2020-01-14 02:50:00,8402.48,8424.96,8400.04,8420.58,281.313168,1578970499999.0,2366113.76832336,2138.0,169.018516,1421650.4897854,0.0,BTCUSDT
2020-01-14 02:55:00,8420.7,8434.33,8415.0,8431.14,290.206527,1578970799999.0,2445235.71680188,2330.0,160.207788,1350001.58980165,0.0,BTCUSDT
2020-01-14 03:00:00,8431.17,8433.98,8392.22,8399.87,392.019431,1578971099999.0,3296786.85731541,2270.0,125.752472,1058016.35940115,0.0,BTCUSDT
2020-01-14 03:05:00,8398.67,8405.62,8390.0,8391.17,271.916525,1578971399999.0,2283330.2272956,1468.0,158.223125,1328599.04952992,0.0,BTCUSDT
2020-01-14 03:10:00,8390.46,8403.05,8390.17,8393.49,310.685908,1578971699999.0,2608594.66986476,1647.0,258.711058,2172187.39723089,0.0,BTCUSDT
2020-01-14 03:15:00,8392.89,8407.99,8385.0,8407.28,254.549353,1578971999999.0,2137077.24159786,1527.0,93.677322,786496.65060242,0.0,BTCUSDT
2020-01-14 03:20:00,8407.18,8409.63,8390.0,8390.36,212.040578,1578972299999.0,1780472.701318,1365.0,91.574329,768912.01248452,0.0,BTCUSDT
2020-01-14 03:25:00,8390.5,8391.62,8378.0,8384.24,268.539578,1578972599999.0,2251081.59907676,1471.0,108.788246,911981.08647897,0.0,BTCUSDT
2020-01-14 03:30:00,8384.31,8404.04,8383.45,8400.78,202.859006,1578972899999.0,1702944.7882024,1472.0,86.116088,723004.33269881,0.0,BTCUSDT
2020-01-14 03:35:00,8400.59,8419.0,8398.0,8412.98,212.674063,1578973199999.0,1788549.89493975,1760.0,130.31741,1095905.06685762,0.0,BTCUSDT
2020-01-14 03:40:00,8411.14,8412.79,8396.0,8406.95,236.626643,1578973499999.0,1988719.90401166,1460.0,72.64329,610468.67404338,0.0,BTCUSDT
2020-01-14 03:45:00,8407.27,8428.5,8406.51,8428.5,329.870361,1578973799999.0,2776530.91505551,2254.0,178.325509,1501237.76095867,0.0,BTCUSDT
2020-01-14 03:50:00,8428.5,8463.99,8424.17,8456.39,694.924156,1578974099999.0,5867952.52398811,4485.0,357.536791,3019439.59103623,0.0,BTCUSDT
2020-01-14 03:55:00,8454.65,8473.18,8450.05,8461.84,538.200589,1578974399999.0,4554753.6021137,3571.0,305.114676,2582414.89450823,0.0,BTCUSDT
2020-01-14 04:00:00,8461.83,8571.81,8461.83,8518.16,2384.836502,1578974699999.0,20304688.80237467,13657.0,1529.468798,13020307.85562607,0.0,BTCUSDT
2020-01-14 04:05:00,8515.79,8551.54,8495.19,8519.9,981.911973,1578974999999.0,8367422.26582441,6344.0,407.562505,3474461.3306573,0.0,BTCUSDT
2020-01-14 04:10:00,8519.6,8553.74,8512.0,8541.59,464.725269,1578975299999.0,3966420.36875806,3358.0,264.654416,2258676.3568736,0.0,BTCUSDT
2020-01-14 04:15:00,8543.0,8569.69,8515.0,8519.0,694.965446,1578975599999.0,5938723.67260019,4556.0,372.483187,3183345.58654892,0.0,BTCUSDT
2020-01-14 04:20:00,8519.33,8535.0,8508.77,8528.3,371.073272,1578975899999.0,3163101.39504952,2875.0,159.909274,1363290.96032858,0.0,BTCUSDT
2020-01-14 04:25:00,8529.48,8539.0,8510.83,8527.98,340.561975,1578976199999.0,2903376.7271645,2433.0,186.829575,1593012.02127486,0.0,BTCUSDT
2020-01-14 04:30:00,8526.88,8549.0,8525.25,8537.22,406.357354,1578976499999.0,3468359.77225799,3026.0,212.863488,1816951.60353091,0.0,BTCUSDT
2020-01-14 04:35:00,8537.0,8546.86,8517.59,8520.17,290.220259,1578976799999.0,2475835.11601202,2142.0,142.294339,1213866.33129865,0.0,BTCUSDT
2020-01-14 04:40:00,8520.18,8546.85,8518.06,8540.56,241.585864,1578977099999.0,2061168.27111791,1963.0,128.819259,1098973.70972815,0.0,BTCUSDT
2020-01-14 04:45:00,8541.43,8573.0,8530.0,8558.73,523.653643,1578977399999.0,4480150.62889481,3808.0,289.148861,2474181.7802984,0.0,BTCUSDT
2020-01-14 04:50:00,8559.12,8560.0,8532.17,8538.54,266.209884,1578977699999.0,2275165.26095669,2711.0,112.239076,959282.10537018,0.0,BTCUSDT
2020-01-14 04:55:00,8540.31,8540.31,8522.58,8524.0,190.762243,1578977999999.0,1626980.42680222,2491.0,80.441228,686044.64953362,0.0,BTCUSDT
2020-01-14 05:00:00,8523.92,8537.37,8512.51,8522.67,344.276023,1578978299999.0,2934668.62511858,3161.0,166.831847,1422250.95834911,0.0,BTCUSDT
2020-01-14 05:05:00,8521.22,8525.54,8509.29,8519.63,282.36149,1578978599999.0,2404888.94284014,2196.0,134.870668,1148784.07772762,0.0,BTCUSDT
2020-01-14 05:10:00,8519.77,8538.37,8518.01,8534.53,182.783654,1578978899999.0,1559302.08902991,2458.0,92.127949,785885.40290849,0.0,BTCUSDT
2020-01-14 05:15:00,8534.53,8543.29,8528.28,8531.33,168.924479,1578979199999.0,1441826.56862838,2293.0,99.981324,853434.27728476,0.0,BTCUSDT
2020-01-14 05:20:00,8531.33,8536.6,8524.01,8524.43,175.639048,1578979499999.0,1498301.09796597,2034.0,97.672261,833242.9659352,0.0,BTCUSDT
2020-01-14 05:25:00,8524.0,8529.47,8513.03,8517.54,201.908034,1578979799999.0,1719920.22127647,2137.0,91.345016,778149.35234845,0.0,BTCUSDT
2020-01-14 05:30:00,8517.62,8527.2,8515.39,8525.5,147.120266,1578980099999.0,1253721.75990645,1986.0,83.695798,713212.52235975,0.0,BTCUSDT
2020-01-14 05:35:00,8524.25,8530.6,8515.0,8515.01,201.496398,1578980399999.0,1717318.30632364,1742.0,74.078915,631387.57715636,0.0,BTCUSDT
2020-01-14 05:40:00,8515.01,8520.55,8508.0,8510.66,291.731193,1578980699999.0,2483922.69639568,1571.0,154.709576,1317213.23710535,0.0,BTCUSDT
2020-01-14 05:45:00,8510.52,8523.89,8509.55,8512.89,186.958208,1578980999999.0,1592220.00138445,1588.0,103.564591,881998.63259831,0.0,BTCUSDT
2020-01-14 05:50:00,8512.89,8517.22,8480.0,8494.64,653.736322,1578981299999.0,5555838.50721099,3420.0,316.403762,2689853.74764558,0.0,BTCUSDT
2020-01-14 05:55:00,8493.99,8495.08,8453.35,8477.37,539.619312,1578981599999.0,4571610.24572907,4002.0,307.402294,2604432.90235639,0.0,BTCUSDT
2020-01-14 06:00:00,8477.48,8490.0,8465.29,8467.48,372.603206,1578981899999.0,3158913.95371161,2181.0,203.234676,1722734.80488838,0.0,BTCUSDT
2020-01-14 06:05:00,8467.48,8489.14,8466.31,8483.83,186.929147,1578982199999.0,1584705.88999752,2077.0,104.053537,881982.98754028,0.0,BTCUSDT
2020-01-14 06:10:00,8483.81,8499.9,8483.59,8491.97,236.918205,1578982499999.0,2012062.70930401,1893.0,105.05116,892147.28069172,0.0,BTCUSDT
2020-01-14 06:15:00,8491.97,8494.05,8478.0,8485.38,157.029034,1578982799999.0,1332455.4953268,1325.0,77.560343,658175.75696155,0.0,BTCUSDT
2020-01-14 06:20:00,8485.21,8489.26,8478.2,8488.92,125.544696,1578983099999.0,1065181.5020873,1269.0,54.354875,461212.08505344,0.0,BTCUSDT
2020-01-14 06:25:00,8488.98,8489.0,8480.31,8485.14,120.201458,1578983399999.0,1019971.59051848,1063.0,55.782418,473335.95175021,0.0,BTCUSDT
2020-01-14 06:30:00,8484.18,8508.24,8484.16,8507.38,197.563904,1578983699999.0,1679038.24753617,1654.0,129.578858,1101311.64995698,0.0,BTCUSDT
2020-01-14 06:35:00,8507.38,8512.26,8491.93,8500.0,381.94196,1578983999999.0,3249405.57645398,1774.0,296.169141,2519907.09630504,0.0,BTCUSDT
2020-01-14 06:40:00,8500.0,8504.0,8493.62,8499.9,267.26756,1578984299999.0,2271496.79699638,1182.0,110.379983,938033.37340405,0.0,BTCUSDT
2020-01-14 06:45:00,8499.92,8500.61,8485.42,8493.88,162.664858,1578984599999.0,1381565.40634059,1462.0,74.575582,633395.39326986,0.0,BTCUSDT
2020-01-14 06:50:00,8493.88,8495.04,8485.0,8492.41,158.553063,1578984899999.0,1346400.6684669,943.0,89.45944,759641.30980267,0.0,BTCUSDT
2020-01-14 06:55:00,8492.13,8513.32,8489.59,8509.54,271.939486,1578985199999.0,2312331.84629702,1351.0,192.483245,1637198.9669841,0.0,BTCUSDT
2020-01-14 07:00:00,8509.53,8515.57,8498.98,8508.6,146.251366,1578985499999.0,1244567.4442341,1423.0,58.825875,500633.38807991,0.0,BTCUSDT
2020-01-14 07:05:00,8508.8,8523.84,8508.56,8522.54,145.132154,1578985799999.0,1236227.48228957,1608.0,82.13994,699649.94597422,0.0,BTCUSDT
2020-01-14 07:10:00,8523.8,8523.81,8506.05,8506.33,109.603562,1578986099999.0,933249.95869661,1349.0,48.374418,411913.42067994,0.0,BTCUSDT
2020-01-14 07:15:00,8506.33,8509.64,8495.0,8498.86,158.220469,1578986399999.0,1345222.45331931,1525.0,59.62067,506938.84547938,0.0,BTCUSDT
2020-01-14 07:20:00,8498.09,8507.98,8492.26,8506.69,147.07888,1578986699999.0,1250343.82077144,1217.0,80.693177,685986.35418015,0.0,BTCUSDT
2020-01-14 07:25:00,8506.71,8516.09,8506.71,8513.09,86.750847,1578986999999.0,738303.29307248,1129.0,53.924956,458914.87036066,0.0,BTCUSDT
2020-01-14 07:30:00,8513.09,8514.99,8509.59,8513.07,78.038033,1578987299999.0,664236.67228207,874.0,43.019931,366191.4704245,0.0,BTCUSDT
2020-01-14 07:35:00,8514.01,8531.51,8512.14,8529.98,170.060625,1578987599999.0,1449151.05550157,1801.0,108.211926,922177.56685337,0.0,BTCUSDT
2020-01-14 07:40:00,8530.0,8542.43,8525.86,8535.35,458.768531,1578987899999.0,3914784.63783443,2577.0,233.528382,1993085.65861632,0.0,BTCUSDT
2020-01-14 07:45:00,8534.23,8534.98,8510.41,8513.04,391.231952,1578988199999.0,3336091.68886236,2304.0,64.752577,551903.66606008,0.0,BTCUSDT
2020-01-14 07:50:00,8512.36,8531.56,8509.64,8526.87,137.696502,1578988499999.0,1173360.37746618,1230.0,72.687479,619383.10290062,0.0,BTCUSDT
2020-01-14 07:55:00,8526.86,8526.88,8501.04,8509.99,215.046954,1578988799999.0,1830391.152409,1637.0,125.341673,1066636.89249168,0.0,BTCUSDT
2020-01-14 08:00:00,8509.85,8522.26,8506.02,8511.48,132.269193,1578989099999.0,1126039.40528981,1438.0,66.10242,562763.16985936,0.0,BTCUSDT
2020-01-14 08:05:00,8511.39,8516.05,8500.0,8514.94,159.743136,1578989399999.0,1358875.6168888,1348.0,78.481555,667629.24841746,0.0,BTCUSDT
2020-01-14 08:10:00,8515.02,8531.06,8511.21,8524.62,168.334378,1578989699999.0,1434461.40477059,1357.0,73.178217,623597.92057317,0.0,BTCUSDT
2020-01-14 08:15:00,8524.45,8528.94,8513.0,8520.16,152.444091,1578989999999.0,1299114.14011292,1504.0,82.651069,704379.96925655,0.0,BTCUSDT
2020-01-14 08:20:00,8520.18,8522.83,8513.0,8518.45,137.950915,1578990299999.0,1175101.12625044,1236.0,86.942297,740619.31815007,0.0,BTCUSDT
2020-01-14 08:25:00,8520.25,8525.0,8518.82,8523.87,106.577016,1578990599999.0,908225.91833327,1016.0,50.700956,432059.83384481,0.0,BTCUSDT
2020-01-14 08:30:00,8523.88,8530.0,8518.79,8528.74,131.805186,1578990899999.0,1123479.4030638,1258.0,75.807448,646220.17400105,0.0,BTCUSDT
2020-01-14 08:35:00,8528.76,8535.91,8525.0,8531.31,271.343397,1578991199999.0,2314715.13590188,1800.0,86.843425,740848.74102189,0.0,BTCUSDT
2020-01-14 08:40:00,8532.12,8532.12,8511.0,8521.19,160.500523,1578991499999.0,1367584.33282126,1632.0,68.124669,580441.24782914,0.0,BTCUSDT
2020-01-14 08:45:00,8520.71,8521.14,8505.92,8511.22,167.387163,1578991799999.0,1424628.3730561,1535.0,102.677892,873915.49805905,0.0,BTCUSDT
2020-01-14 08:50:00,8511.37,8521.46,8510.1,8516.95,77.281107,1578992099999.0,658109.2000311,1102.0,36.705932,312589.79810901,0.0,BTCUSDT
2020-01-14 08:55:00,8516.86,8517.36,8508.84,8511.79,181.17086,1578992399999.0,1542166.90614034,1593.0,46.738447,397799.39665512,0.0,BTCUSDT
2020-01-14 09:00:00,8511.87,8528.67,8511.87,8528.18,139.091498,1578992699999.0,1184989.12770119,1415.0,64.720954,551429.238328,0.0,BTCUSDT
2020-01-14 09:05:00,8528.04,8529.9,8518.0,8519.74,136.295486,1578992999999.0,1161546.35791103,1376.0,53.272502,454025.29653854,0.0,BTCUSDT
2020-01-14 09:10:00,8521.29,8525.98,8519.32,8524.7,108.644868,1578993299999.0,925787.82451519,1010.0,71.479823,609089.45299953,0.0,BTCUSDT
2020-01-14 09:15:00,8525.59,8544.97,8522.17,8523.66,285.277809,1578993599999.0,2434050.14513413,2205.0,138.791601,1184343.28945825,0.0,BTCUSDT
2020-01-14 09:20:00,8524.67,8532.77,8519.32,8530.82,121.637773,1578993899999.0,1036843.77726524,1573.0,55.146684,470113.74171922,0.0,BTCUSDT
2020-01-14 09:25:00,8530.81,8546.96,8525.5,8545.28,381.532538,1578994199999.0,3258376.58848645,2411.0,115.784389,988745.88034133,0.0,BTCUSDT
2020-01-14 09:30:00,8545.93,8561.0,8527.23,8533.2,545.023835,1578994499999.0,4659172.28991728,3426.0,226.626759,1937675.64607742,0.0,BTCUSDT
2020-01-14 09:35:00,8533.2,8540.11,8530.64,8532.68,149.378414,1578994799999.0,1275061.97279609,1471.0,69.719802,595100.87741372,0.0,BTCUSDT
2020-01-14 09:40:00,8532.55,8537.93,8525.0,8537.0,136.816128,1578995099999.0,1167115.0221108,1441.0,65.210657,556311.04943915,0.0,BTCUSDT
2020-01-14 09:45:00,8535.48,8536.97,8502.49,8512.19,271.380003,1578995399999.0,2310606.15318932,2355.0,94.117313,801265.50881349,0.0,BTCUSDT
2020-01-14 09:50:00,8511.8,8517.99,8482.0,8486.09,665.638014,1578995699999.0,5657740.83401031,3491.0,198.941407,1691383.95447617,0.0,BTCUSDT
2020-01-14 09:55:00,8487.74,8504.99,8485.78,8504.73,331.615558,1578995999999.0,2818073.84236674,2063.0,123.759797,1051308.55923841,0.0,BTCUSDT
2020-01-14 10:00:00,8504.73,8530.0,8482.98,8498.59,553.483342,1578996299999.0,4705261.25934217,2737.0,222.083408,1888362.53290535,0.0,BTCUSDT
2020-01-14 10:05:00,8498.6,8514.32,8489.12,8503.2,280.960678,1578996599999.0,2388177.88723192,1463.0,112.721334,958451.52675507,0.0,BTCUSDT
2020-01-14 10:10:00,8502.34,8510.87,8500.0,8508.56,179.617516,1578996899999.0,1527577.26772404,1207.0,119.08728,1012852.65737149,0.0,BTCUSDT
2020-01-14 10:15:00,8509.64,8509.74,8481.24,8490.33,260.803843,1578997199999.0,2215290.11451824,1814.0,100.841853,856685.30302637,0.0,BTCUSDT
2020-01-14 10:20:00,8489.52,8495.96,8482.0,8490.31,188.131014,1578997499999.0,1596952.91016182,1533.0,110.19777,935398.57917689,0.0,BTCUSDT
2020-01-14 10:25:00,8490.3,8500.31,8487.1,8491.69,126.221994,1578997799999.0,1072219.28072743,1321.0,62.765253,533187.29150359,0.0,BTCUSDT
2020-01-14 10:30:00,8492.07,8494.33,8476.05,8477.13,324.886611,1578998099999.0,2755644.88306565,1568.0,74.263992,630115.82805453,0.0,BTCUSDT
2020-01-14 10:35:00,8477.05,8491.22,8470.0,8479.16,222.903744,1578998399999.0,1889885.95463034,1636.0,130.654341,1107834.23308841,0.0,BTCUSDT
2020-01-14 10:40:00,8479.17,8511.0,8470.0,8510.48,349.40641,1578998699999.0,2964872.01941341,2775.0,159.38165,1353140.69247608,0.0,BTCUSDT
2020-01-14 10:45:00,8509.78,8518.0,8508.0,8513.36,355.841508,1578998999999.0,3028613.42116385,1599.0,95.903144,816398.50972323,0.0,BTCUSDT
2020-01-14 10:50:00,8513.39,8527.95,8512.25,8524.5,157.105581,1578999299999.0,1338663.60580223,1596.0,76.433664,651219.26023057,0.0,BTCUSDT
2020-01-14 10:55:00,8524.35,8524.99,8512.95,8518.12,155.03208,1578999599999.0,1320712.99444729,1348.0,72.297186,615931.30423378,0.0,BTCUSDT
2020-01-14 11:00:00,8518.13,8520.5,8504.6,8517.99,135.233857,1578999899999.0,1151063.09829311,1144.0,49.284306,419561.89937788,0.0,BTCUSDT
2020-01-14 11:05:00,8517.97,8525.0,8514.29,8520.25,139.764669,1579000199999.0,1190844.3327032,1171.0,70.307521,599053.12145596,0.0,BTCUSDT
2020-01-14 11:10:00,8520.0,8524.8,8512.34,8524.03,88.196464,1579000499999.0,751300.58317538,988.0,55.045024,468915.48808626,0.0,BTCUSDT
2020-01-14 11:15:00,8524.05,8530.0,8522.14,8529.99,180.290577,1579000799999.0,1537137.3444991,1741.0,94.630818,806870.12734526,0.0,BTCUSDT
2020-01-14 11:20:00,8530.0,8530.0,8509.98,8516.2,231.586278,1579001099999.0,1973625.68748629,1713.0,116.1785,990047.4450167,0.0,BTCUSDT
2020-01-14 11:25:00,8515.81,8521.4,8508.49,8508.49,125.385235,1579001399999.0,1067884.27739125,1249.0,56.021508,477126.54839597,0.0,BTCUSDT
2020-01-14 11:30:00,8508.48,8522.0,8505.0,8511.1,184.70798,1579001699999.0,1572643.83985912,1437.0,56.647812,482272.68648928,0.0,BTCUSDT
2020-01-14 11:35:00,8511.65,8529.98,8509.02,8527.01,107.513972,1579001999999.0,915855.58961154,1163.0,68.481704,583333.9875144,0.0,BTCUSDT
2020-01-14 11:40:00,8527.05,8530.0,8518.85,8518.86,201.62871,1579002299999.0,1718939.40092805,1835.0,61.995825,528523.25611977,0.0,BTCUSDT
2020-01-14 11:45:00,8518.86,8525.0,8516.56,8518.82,104.615451,1579002599999.0,891447.95559497,1396.0,49.849581,424809.12757247,0.0,BTCUSDT
2020-01-14 11:50:00,8518.77,8521.36,8515.25,8517.8,125.905547,1579002899999.0,1072485.88761727,1273.0,66.113656,563159.45926683,0.0,BTCUSDT
2020-01-14 11:55:00,8517.8,8530.0,8517.8,8526.87,242.127904,1579003199999.0,2064000.40633648,1663.0,85.843674,731655.79825951,0.0,BTCUSDT
2020-01-14 12:00:00,8526.87,8555.0,8523.43,8537.4,1077.814652,1579003499999.0,9199465.78199036,6159.0,871.147777,7434416.11805858,0.0,BTCUSDT
2020-01-14 12:05:00,8536.76,8541.17,8504.0,8516.04,512.199252,1579003799999.0,4363046.57417431,3150.0,171.449,1460499.65256282,0.0,BTCUSDT
2020-01-14 12:10:00,8516.04,8525.22,8515.37,8516.89,193.11286,1579004099999.0,1645227.19160796,1757.0,114.606908,976392.87872747,0.0,BTCUSDT
2020-01-14 12:15:00,8516.89,8524.55,8515.37,8524.01,104.822026,1579004399999.0,892979.57082343,1298.0,48.963138,417113.52429673,0.0,BTCUSDT
2020-01-14 12:20:00,8524.02,8545.86,8522.62,8542.99,220.76581,1579004699999.0,1884858.75476323,2285.0,102.461858,874676.98141024,0.0,BTCUSDT
2020-01-14 12:25:00,8542.98,8550.07,8530.0,8530.9,419.495649,1579004999999.0,3582878.59114249,3296.0,240.660736,2055555.14249962,0.0,BTCUSDT
2020-01-14 12:30:00,8531.76,8610.85,8530.35,8587.06,1305.920831,1579005299999.0,11204479.26736817,7369.0,720.071042,6181038.65553901,0.0,BTCUSDT
2020-01-14 12:35:00,8588.62,8625.37,8505.0,8505.0,1718.867651,1579005599999.0,14720239.03051192,10797.0,624.728369,5356670.01273089,0.0,BTCUSDT
2020-01-14 12:40:00,8506.87,8522.2,8480.0,8501.01,998.622381,1579005899999.0,8486589.32765707,5638.0,417.454631,3548840.84277717,0.0,BTCUSDT
2020-01-14 12:45:00,8501.91,8514.27,8480.0,8504.28,448.044525,1579006199999.0,3805611.28921065,3264.0,192.319135,1633549.85942702,0.0,BTCUSDT
2020-01-14 12:50:00,8506.45,8519.99,8500.0,8512.16,363.786947,1579006499999.0,3096377.44126303,3067.0,201.345374,1713886.52186959,0.0,BTCUSDT
2020-01-14 12:55:00,8512.14,8516.34,8497.5,8499.99,265.33661,1579006799999.0,2256656.31313035,2250.0,155.737257,1324555.87926338,0.0,BTCUSDT
2020-01-14 13:00:00,8498.81,8530.31,8498.73,8525.04,265.12971,1579007099999.0,2258725.14203966,2437.0,108.096933,920734.09298186,0.0,BTCUSDT
2020-01-14 13:05:00,8525.05,8531.18,8508.22,8511.1,263.637497,1579007399999.0,2246449.98410708,2158.0,119.86033,1021193.19986935,0.0,BTCUSDT
2020-01-14 13:10:00,8512.22,8550.63,8511.25,8542.11,359.211803,1579007699999.0,3066791.78165628,3250.0,163.161872,1392926.66035787,0.0,BTCUSDT
2020-01-14 13:15:00,8543.62,8545.03,8521.65,8526.95,367.125558,1579007999999.0,3133332.3169324,2346.0,145.907319,1245065.30503482,0.0,BTCUSDT
2020-01-14 13:20:00,8527.0,8557.96,8521.05,8556.44,241.378828,1579008299999.0,2061641.43416115,2389.0,125.611148,1072737.07133103,0.0,BTCUSDT
2020-01-14 13:25:00,8556.34,8567.74,8532.68,8540.86,348.950681,1579008599999.0,2983053.49514694,3224.0,167.378278,1431082.55454496,0.0,BTCUSDT
2020-01-14 13:30:00,8540.89,8554.97,8530.0,8535.34,395.049632,1579008899999.0,3375683.83676371,2174.0,186.150637,1590569.53930353,0.0,BTCUSDT
2020-01-14 13:35:00,8535.34,8538.31,8526.0,8536.41,217.195342,1579009199999.0,1853343.81295048,1638.0,113.191006,965935.17456201,0.0,BTCUSDT
2020-01-14 13:40:00,8536.41,8552.49,8529.46,8550.67,170.081519,1579009499999.0,1452603.82251927,1641.0,85.903882,733762.96670398,0.0,BTCUSDT
2020-01-14 13:45:00,8551.19,8577.47,8544.15,8563.44,380.253582,1579009799999.0,3254822.69481145,2900.0,174.06991,1489974.60556979,0.0,BTCUSDT
2020-01-14 13:50:00,8563.52,8577.86,8550.75,8558.28,358.70618,1579010099999.0,3071915.88795747,2919.0,145.8778,1249395.88124846,0.0,BTCUSDT
2020-01-14 13:55:00,8558.25,8588.88,8555.22,8587.4,477.069677,1579010399999.0,4091217.23380008,2836.0,346.288476,2970769.92914967,0.0,BTCUSDT
2020-01-14 14:00:00,8588.86,8589.04,8562.0,8569.72,321.855355,1579010699999.0,2760002.19524548,2676.0,143.613491,1231496.52531496,0.0,BTCUSDT
2020-01-14 14:05:00,8568.79,8589.99,8563.53,8586.29,201.257555,1579010999999.0,1725736.21088161,1839.0,104.54548,896404.34833219,0.0,BTCUSDT
2020-01-14 14:10:00,8586.76,8642.7,8571.42,8625.87,1233.5743,1579011299999.0,10616120.72906081,6615.0,932.135547,8021476.11312938,0.0,BTCUSDT
2020-01-14 14:15:00,8625.96,8690.0,8610.0,8653.71,1823.567435,1579011599999.0,15785192.04688683,11534.0,1020.818209,8839446.0599339,0.0,BTCUSDT
2020-01-14 14:20:00,8653.71,8674.84,8636.85,8671.17,707.976077,1579011899999.0,6129185.89487838,4741.0,362.35201,3136854.71982293,0.0,BTCUSDT
2020-01-14 14:25:00,8671.17,8700.0,8658.37,8686.15,1280.35593,1579012199999.0,11117251.73299654,7964.0,792.832592,6885785.47720772,0.0,BTCUSDT
2020-01-14 14:30:00,8684.2,8740.0,8669.86,8712.0,1564.427743,1579012499999.0,13628617.45414843,9824.0,1047.101587,9121706.64392101,0.0,BTCUSDT
2020-01-14 14:35:00,8715.42,8720.9,8669.86,8671.82,1076.62178,1579012799999.0,9356625.74654973,7852.0,402.457212,3498179.80149958,0.0,BTCUSDT
2020-01-14 14:40:00,8671.35,8708.41,8669.48,8704.48,380.876463,1579013099999.0,3309432.01136037,3599.0,183.31819,1592707.72965286,0.0,BTCUSDT
2020-01-14 14:45:00,8704.39,8740.0,8701.44,8707.2,615.140245,1579013399999.0,5363551.81796611,4682.0,339.873161,2963785.9193654,0.0,BTCUSDT
2020-01-14 14:50:00,8706.68,8717.79,8680.23,8716.41,464.257447,1579013699999.0,4037323.74063306,3743.0,226.69756,1971663.19607202,0.0,BTCUSDT
2020-01-14 14:55:00,8716.42,8720.0,8679.91,8690.0,442.839891,1579013999999.0,3852330.86352171,3257.0,188.604814,1640886.75613154,0.0,BTCUSDT
2020-01-14 15:00:00,8689.99,8693.43,8633.0,8648.54,966.519595,1579014299999.0,8367302.31222848,6527.0,483.060283,4182321.35847325,0.0,BTCUSDT
2020-01-14 15:05:00,8648.91,8667.99,8640.08,8660.86,396.397231,1579014599999.0,3432183.39359964,3751.0,217.629009,1884272.83980009,0.0,BTCUSDT
2020-01-14 15:10:00,8661.61,8699.98,8659.84,8695.31,485.441629,1579014899999.0,4214547.67404847,4110.0,271.823348,2359700.67930156,0.0,BTCUSDT
2020-01-14 15:15:00,8696.37,8700.0,8665.0,8678.48,359.882583,1579015199999.0,3123766.00692711,3195.0,187.205071,1625231.58460004,0.0,BTCUSDT
2020-01-14 15:20:00,8677.85,8695.0,8674.85,8685.3,245.612871,1579015499999.0,2133438.9258118,2580.0,140.544884,1220885.73700841,0.0,BTCUSDT
2020-01-14 15:25:00,8685.3,8713.79,8682.17,8708.3,392.542341,1579015799999.0,3413046.87696624,3272.0,268.958298,2338966.69958776,0.0,BTCUSDT
2020-01-14 15:30:00,8708.3,8720.0,8695.0,8720.0,621.527571,1579016099999.0,5413855.22281317,4054.0,360.793619,3143355.10712842,0.0,BTCUSDT
2020-01-14 15:35:00,8719.99,8720.0,8695.02,8707.49,301.225041,1579016399999.0,2622977.02478053,3054.0,148.213969,1290668.0418119,0.0,BTCUSDT
2020-01-14 15:40:00,8708.65,8708.65,8682.0,8693.0,342.622904,1579016699999.0,2977501.09984752,2963.0,167.765389,1458016.44025744,0.0,BTCUSDT
2020-01-14 15:45:00,8693.0,8713.99,8685.99,8706.47,294.496354,1579016999999.0,2562004.31171382,3269.0,185.800913,1616420.78485992,0.0,BTCUSDT
2020-01-14 15:50:00,8706.47,8733.39,8700.3,8714.62,534.043285,1579017299999.0,4655623.64696186,4605.0,334.186942,2913383.91424589,0.0,BTCUSDT
2020-01-14 15:55:00,8714.45,8760.0,8670.0,8675.48,1444.497771,1579017599999.0,12604854.48168275,10434.0,847.519964,7399863.59345901,0.0,BTCUSDT
2020-01-14 16:00:00,8673.18,8696.17,8530.0,8550.12,2842.70673,1579017899999.0,24433389.16643336,18587.0,1016.668358,8745391.57989553,0.0,BTCUSDT
2020-01-14 16:05:00,8552.99,8615.16,8550.65,8610.63,1031.189184,1579018199999.0,8859152.80841397,8560.0,539.483606,4634606.88664852,0.0,BTCUSDT
2020-01-14 16:10:00,8609.99,8639.39,8595.02,8596.26,816.751372,1579018499999.0,7037264.75113019,5093.0,430.870339,3712755.63549517,0.0,BTCUSDT
2020-01-14 16:15:00,8596.26,8607.37,8570.61,8586.95,516.459246,1579018799999.0,4438003.73089133,4760.0,270.920494,2328789.26015962,0.0,BTCUSDT
2020-01-14 16:20:00,8588.55,8588.7,8520.0,8560.18,1216.376173,1579019099999.0,10393247.10400501,8892.0,462.263956,3951373.77431467,0.0,BTCUSDT
2020-01-14 16:25:00,8559.77,8576.35,8547.99,8555.82,500.367705,1579019399999.0,4283554.95566282,4187.0,263.042577,2252147.41802847,0.0,BTCUSDT
2020-01-14 16:30:00,8555.75,8591.43,8525.62,8575.47,556.280889,1579019699999.0,4760497.59074881,5496.0,278.941342,2387553.33915412,0.0,BTCUSDT
2020-01-14 16:35:00,8575.47,8589.54,8559.67,8589.53,322.930439,1579019999999.0,2767919.34206225,2757.0,191.48339,1641121.18082263,0.0,BTCUSDT
2020-01-14 16:40:00,8589.54,8618.63,8586.3,8616.93,837.120429,1579020299999.0,7202685.49813277,5142.0,640.789577,5513747.26322739,0.0,BTCUSDT
2020-01-14 16:45:00,8616.83,8630.0,8600.0,8630.0,392.801747,1579020599999.0,3385467.26409094,3567.0,207.874742,1791955.70528113,0.0,BTCUSDT
2020-01-14 16:50:00,8630.0,8634.99,8612.47,8616.96,395.480838,1579020899999.0,3410718.5245301,3039.0,172.173298,1484943.99727004,0.0,BTCUSDT
2020-01-14 16:55:00,8616.77,8691.8,8606.96,8677.05,796.175438,1579021199999.0,6890001.50237192,6594.0,434.282068,3757666.46699132,0.0,BTCUSDT
2020-01-14 17:00:00,8677.22,8748.41,8674.36,8745.36,1225.489627,1579021499999.0,10671949.77261136,9186.0,791.850478,6897446.70926632,0.0,BTCUSDT
2020-01-14 17:05:00,8748.41,8775.0,8638.88,8703.17,1647.012197,1579021799999.0,14365935.52418949,11335.0,812.347874,7090347.01206214,0.0,BTCUSDT
2020-01-14 17:10:00,8703.3,8754.82,8702.31,8733.29,745.525618,1579022099999.0,6510261.83046157,6767.0,393.620703,3437348.0107386,0.0,BTCUSDT
2020-01-14 17:15:00,8733.29,8756.0,8640.02,8706.65,998.7522,1579022399999.0,8696901.41097199,8452.0,455.012162,3963236.55768707,0.0,BTCUSDT
2020-01-14 17:20:00,8708.0,8719.99,8692.17,8702.14,299.795766,1579022699999.0,2610830.1846459,3362.0,143.287302,1247860.18280533,0.0,BTCUSDT
2020-01-14 17:25:00,8701.8,8734.1,8691.47,8723.74,361.037632,1579022999999.0,3145544.08044251,3802.0,206.288296,1797293.21492634,0.0,BTCUSDT
2020-01-14 17:30:00,8722.11,8739.0,8702.67,8712.07,309.094112,1579023299999.0,2695781.29775569,2998.0,187.231669,1632866.42499743,0.0,BTCUSDT
2020-01-14 17:35:00,8712.18,8736.3,8708.21,8733.1,340.332836,1579023599999.0,2969206.49097027,3287.0,210.326117,1835125.60509484,0.0,BTCUSDT
2020-01-14 17:40:00,8732.08,8796.34,8730.21,8773.11,1154.114006,1579023899999.0,10121588.21994134,8312.0,722.942795,6340964.51348329,0.0,BTCUSDT
2020-01-14 17:45:00,8773.13,8811.82,8769.43,8774.03,1033.656854,1579024199999.0,9087785.12458375,8064.0,597.96566,5258004.4532144,0.0,BTCUSDT
2020-01-14 17:50:00,8774.03,8804.0,8736.62,8800.51,612.032787,1579024499999.0,5368702.94469547,5907.0,322.852415,2832641.65639239,0.0,BTCUSDT
2020-01-14 17:55:00,8801.72,8804.51,8763.05,8773.35,396.693347,1579024799999.0,3482479.03805623,3817.0,210.237078,1845641.2644036,0.0,BTCUSDT
2020-01-14 18:00:00,8771.1,8815.23,8771.1,8801.83,705.540178,1579025099999.0,6206987.18601479,5539.0,410.7403,3613273.34066539,0.0,BTCUSDT
2020-01-14 18:05:00,8803.15,8814.49,8780.08,8810.25,364.860647,1579025399999.0,3210303.38771072,3478.0,193.202328,1700073.49147604,0.0,BTCUSDT
2020-01-14 18:10:00,8810.25,8850.0,8790.0,8837.01,793.778294,1579025699999.0,7009972.55869474,6560.0,453.661246,4006607.14039748,0.0,BTCUSDT
2020-01-14 18:15:00,8837.01,8839.51,8790.0,8817.84,1047.389523,1579025999999.0,9224533.67229202,6035.0,540.480574,4760347.83304844,0.0,BTCUSDT
2020-01-14 18:20:00,8817.84,8822.8,8773.37,8785.59,548.877917,1579026299999.0,4827162.17209091,3807.0,220.90694,1942744.32486215,0.0,BTCUSDT
2020-01-14 18:25:00,8786.91,8814.99,8783.74,8805.99,271.801362,1579026599999.0,2392551.28471954,2545.0,143.517324,1263347.6036478,0.0,BTCUSDT
2020-01-14 18:30:00,8805.9,8835.0,8730.01,8736.81,1090.999155,1579026899999.0,9577407.44013961,7876.0,532.500286,4674206.67427334,0.0,BTCUSDT
2020-01-14 18:35:00,8731.71,8750.0,8608.0,8694.02,2260.054464,1579027199999.0,19667555.10966808,13501.0,1090.39444,9501130.73299609,0.0,BTCUSDT
2020-01-14 18:40:00,8694.02,8739.68,8663.17,8732.08,787.508725,1579027499999.0,6845488.95331855,5967.0,464.178442,4034986.57361828,0.0,BTCUSDT
2020-01-14 18:45:00,8732.08,8738.02,8706.62,8716.36,332.138206,1579027799999.0,2897846.03656415,3063.0,141.029148,1230415.62056828,0.0,BTCUSDT
2020-01-14 18:50:00,8713.47,8729.97,8678.9,8713.29,436.060347,1579028099999.0,3796556.27466063,4133.0,232.28373,2022434.86356191,0.0,BTCUSDT
2020-01-14 18:55:00,8713.23,8777.01,8712.24,8769.35,556.525134,1579028399999.0,4871577.40054352,4079.0,235.444001,2059498.93294206,0.0,BTCUSDT
2020-01-14 19:00:00,8769.07,8770.08,8741.79,8755.99,215.088124,1579028699999.0,1883912.4954821,2240.0,95.468284,836270.93239389,0.0,BTCUSDT
2020-01-14 19:05:00,8755.77,8757.32,8727.91,8750.01,197.871858,1579028999999.0,1730311.51391198,2076.0,98.227804,858978.8976523,0.0,BTCUSDT
2020-01-14 19:10:00,8750.33,8752.54,8712.98,8733.17,247.893144,1579029299999.0,2164512.90664686,2231.0,130.205598,1136828.88503781,0.0,BTCUSDT
2020-01-14 19:15:00,8733.54,8736.65,8697.8,8714.11,252.023252,1579029599999.0,2196283.90675247,2545.0,107.961488,940909.32915043,0.0,BTCUSDT
2020-01-14 19:20:00,8714.14,8718.53,8687.01,8717.63,286.209462,1579029899999.0,2490856.29021214,2936.0,132.365203,1152183.13746185,0.0,BTCUSDT
2020-01-14 19:25:00,8717.79,8729.87,8702.11,8716.62,223.535865,1579030199999.0,1948812.20299772,2304.0,126.772471,1105158.12620927,0.0,BTCUSDT
2020-01-14 19:30:00,8715.73,8735.94,8707.77,8728.19,128.572929,1579030499999.0,1121336.31358537,1697.0,84.01616,732751.99888182,0.0,BTCUSDT
2020-01-14 19:35:00,8730.85,8756.03,8726.19,8752.08,232.691906,1579030799999.0,2034821.42645931,2259.0,127.373058,1113800.94719219,0.0,BTCUSDT
2020-01-14 19:40:00,8752.63,8763.51,8740.54,8761.94,232.538701,1579031099999.0,2035499.4503275,2318.0,139.855829,1224241.47504235,0.0,BTCUSDT
2020-01-14 19:45:00,8761.94,8772.8,8748.77,8754.04,174.132917,1579031399999.0,1525795.89427212,1975.0,104.597295,916597.57640967,0.0,BTCUSDT
2020-01-14 19:50:00,8755.24,8767.57,8732.4,8753.32,151.874471,1579031699999.0,1329072.82879935,1698.0,63.636758,556908.91511992,0.0,BTCUSDT
2020-01-14 19:55:00,8752.9,8767.98,8717.88,8767.56,291.363557,1579031999999.0,2546444.86451114,2580.0,137.862043,1205515.13507026,0.0,BTCUSDT
2020-01-14 20:00:00,8765.51,8766.93,8735.77,8743.03,162.515941,1579032299999.0,1421787.50317167,1926.0,98.896269,865181.71479253,0.0,BTCUSDT
2020-01-14 20:05:00,8743.1,8764.24,8740.35,8752.29,112.139877,1579032599999.0,981822.50927383,1267.0,69.260599,606422.06904349,0.0,BTCUSDT
2020-01-14 20:10:00,8750.1,8750.77,8720.99,8725.62,208.860157,1579032899999.0,1823887.94222603,1797.0,74.060339,646676.75110426,0.0,BTCUSDT
2020-01-14 20:15:00,8724.67,8742.75,8716.75,8722.28,154.737685,1579033199999.0,1350485.0904659,1504.0,80.023461,698381.61963493,0.0,BTCUSDT
2020-01-14 20:20:00,8721.78,8725.88,8695.73,8702.03,368.422513,1579033499999.0,3209309.09515669,2865.0,200.482008,1746292.70352136,0.0,BTCUSDT
2020-01-14 20:25:00,8702.6,8719.82,8694.96,8714.69,140.433648,1579033799999.0,1222568.88348478,1669.0,56.259876,489812.15553055,0.0,BTCUSDT
2020-01-14 20:30:00,8713.67,8717.58,8702.01,8714.17,159.757818,1579034099999.0,1391315.82054999,1425.0,89.655511,780808.37049246,0.0,BTCUSDT
2020-01-14 20:35:00,8713.11,8729.99,8712.0,8726.54,137.658863,1579034399999.0,1200521.33874657,1369.0,75.361537,657208.1017301,0.0,BTCUSDT
2020-01-14 20:40:00,8727.35,8744.09,8726.0,8737.81,179.779003,1579034699999.0,1570658.98670477,1855.0,95.66857,835859.47342953,0.0,BTCUSDT
2020-01-14 20:45:00,8737.93,8740.0,8680.0,8688.19,423.579101,1579034999999.0,3686892.86444767,3279.0,179.565347,1562950.26593276,0.0,BTCUSDT
2020-01-14 20:50:00,8688.14,8698.27,8670.0,8674.94,224.31745,1579035299999.0,1947823.40544256,2035.0,114.150788,991171.75625368,0.0,BTCUSDT
2020-01-14 20:55:00,8674.94,8700.0,8674.92,8688.19,185.356802,1579035599999.0,1610548.96312618,2049.0,102.862109,893750.00277418,0.0,BTCUSDT
2020-01-14 21:00:00,8688.18,8694.72,8678.59,8679.99,115.663857,1579035899999.0,1004675.50945564,1347.0,61.393602,533242.40251714,0.0,BTCUSDT
2020-01-14 21:05:00,8679.94,8703.7,8666.22,8701.45,267.865971,1579036199999.0,2325417.76559075,2993.0,113.445662,985180.31580168,0.0,BTCUSDT
2020-01-14 21:10:00,8702.0,8722.64,8701.71,8711.43,174.973229,1579036499999.0,1524713.98664126,1970.0,89.07863,776229.32562014,0.0,BTCUSDT
2020-01-14 21:15:00,8711.06,8732.22,8709.02,8717.29,185.768142,1579036799999.0,1620315.64036635,2101.0,87.623291,764258.50957823,0.0,BTCUSDT
2020-01-14 21:20:00,8715.55,8720.0,8700.01,8708.13,102.839304,1579037099999.0,895640.90956491,1524.0,53.285579,464096.41520079,0.0,BTCUSDT
2020-01-14 21:25:00,8707.96,8735.0,8705.58,8715.0,158.02229,1579037399999.0,1378702.50940437,1991.0,85.225897,743588.71163204,0.0,BTCUSDT
2020-01-14 21:30:00,8715.0,8726.99,8710.8,8711.59,165.422245,1579037699999.0,1442835.17107714,1497.0,24.378837,212574.68310906,0.0,BTCUSDT
2020-01-14 21:35:00,8712.14,8723.0,8711.74,8718.34,64.73752,1579037999999.0,564366.53906832,932.0,34.408074,299953.32289229,0.0,BTCUSDT
2020-01-14 21:40:00,8717.28,8729.66,8716.24,8728.81,63.8996,1579038299999.0,557551.97867855,1247.0,38.091602,332358.14655986,0.0,BTCUSDT
2020-01-14 21:45:00,8728.09,8733.64,8726.0,8732.2,119.068878,1579038599999.0,1039380.0118032,1211.0,65.817043,574549.85358463,0.0,BTCUSDT
2020-01-14 21:50:00,8731.82,8749.49,8731.82,8749.23,155.679286,1579038899999.0,1361073.62595113,2027.0,84.65501,740131.06426618,0.0,BTCUSDT
2020-01-14 21:55:00,8749.49,8761.49,8726.1,8734.93,237.538547,1579039199999.0,2077509.42633746,2497.0,140.473479,1228916.31943255,0.0,BTCUSDT
2020-01-14 22:00:00,8735.92,8739.78,8726.93,8729.61,98.133947,1579039499999.0,856866.47245098,1464.0,33.280417,290629.00459271,0.0,BTCUSDT
2020-01-14 22:05:00,8729.61,8742.31,8719.11,8738.57,195.133297,1579039799999.0,1702821.30049928,1929.0,148.190957,1293146.55517066,0.0,BTCUSDT
2020-01-14 22:10:00,8737.85,8749.0,8736.46,8748.06,131.828557,1579040099999.0,1152453.44305732,1559.0,96.021455,839424.56848727,0.0,BTCUSDT
2020-01-14 22:15:00,8747.54,8755.63,8738.0,8742.21,106.691692,1579040399999.0,933367.61584212,2105.0,53.128182,464793.53421135,0.0,BTCUSDT
2020-01-14 22:20:00,8742.2,8754.0,8740.12,8749.42,74.08575,1579040699999.0,648141.08991738,1087.0,41.372696,361946.06261365,0.0,BTCUSDT
2020-01-14 22:25:00,8749.42,8769.61,8749.0,8767.14,175.198443,1579040999999.0,1534605.98390894,1936.0,101.69581,890705.27590136,0.0,BTCUSDT
2020-01-14 22:30:00,8767.51,8773.0,8756.78,8772.09,126.573276,1579041299999.0,1109335.93352549,2162.0,70.626093,619067.31430438,0.0,BTCUSDT
2020-01-14 22:35:00,8771.78,8789.79,8770.0,8780.0,212.57379,1579041599999.0,1866177.5394566,2929.0,93.696594,822667.5401964,0.0,BTCUSDT
2020-01-14 22:40:00,8780.0,8780.09,8753.46,8757.61,206.637718,1579041899999.0,1812666.65966123,2394.0,74.367928,652168.86062429,0.0,BTCUSDT
2020-01-14 22:45:00,8757.26,8775.02,8737.67,8766.43,177.425789,1579042199999.0,1553631.23583477,2218.0,88.259288,772945.15254788,0.0,BTCUSDT
2020-01-14 22:50:00,8767.91,8772.11,8749.0,8753.19,144.590424,1579042499999.0,1266922.86055758,2233.0,69.672542,610477.10587351,0.0,BTCUSDT
2020-01-14 22:55:00,8753.19,8766.87,8733.0,8735.87,226.738729,1579042799999.0,1983761.30320401,3046.0,94.796746,829391.49446264,0.0,BTCUSDT
2020-01-14 23:00:00,8736.0,8752.16,8723.07,8728.34,160.344066,1579043099999.0,1401016.46253164,2896.0,84.779557,740879.660169,0.0,BTCUSDT
2020-01-14 23:05:00,8728.49,8741.0,8722.0,8735.14,116.686346,1579043399999.0,1019100.96113423,1921.0,61.865699,540363.24212701,0.0,BTCUSDT
2020-01-14 23:10:00,8736.73,8765.75,8735.24,8764.82,219.391173,1579043699999.0,1921288.68190657,2531.0,155.646516,1363058.73834921,0.0,BTCUSDT
2020-01-14 23:15:00,8764.82,8787.0,8759.46,8785.02,206.68192,1579043999999.0,1813248.12602718,2773.0,123.694601,1085295.93794745,0.0,BTCUSDT
2020-01-14 23:20:00,8786.97,8820.0,8781.73,8795.62,513.689826,1579044299999.0,4521706.55988303,4899.0,260.467878,2292394.08543443,0.0,BTCUSDT
2020-01-14 23:25:00,8794.99,8835.0,8789.0,8834.94,325.777649,1579044599999.0,2870958.43277085,3312.0,219.336942,1932827.0713556,0.0,BTCUSDT
2020-01-14 23:30:00,8834.88,8880.0,8802.29,8868.23,996.110767,1579044899999.0,8818412.01038487,7883.0,625.584976,5538729.08288413,0.0,BTCUSDT
2020-01-14 23:35:00,8870.49,8876.0,8823.91,8838.08,755.409974,1579045199999.0,6689897.65758166,4923.0,249.504303,2210327.0921904,0.0,BTCUSDT
2020-01-14 23:40:00,8838.08,8858.24,8800.65,8813.46,500.63228,1579045499999.0,4421106.95040417,4321.0,188.467016,1664033.56250774,0.0,BTCUSDT
2020-01-14 23:45:00,8813.64,8850.0,8812.01,8836.71,293.130683,1579045799999.0,2588896.23035248,2929.0,151.928539,1341647.15477291,0.0,BTCUSDT
2020-01-14 23:50:00,8836.72,8865.62,8828.49,8852.87,245.68377,1579046099999.0,2174423.07848274,2767.0,125.88737,1114316.62069369,0.0,BTCUSDT
2020-01-14 23:55:00,8851.36,8852.81,8810.01,8810.01,384.593825,1579046399999.0,3397672.89227566,3160.0,149.867601,1324091.18402312,0.0,BTCUSDT
2020-01-15 00:00:00,8814.64,8814.64,8701.0,8734.46,1627.54298,1579046699999.0,14250475.93870127,10154.0,790.651194,6926395.35650116,0.0,BTCUSDT
2020-01-15 00:05:00,8734.47,8788.73,8713.0,8781.08,508.827999,1579046999999.0,4449247.50286751,5219.0,286.256638,2503675.90463518,0.0,BTCUSDT
2020-01-15 00:10:00,8778.61,8883.79,8771.63,8845.54,1271.517117,1579047299999.0,11221066.77296016,7339.0,816.469683,7211565.26465647,0.0,BTCUSDT
2020-01-15 00:15:00,8845.65,8883.23,8826.0,8863.13,569.394012,1579047599999.0,5039860.84580575,5958.0,328.834864,2911377.47559161,0.0,BTCUSDT
2020-01-15 00:20:00,8863.11,8880.0,8843.32,8873.04,521.508924,1579047899999.0,4621162.01128408,5058.0,234.35277,2076623.41676166,0.0,BTCUSDT
2020-01-15 00:25:00,8873.05,8900.0,8853.46,8887.38,1048.735113,1579048199999.0,9316907.10483528,7114.0,624.843674,5553208.61741335,0.0,BTCUSDT
2020-01-15 00:30:00,8890.96,8891.99,8847.72,8867.41,655.076535,1579048499999.0,5811965.28925978,5365.0,318.390094,2825225.88476141,0.0,BTCUSDT
2020-01-15 00:35:00,8866.21,8872.28,8775.15,8837.89,876.736371,1579048799999.0,7739516.47799722,7288.0,427.184474,3771764.11475361,0.0,BTCUSDT
2020-01-15 00:40:00,8837.88,8855.39,8801.38,8802.27,452.223938,1579049099999.0,3994186.95835124,4102.0,186.371033,1645797.17854556,0.0,BTCUSDT
2020-01-15 00:45:00,8801.38,8849.0,8787.17,8843.92,655.714262,1579049399999.0,5779441.4827217,5125.0,367.28593,3237198.03649681,0.0,BTCUSDT
2020-01-15 00:50:00,8843.68,8844.99,8820.51,8833.14,300.552447,1579049699999.0,2654113.10993122,3677.0,158.916878,1403332.3299738,0.0,BTCUSDT
2020-01-15 00:55:00,8834.61,8837.7,8771.44,8772.86,494.532885,1579049999999.0,4353928.23575977,4942.0,198.34562,1746526.86377443,0.0,BTCUSDT
2020-01-15 01:00:00,8774.15,8803.81,8763.23,8783.52,579.422526,1579050299999.0,5089427.90791846,4980.0,296.534581,2604800.23332973,0.0,BTCUSDT
2020-01-15 01:05:00,8783.52,8783.52,8719.64,8720.14,886.249546,1579050599999.0,7747044.23696402,6901.0,475.345893,4155029.61106103,0.0,BTCUSDT
2020-01-15 01:10:00,8720.14,8755.01,8712.0,8738.99,468.070675,1579050899999.0,4089630.04252179,4438.0,230.862853,2017854.96018991,0.0,BTCUSDT
2020-01-15 01:15:00,8738.99,8762.59,8733.39,8743.77,281.659464,1579051199999.0,2464628.16803722,2942.0,163.021657,1426725.12895168,0.0,BTCUSDT
2020-01-15 01:20:00,8745.23,8755.0,8727.93,8736.18,286.882697,1579051499999.0,2507466.66941536,2354.0,112.155612,980362.79978223,0.0,BTCUSDT
2020-01-15 01:25:00,8735.69,8762.56,8727.82,8760.0,348.670097,1579051799999.0,3048411.21470026,2933.0,158.885232,1389352.01506063,0.0,BTCUSDT
2020-01-15 01:30:00,8758.92,8791.46,8758.92,8782.28,344.335106,1579052099999.0,3021841.70123399,3719.0,208.320528,1827974.94650978,0.0,BTCUSDT
2020-01-15 01:35:00,8782.48,8799.56,8778.68,8783.1,203.470535,1579052399999.0,1787858.75737438,2812.0,92.06141,808968.56336965,0.0,BTCUSDT
2020-01-15 01:40:00,8782.45,8784.96,8760.36,8764.53,282.621046,1579052699999.0,2479870.88518013,2905.0,87.641795,768911.64112147,0.0,BTCUSDT
2020-01-15 01:45:00,8765.06,8782.48,8757.81,8764.31,194.037518,1579052999999.0,1701315.17968366,2472.0,109.798786,962598.75478173,0.0,BTCUSDT
2020-01-15 01:50:00,8764.31,8767.28,8750.0,8763.18,168.688762,1579053299999.0,1477567.51564121,2063.0,85.19579,746383.83146559,0.0,BTCUSDT
2020-01-15 01:55:00,8761.4,8785.57,8761.07,8777.99,117.552748,1579053599999.0,1031596.88317735,2057.0,59.943524,526029.53157525,0.0,BTCUSDT
2020-01-15 02:00:00,8778.0,8780.0,8765.3,8777.2,112.554201,1579053899999.0,987672.54172679,1597.0,49.163131,431418.09297047,0.0,BTCUSDT
2020-01-15 02:05:00,8777.2,8825.0,8775.11,8817.61,299.653965,1579054199999.0,2637453.73703844,3366.0,166.327112,1463710.78714605,0.0,BTCUSDT
2020-01-15 02:10:00,8818.67,8835.0,8803.55,8825.42,279.372403,1579054499999.0,2464320.0118181,2996.0,112.648911,993782.94207138,0.0,BTCUSDT
2020-01-15 02:15:00,8824.45,8831.04,8800.0,8800.68,200.506804,1579054799999.0,1767469.15702129,2496.0,86.694478,764222.29403563,0.0,BTCUSDT
2020-01-15 02:20:00,8801.64,8812.5,8800.09,8802.99,152.378474,1579055099999.0,1341928.67488234,1979.0,75.636248,666103.88045224,0.0,BTCUSDT
2020-01-15 02:25:00,8802.99,8803.45,8785.51,8788.46,125.414934,1579055399999.0,1103004.48238529,2279.0,71.15585,625831.13390419,0.0,BTCUSDT
2020-01-15 02:30:00,8788.46,8797.98,8787.84,8789.1,98.446078,1579055699999.0,865447.57393351,1568.0,50.038618,439902.0772557,0.0,BTCUSDT
2020-01-15 02:35:00,8789.0,8808.06,8788.18,8797.47,130.674019,1579055999999.0,1149755.96985957,1946.0,60.612366,533277.43733974,0.0,BTCUSDT
2020-01-15 02:40:00,8797.5,8819.7,8796.65,8812.67,121.782554,1579056299999.0,1072951.15123455,2103.0,65.52826,577343.82290781,0.0,BTCUSDT
2020-01-15 02:45:00,8812.67,8815.68,8801.51,8810.34,137.25595,1579056599999.0,1209302.87151522,1859.0,81.058594,714236.20066661,0.0,BTCUSDT
2020-01-15 02:50:00,8810.34,8813.14,8801.28,8810.66,105.082347,1579056899999.0,925460.9711472,1891.0,57.985831,510702.62270406,0.0,BTCUSDT
2020-01-15 02:55:00,8810.66,8822.63,8806.0,8813.83,170.760008,1579057199999.0,1505218.40661166,2161.0,102.029379,899401.35754047,0.0,BTCUSDT
2020-01-15 03:00:00,8813.99,8817.98,8795.17,8796.77,145.946832,1579057499999.0,1285133.48599087,2410.0,65.712782,578696.13250378,0.0,BTCUSDT
2020-01-15 03:05:00,8796.77,8796.77,8774.44,8786.57,251.304599,1579057799999.0,2207795.56005426,3593.0,104.981879,922257.32538387,0.0,BTCUSDT
2020-01-15 03:10:00,8786.46,8789.0,8765.01,8782.47,179.432135,1579058099999.0,1575250.17341528,2387.0,71.939537,631611.32912267,0.0,BTCUSDT
2020-01-15 03:15:00,8782.21,8791.84,8770.46,8782.69,134.736157,1579058399999.0,1183049.25209475,1959.0,81.158529,712650.6242812,0.0,BTCUSDT
2020-01-15 03:20:00,8782.69,8782.69,8750.22,8750.27,321.20371,1579058699999.0,2814517.58215558,2905.0,75.671145,663242.63875384,0.0,BTCUSDT
2020-01-15 03:25:00,8750.22,8769.97,8750.22,8762.31,186.053963,1579058999999.0,1629940.40834259,2344.0,90.745137,794972.42382413,0.0,BTCUSDT
2020-01-15 03:30:00,8763.78,8768.9,8750.35,8767.55,182.328439,1579059299999.0,1597203.80851389,2427.0,74.11812,649363.48595421,0.0,BTCUSDT
2020-01-15 03:35:00,8767.55,8784.56,8762.92,8782.31,227.818678,1579059599999.0,1998512.46386672,2238.0,103.258422,905905.60538019,0.0,BTCUSDT
2020-01-15 03:40:00,8782.04,8782.74,8762.1,8773.03,187.349017,1579059899999.0,1643585.60746468,2263.0,76.891974,674641.90965239,0.0,BTCUSDT
2020-01-15 03:45:00,8773.03,8777.77,8750.22,8750.23,184.321671,1579060199999.0,1615766.39708323,2884.0,73.040027,640393.90328907,0.0,BTCUSDT
2020-01-15 03:50:00,8750.22,8750.26,8730.0,8731.63,321.552515,1579060499999.0,2810927.16687913,3659.0,98.996705,865532.97006325,0.0,BTCUSDT
2020-01-15 03:55:00,8731.83,8740.73,8727.0,8727.61,230.481934,1579060799999.0,2012785.57675026,2413.0,78.054618,681784.60489716,0.0,BTCUSDT
2020-01-15 04:00:00,8727.0,8741.75,8701.01,8704.99,545.635715,1579061099999.0,4757220.18408739,3655.0,227.976627,1986995.82493796,0.0,BTCUSDT
2020-01-15 04:05:00,8707.0,8707.42,8619.9,8631.14,1249.621778,1579061399999.0,10815950.03395136,9512.0,414.613469,3588733.03625917,0.0,BTCUSDT
2020-01-15 04:10:00,8635.19,8668.79,8619.7,8665.7,386.746087,1579061699999.0,3345905.4173284,3646.0,194.521891,1683117.23968276,0.0,BTCUSDT
2020-01-15 04:15:00,8667.43,8667.43,8634.07,8641.54,256.983241,1579061999999.0,2223074.52799742,2623.0,104.960482,907933.86811747,0.0,BTCUSDT
2020-01-15 04:20:00,8640.71,8664.0,8618.18,8631.27,313.024924,1579062299999.0,2705210.74195538,3033.0,149.029478,1288079.94202842,0.0,BTCUSDT
2020-01-15 04:25:00,8629.19,8630.14,8570.01,8614.06,1432.205099,1579062599999.0,12318804.34496877,8997.0,384.412992,3306761.92382843,0.0,BTCUSDT
2020-01-15 04:30:00,8614.06,8639.98,8600.0,8636.76,336.048663,1579062899999.0,2897981.44117652,3232.0,185.567367,1600348.560601,0.0,BTCUSDT
2020-01-15 04:35:00,8636.15,8654.27,8627.0,8644.05,229.895926,1579063199999.0,1985659.19628703,2363.0,141.133707,1219086.79911447,0.0,BTCUSDT
2020-01-15 04:40:00,8644.01,8661.1,8631.21,8651.56,284.707969,1579063499999.0,2462817.16392399,2590.0,139.135756,1203774.25706447,0.0,BTCUSDT
2020-01-15 04:45:00,8651.53,8651.56,8620.0,8631.98,249.7055,1579063799999.0,2156137.83345599,2935.0,109.706036,947410.39566811,0.0,BTCUSDT
2020-01-15 04:50:00,8632.73,8648.24,8632.73,8636.93,188.257919,1579064099999.0,1626565.72556757,2385.0,72.144283,623423.16048711,0.0,BTCUSDT
2020-01-15 04:55:00,8636.93,8637.74,8592.3,8597.51,547.090065,1579064399999.0,4710909.73563255,3263.0,330.204633,2841894.7576616,0.0,BTCUSDT
2020-01-15 05:00:00,8597.41,8641.0,8564.0,8622.98,617.89882,1579064699999.0,5309624.5490134,5384.0,313.834108,2697152.62597216,0.0,BTCUSDT
2020-01-15 05:05:00,8624.44,8640.0,8618.17,8623.58,249.17607,1579064999999.0,2149702.92578223,2401.0,97.559103,841670.92428992,0.0,BTCUSDT
2020-01-15 05:10:00,8625.46,8625.46,8594.27,8610.68,253.97303,1579065299999.0,2186142.6370959,2578.0,135.125007,1163131.23490752,0.0,BTCUSDT
2020-01-15 05:15:00,8610.52,8638.41,8607.85,8637.74,153.270852,1579065599999.0,1322359.79076577,1988.0,83.060493,716601.1325049,0.0,BTCUSDT
2020-01-15 05:20:00,8636.97,8649.99,8634.43,8644.39,147.142519,1579065899999.0,1271528.0682445,1799.0,72.08084,622892.32053618,0.0,BTCUSDT
2020-01-15 05:25:00,8644.74,8647.97,8630.01,8641.57,156.873484,1579066199999.0,1355198.02825804,1574.0,72.219261,623964.61313058,0.0,BTCUSDT
2020-01-15 05:30:00,8641.49,8666.91,8640.16,8660.01,168.807484,1579066499999.0,1461349.46530231,2495.0,90.897948,786790.79861185,0.0,BTCUSDT
2020-01-15 05:35:00,8660.63,8663.67,8642.89,8650.66,101.047887,1579066799999.0,874357.17940873,1858.0,52.886763,457631.67157028,0.0,BTCUSDT
2020-01-15 05:40:00,8651.86,8659.64,8631.82,8635.33,120.986919,1579067099999.0,1046107.49959767,1686.0,62.766745,542771.08811225,0.0,BTCUSDT
2020-01-15 05:45:00,8635.37,8640.04,8620.81,8622.84,112.111037,1579067399999.0,967465.02685982,1942.0,58.504157,504879.67847306,0.0,BTCUSDT
2020-01-15 05:50:00,8622.7,8641.14,8621.0,8634.23,153.108235,1579067699999.0,1321535.19329909,2203.0,78.639792,678786.62303799,0.0,BTCUSDT
2020-01-15 05:55:00,8635.17,8636.88,8600.0,8612.29,160.864303,1579067999999.0,1385768.08280802,2174.0,53.140828,457896.19928758,0.0,BTCUSDT
2020-01-15 06:00:00,8612.01,8636.36,8600.01,8623.59,214.843521,1579068299999.0,1853331.45037858,2084.0,129.817209,1120060.27567501,0.0,BTCUSDT
2020-01-15 06:05:00,8623.62,8642.67,8619.0,8641.06,144.627692,1579068599999.0,1248672.86002532,1948.0,94.211337,813390.68775128,0.0,BTCUSDT
2020-01-15 06:10:00,8641.68,8651.82,8640.36,8651.82,132.961066,1579068899999.0,1149751.09091097,1778.0,72.107928,623575.52840675,0.0,BTCUSDT
2020-01-15 06:15:00,8651.81,8666.0,8645.97,8649.88,181.03209,1579069199999.0,1566993.77255336,2886.0,85.090418,736569.17460617,0.0,BTCUSDT
2020-01-15 06:20:00,8648.58,8659.99,8643.62,8651.2,135.454732,1579069499999.0,1171600.42209142,2176.0,61.33059,530497.42612195,0.0,BTCUSDT
2020-01-15 06:25:00,8651.68,8670.0,8650.96,8664.6,147.631655,1579069799999.0,1278646.77070329,2604.0,74.595301,646125.42830692,0.0,BTCUSDT
2020-01-15 06:30:00,8665.95,8675.89,8652.88,8657.73,160.777107,1579070099999.0,1392836.58966704,2437.0,84.131019,728883.35535749,0.0,BTCUSDT
2020-01-15 06:35:00,8657.73,8673.99,8651.81,8670.0,135.970071,1579070399999.0,1178001.80599173,2212.0,68.317208,591907.35903404,0.0,BTCUSDT
2020-01-15 06:40:00,8672.97,8693.72,8667.66,8682.34,199.676459,1579070699999.0,1733160.96443878,2988.0,95.832951,831972.62935846,0.0,BTCUSDT
2020-01-15 06:45:00,8681.57,8692.81,8676.7,8687.15,159.329035,1579070999999.0,1383683.81410062,2385.0,64.131255,556974.97449194,0.0,BTCUSDT
2020-01-15 06:50:00,8686.8,8687.15,8675.71,8677.86,127.469946,1579071299999.0,1106502.69492656,1593.0,59.109595,513114.59861665,0.0,BTCUSDT
2020-01-15 06:55:00,8677.72,8681.0,8667.99,8680.58,120.99729,1579071599999.0,1049820.39622251,1578.0,72.949051,632961.0701124,0.0,BTCUSDT
2020-01-15 07:00:00,8680.82,8687.96,8662.36,8667.25,176.573536,1579071899999.0,1532211.84709591,2234.0,82.303428,714352.9413491,0.0,BTCUSDT
2020-01-15 07:05:00,8667.28,8668.19,8652.64,8659.76,179.726228,1579072199999.0,1556417.26383391,1926.0,91.382595,791353.36027674,0.0,BTCUSDT
2020-01-15 07:10:00,8659.76,8665.36,8642.06,8643.78,264.330454,1579072499999.0,2287109.8125757,2014.0,79.530046,688365.13812357,0.0,BTCUSDT
2020-01-15 07:15:00,8644.28,8650.94,8632.0,8646.91,221.354893,1579072799999.0,1912929.61350728,2285.0,125.265568,1082536.13434766,0.0,BTCUSDT
2020-01-15 07:20:00,8646.23,8665.95,8642.55,8660.48,136.724409,1579073099999.0,1183078.55432636,1599.0,71.333189,617335.45806145,0.0,BTCUSDT
2020-01-15 07:25:00,8660.28,8660.48,8640.0,8645.92,109.717706,1579073399999.0,949271.4068416,1585.0,54.400479,470603.71499712,0.0,BTCUSDT
2020-01-15 07:30:00,8645.93,8650.5,8632.0,8632.0,96.635789,1579073699999.0,834929.29516652,1350.0,36.881418,318649.09953585,0.0,BTCUSDT
2020-01-15 07:35:00,8632.0,8637.97,8626.0,8632.72,127.393884,1579073999999.0,1099645.04509348,1853.0,43.6944,377175.83155554,0.0,BTCUSDT
2020-01-15 07:40:00,8632.96,8646.51,8632.72,8639.42,135.847394,1579074299999.0,1173823.56059698,1746.0,66.851562,577660.71674697,0.0,BTCUSDT
2020-01-15 07:45:00,8639.34,8651.19,8636.03,8636.71,248.318237,1579074599999.0,2145988.22772295,1809.0,143.596826,1240782.05353164,0.0,BTCUSDT
2020-01-15 07:50:00,8636.6,8643.67,8629.0,8629.11,232.226941,1579074899999.0,2005418.61926417,1763.0,150.424228,1298994.1323698,0.0,BTCUSDT
2020-01-15 07:55:00,8629.68,8633.41,8618.63,8627.13,189.795936,1579075199999.0,1637020.94867041,1887.0,94.076936,811367.07667473,0.0,BTCUSDT
2020-01-15 08:00:00,8626.8,8627.06,8610.0,8613.0,138.735965,1579075499999.0,1195304.51645113,2074.0,56.322471,485308.9671051,0.0,BTCUSDT
2020-01-15 08:05:00,8613.0,8641.98,8605.03,8636.0,226.476057,1579075799999.0,1952138.64487141,3042.0,123.586383,1065574.39726043,0.0,BTCUSDT
2020-01-15 08:10:00,8636.0,8645.47,8632.21,8637.11,136.416874,1579076099999.0,1178302.78621053,1885.0,69.743142,602406.39175724,0.0,BTCUSDT
2020-01-15 08:15:00,8637.11,8659.81,8631.45,8659.21,139.420326,1579076399999.0,1205478.28920681,1813.0,70.759108,611821.74891871,0.0,BTCUSDT
2020-01-15 08:20:00,8659.2,8667.18,8651.58,8661.78,226.284507,1579076699999.0,1959764.75366803,2177.0,89.366119,773926.9611575,0.0,BTCUSDT
2020-01-15 08:25:00,8661.78,8667.77,8653.77,8663.45,163.795608,1579076999999.0,1418351.47544419,1359.0,62.375426,540167.94322241,0.0,BTCUSDT
2020-01-15 08:30:00,8664.38,8669.9,8655.21,8668.54,127.606569,1579077299999.0,1105471.28194959,1753.0,71.230619,617086.73712701,0.0,BTCUSDT
2020-01-15 08:35:00,8668.52,8675.11,8663.48,8664.07,180.7008,1579077599999.0,1566950.8668909,2044.0,68.372207,592863.03520748,0.0,BTCUSDT
2020-01-15 08:40:00,8664.11,8666.68,8655.01,8658.42,127.213318,1579077899999.0,1101702.63297107,1718.0,51.719744,447921.84362574,0.0,BTCUSDT
2020-01-15 08:45:00,8658.46,8659.81,8641.65,8649.0,127.409293,1579078199999.0,1102199.83459395,1512.0,51.853813,448595.89846661,0.0,BTCUSDT
2020-01-15 08:50:00,8649.26,8650.31,8640.0,8642.79,126.127741,1579078499999.0,1090429.55835651,1270.0,45.08654,389856.37306995,0.0,BTCUSDT
2020-01-15 08:55:00,8641.91,8645.92,8637.04,8638.36,83.092538,1579078799999.0,718033.51178757,1068.0,32.652319,282193.47353486,0.0,BTCUSDT
2020-01-15 09:00:00,8638.6,8663.07,8638.24,8657.79,91.91474,1579079099999.0,795084.5543381,1421.0,54.568707,472107.45764852,0.0,BTCUSDT
2020-01-15 09:05:00,8657.79,8664.06,8655.6,8659.41,66.727515,1579079399999.0,577850.77514213,1162.0,32.214617,278978.55454986,0.0,BTCUSDT
2020-01-15 09:10:00,8659.41,8670.0,8654.8,8667.84,100.26295,1579079699999.0,868335.06154674,1139.0,61.672252,534116.8622017,0.0,BTCUSDT
2020-01-15 09:15:00,8667.56,8670.0,8658.96,8667.29,115.837131,1579079999999.0,1003972.83555104,1426.0,46.657152,404394.13867778,0.0,BTCUSDT
2020-01-15 09:20:00,8666.27,8669.14,8646.11,8653.79,159.907028,1579080299999.0,1384285.37630179,2232.0,52.681446,456089.09635366,0.0,BTCUSDT
2020-01-15 09:25:00,8652.38,8663.98,8651.62,8659.54,115.77824,1579080599999.0,1002347.06303065,1950.0,42.531243,368222.70255549,0.0,BTCUSDT
2020-01-15 09:30:00,8659.52,8668.93,8655.0,8666.3,116.943375,1579080899999.0,1012951.80763051,2164.0,47.403251,410622.92747367,0.0,BTCUSDT
2020-01-15 09:35:00,8666.26,8678.17,8662.5,8672.35,152.325085,1579081199999.0,1321133.343393,2169.0,73.376896,636365.06521209,0.0,BTCUSDT
2020-01-15 09:40:00,8672.35,8682.04,8671.41,8677.71,191.576135,1579081499999.0,1662376.11962152,2418.0,76.096327,660357.9895993,0.0,BTCUSDT
2020-01-15 09:45:00,8677.96,8725.0,8672.6,8718.89,469.482755,1579081799999.0,4085355.27087973,4598.0,313.012988,2724769.89848567,0.0,BTCUSDT
2020-01-15 09:50:00,8724.96,8740.0,8707.8,8735.75,479.618531,1579082099999.0,4184201.37179488,3934.0,292.470672,2552420.71701082,0.0,BTCUSDT
2020-01-15 09:55:00,8737.01,8782.6,8727.21,8755.04,932.932514,1579082399999.0,8168696.17970137,6417.0,607.260669,5316126.6094111,0.0,BTCUSDT
2020-01-15 10:00:00,8756.06,8791.0,8756.06,8766.93,504.118543,1579082699999.0,4425194.4361327,4115.0,205.897722,1807403.4373608,0.0,BTCUSDT
2020-01-15 10:05:00,8767.22,8795.0,8760.02,8764.79,284.997178,1579082999999.0,2501497.13188797,2900.0,159.683939,1401784.49882379,0.0,BTCUSDT
2020-01-15 10:10:00,8764.68,8764.68,8733.1,8742.89,447.490415,1579083299999.0,3912830.59921634,3269.0,282.577169,2470420.95943243,0.0,BTCUSDT
2020-01-15 10:15:00,8741.36,8757.31,8728.38,8738.77,318.442328,1579083599999.0,2784456.48345996,3274.0,189.744503,1659314.03451254,0.0,BTCUSDT
2020-01-15 10:20:00,8738.63,8741.46,8720.0,8734.98,301.934851,1579083899999.0,2636122.75654899,2698.0,135.672539,1184581.28998924,0.0,BTCUSDT
2020-01-15 10:25:00,8734.98,8763.14,8729.38,8751.76,261.8253,1579084199999.0,2290181.59508122,2323.0,146.293288,1279833.82720804,0.0,BTCUSDT
2020-01-15 10:30:00,8750.09,8783.67,8750.0,8761.38,273.424632,1579084499999.0,2397294.61530911,2902.0,147.691724,1294975.72348143,0.0,BTCUSDT
2020-01-15 10:35:00,8761.38,8779.17,8751.87,8769.45,204.280832,1579084799999.0,1791133.52515139,2126.0,132.391698,1160953.17654005,0.0,BTCUSDT
2020-01-15 10:40:00,8769.98,8770.0,8752.53,8758.5,123.534981,1579085099999.0,1082223.09666585,1672.0,72.113635,631768.35772505,0.0,BTCUSDT
2020-01-15 10:45:00,8758.51,8783.57,8758.46,8773.09,332.164128,1579085399999.0,2914486.51246001,2857.0,169.13505,1483790.56679186,0.0,BTCUSDT
2020-01-15 10:50:00,8774.16,8800.0,8771.7,8788.9,392.277616,1579085699999.0,3448929.38737703,3281.0,274.437432,2413047.39968054,0.0,BTCUSDT
2020-01-15 10:55:00,8787.79,8808.55,8787.61,8798.94,456.610959,1579085999999.0,4018152.62434103,2819.0,257.414379,2265278.49877396,0.0,BTCUSDT
2020-01-15 11:00:00,8799.81,8810.0,8771.88,8780.97,317.041678,1579086299999.0,2786985.02440691,3229.0,142.304661,1251293.01677852,0.0,BTCUSDT
2020-01-15 11:05:00,8781.63,8787.0,8762.17,8785.44,176.083818,1579086599999.0,1545369.11905527,2124.0,93.966465,824770.66000621,0.0,BTCUSDT
2020-01-15 11:10:00,8784.2,8785.79,8766.17,8768.0,115.181692,1579086899999.0,1010710.61170769,1525.0,67.777333,594724.83207716,0.0,BTCUSDT
2020-01-15 11:15:00,8768.0,8796.03,8766.24,8785.72,259.496919,1579087199999.0,2279142.3968575,1548.0,111.908183,982561.23317355,0.0,BTCUSDT
2020-01-15 11:20:00,8786.45,8804.97,8780.0,8794.33,213.633714,1579087499999.0,1878826.11344865,2311.0,129.511337,1139098.46645535,0.0,BTCUSDT
2020-01-15 11:25:00,8794.35,8795.0,8782.96,8788.55,225.971201,1579087799999.0,1986367.04630892,1495.0,53.124541,466874.72207103,0.0,BTCUSDT
2020-01-15 11:30:00,8788.52,8788.64,8780.0,8780.0,139.203311,1579088099999.0,1222817.24441434,1491.0,62.480365,548877.62657217,0.0,BTCUSDT
2020-01-15 11:35:00,8780.02,8784.97,8770.0,8773.19,182.268755,1579088399999.0,1599790.47273774,1644.0,58.104795,509951.37639476,0.0,BTCUSDT
2020-01-15 11:40:00,8773.19,8785.47,8771.57,8784.65,184.46397,1579088699999.0,1619231.9062844,1382.0,129.563634,1137341.44944782,0.0,BTCUSDT
2020-01-15 11:45:00,8784.83,8786.0,8764.46,8764.51,144.897149,1579088999999.0,1271538.55594081,1733.0,48.449755,425147.18209921,0.0,BTCUSDT
2020-01-15 11:50:00,8765.73,8766.09,8738.12,8738.14,327.688984,1579089299999.0,2867433.71609753,2812.0,161.056279,1409190.89013145,0.0,BTCUSDT
2020-01-15 11:55:00,8738.14,8753.3,8720.0,8730.0,531.318077,1579089599999.0,4640055.08591738,3865.0,413.36318,3609891.17828421,0.0,BTCUSDT
2020-01-15 12:00:00,8730.0,8765.02,8720.38,8757.17,418.329662,1579089899999.0,3656782.58822458,4015.0,264.785389,2314695.21025827,0.0,BTCUSDT
2020-01-15 12:05:00,8759.5,8780.0,8757.82,8778.0,259.311614,1579090199999.0,2273571.12562353,2271.0,177.560564,1556665.0445224,0.0,BTCUSDT
2020-01-15 12:10:00,8778.0,8778.08,8760.16,8768.28,190.987933,1579090499999.0,1674479.34937551,1603.0,83.14598,728850.81960534,0.0,BTCUSDT
2020-01-15 12:15:00,8768.28,8783.82,8750.0,8773.78,169.309319,1579090799999.0,1484047.6404927,2019.0,86.195608,755586.13284708,0.0,BTCUSDT
2020-01-15 12:20:00,8772.94,8794.88,8770.38,8789.64,293.217332,1579091099999.0,2576623.48652821,2398.0,104.690123,919970.15403117,0.0,BTCUSDT
2020-01-15 12:25:00,8789.64,8796.0,8777.27,8784.42,155.590853,1579091399999.0,1367127.61535488,1582.0,78.923635,693478.31875038,0.0,BTCUSDT
2020-01-15 12:30:00,8784.28,8795.67,8781.69,8793.94,180.715691,1579091699999.0,1588473.25716951,1635.0,95.332047,837923.21016096,0.0,BTCUSDT
2020-01-15 12:35:00,8793.06,8795.0,8767.5,8791.75,269.80104,1579091999999.0,2370283.48039971,2447.0,104.924012,921827.18827131,0.0,BTCUSDT
2020-01-15 12:40:00,8791.49,8793.02,8755.0,8759.39,179.565856,1579092299999.0,1574804.62148307,1992.0,71.620679,628065.29704034,0.0,BTCUSDT
2020-01-15 12:45:00,8759.98,8780.03,8758.99,8774.85,166.256479,1579092599999.0,1458212.12064093,1781.0,94.381099,827876.41652806,0.0,BTCUSDT
2020-01-15 12:50:00,8774.85,8776.47,8755.21,8758.79,127.053284,1579092899999.0,1113457.54625325,1538.0,68.950961,604317.00288312,0.0,BTCUSDT
2020-01-15 12:55:00,8758.83,8772.63,8749.54,8764.66,134.344872,1579093199999.0,1177201.01639184,1825.0,71.453027,626198.50784288,0.0,BTCUSDT
2020-01-15 13:00:00,8765.2,8787.0,8763.83,8777.76,171.609532,1579093499999.0,1506457.17588469,2104.0,92.453707,811566.24367095,0.0,BTCUSDT
2020-01-15 13:05:00,8778.35,8795.0,8773.81,8788.63,229.370819,1579093799999.0,2015081.03507241,1822.0,128.86185,1132257.16563294,0.0,BTCUSDT
2020-01-15 13:10:00,8788.96,8828.83,8783.51,8824.86,684.115422,1579094099999.0,6027003.46265492,4632.0,415.158403,3656009.08627732,0.0,BTCUSDT
2020-01-15 13:15:00,8826.8,8826.8,8800.0,8804.64,274.856452,1579094399999.0,2421604.23008912,2309.0,96.896109,853798.75361227,0.0,BTCUSDT
2020-01-15 13:20:00,8804.68,8809.19,8782.77,8785.08,226.874466,1579094699999.0,1995244.65562499,2452.0,102.613416,902329.68600924,0.0,BTCUSDT
2020-01-15 13:25:00,8783.98,8807.01,8780.0,8802.73,238.204121,1579094999999.0,2095687.73282046,2103.0,112.602598,990701.07155917,0.0,BTCUSDT
2020-01-15 13:30:00,8802.26,8810.2,8780.0,8794.7,175.586975,1579095299999.0,1544707.4930367,1820.0,90.194871,793573.5325731,0.0,BTCUSDT
2020-01-15 13:35:00,8794.7,8800.0,8781.66,8785.97,176.986923,1579095599999.0,1555901.52430862,1721.0,109.300996,960924.19217811,0.0,BTCUSDT
2020-01-15 13:40:00,8789.1,8817.0,8785.96,8814.47,202.984837,1579095899999.0,1787344.55928541,2668.0,117.652727,1036085.26782147,0.0,BTCUSDT
2020-01-15 13:45:00,8814.0,8854.0,8813.95,8851.62,501.189012,1579096199999.0,4427355.56743196,4281.0,285.615928,2523914.94289219,0.0,BTCUSDT
2020-01-15 13:50:00,8851.63,8879.47,8840.0,8879.47,1055.597493,1579096499999.0,9353512.3173228,6206.0,419.983564,3722523.18781424,0.0,BTCUSDT
2020-01-15 13:55:00,8879.42,8916.48,8861.3,8889.96,1350.456075,1579096799999.0,12004917.13095998,7885.0,853.063166,7584788.63707881,0.0,BTCUSDT
2020-01-15 14:00:00,8889.97,8903.02,8803.09,8868.0,1381.255989,1579097099999.0,12238822.87995629,8647.0,709.506626,6288601.07797483,0.0,BTCUSDT
2020-01-15 14:05:00,8867.91,8868.42,8772.19,8778.55,815.623801,1579097399999.0,7200729.70736374,6408.0,298.426887,2636047.99371696,0.0,BTCUSDT
2020-01-15 14:10:00,8778.48,8843.76,8760.0,8836.09,893.865108,1579097699999.0,7868002.19461152,7242.0,411.595759,3624955.74689188,0.0,BTCUSDT
2020-01-15 14:15:00,8834.89,8836.39,8800.0,8807.52,417.91612,1579097999999.0,3683299.97736441,4013.0,191.185085,1685123.87362167,0.0,BTCUSDT
2020-01-15 14:20:00,8807.52,8855.0,8806.21,8851.41,657.147123,1579098299999.0,5809785.62539591,3730.0,509.838001,4508447.42549287,0.0,BTCUSDT
2020-01-15 14:25:00,8852.74,8870.0,8837.63,8865.31,544.394972,1579098599999.0,4821561.68794694,3788.0,291.552801,2582206.97235499,0.0,BTCUSDT
2020-01-15 14:30:00,8865.3,8866.56,8845.04,8854.23,218.669417,1579098899999.0,1936270.09865368,2286.0,111.444056,986909.51104217,0.0,BTCUSDT
2020-01-15 14:35:00,8855.47,8862.32,8825.75,8849.77,306.9118,1579099199999.0,2713608.23107289,2515.0,131.230618,1160270.82228631,0.0,BTCUSDT
2020-01-15 14:40:00,8848.52,8863.53,8836.65,8848.47,184.74784,1579099499999.0,1635501.97981997,2171.0,104.388904,924136.68631351,0.0,BTCUSDT
2020-01-15 14:45:00,8848.03,8885.0,8845.0,8872.7,342.720896,1579099799999.0,3039407.31874081,3051.0,193.291689,1714502.65952856,0.0,BTCUSDT
2020-01-15 14:50:00,8872.7,8888.0,8866.94,8888.0,285.413838,1579100099999.0,2533306.38585167,2217.0,176.335569,1565215.99062824,0.0,BTCUSDT
2020-01-15 14:55:00,8887.75,8891.35,8845.11,8856.17,425.9665,1579100399999.0,3781299.49403275,3757.0,171.150969,1518917.09697839,0.0,BTCUSDT
2020-01-15 15:00:00,8855.69,8865.76,8811.0,8832.4,457.102032,1579100699999.0,4040506.95849119,4143.0,177.213838,1566338.06096119,0.0,BTCUSDT
2020-01-15 15:05:00,8833.31,8850.0,8830.0,8842.13,165.464412,1579100999999.0,1462965.47950505,1815.0,91.365518,807851.94227979,0.0,BTCUSDT
2020-01-15 15:10:00,8842.16,8856.01,8835.0,8836.52,204.271462,1579101299999.0,1806850.92678054,1930.0,87.452363,773553.65296158,0.0,BTCUSDT
2020-01-15 15:15:00,8835.45,8845.0,8811.25,8817.22,241.63451,1579101599999.0,2132427.28973969,2564.0,115.449782,1018957.02287941,0.0,BTCUSDT
2020-01-15 15:20:00,8818.22,8823.9,8780.0,8795.29,646.047991,1579101899999.0,5684356.8103097,4626.0,204.436719,1798543.11203359,0.0,BTCUSDT
2020-01-15 15:25:00,8795.79,8824.94,8782.04,8811.71,464.911991,1579102199999.0,4088924.97753872,2969.0,347.869952,3058978.43420952,0.0,BTCUSDT
2020-01-15 15:30:00,8812.0,8823.93,8793.01,8794.2,191.499953,1579102499999.0,1687182.80419789,2118.0,94.666317,834200.35232287,0.0,BTCUSDT
2020-01-15 15:35:00,8793.33,8804.64,8752.0,8785.26,501.72159,1579102799999.0,4405358.74815971,4204.0,190.43778,1672642.6232213,0.0,BTCUSDT
2020-01-15 15:40:00,8783.86,8797.66,8740.01,8765.38,562.492173,1579103099999.0,4926671.58525285,4483.0,209.926633,1839672.54654899,0.0,BTCUSDT
2020-01-15 15:45:00,8769.33,8787.96,8742.53,8782.04,356.931448,1579103399999.0,3128800.75953911,3274.0,183.071521,1605158.2411291,0.0,BTCUSDT
2020-01-15 15:50:00,8782.65,8795.0,8752.21,8770.26,286.844014,1579103699999.0,2517162.7253776,3022.0,127.952189,1122764.47094215,0.0,BTCUSDT
2020-01-15 15:55:00,8770.65,8790.15,8760.84,8762.74,401.648206,1579103999999.0,3524950.87511527,3079.0,197.983359,1737174.19393301,0.0,BTCUSDT
2020-01-15 16:00:00,8762.73,8800.0,8726.0,8730.0,592.84466,1579104299999.0,5190197.68690339,5855.0,273.680934,2397195.40419937,0.0,BTCUSDT
2020-01-15 16:05:00,8730.0,8772.15,8676.08,8767.85,1373.471453,1579104599999.0,11970205.0649453,9440.0,615.485103,5367990.41192866,0.0,BTCUSDT
2020-01-15 16:10:00,8765.44,8809.99,8742.82,8800.23,663.159463,1579104899999.0,5826861.49043102,5365.0,316.155827,2778543.44618844,0.0,BTCUSDT
2020-01-15 16:15:00,8798.69,8809.99,8785.36,8797.54,314.113415,1579105199999.0,2764487.45470572,3311.0,184.627108,1625006.86341672,0.0,BTCUSDT
2020-01-15 16:20:00,8797.82,8799.99,8770.03,8789.47,328.852658,1579105499999.0,2888660.64182982,2553.0,168.401435,1479246.1767797,0.0,BTCUSDT
2020-01-15 16:25:00,8789.45,8798.53,8776.16,8780.7,172.248835,1579105799999.0,1513727.04850206,1586.0,73.179899,643119.75617977,0.0,BTCUSDT
2020-01-15 16:30:00,8780.73,8807.7,8775.8,8802.47,265.642161,1579106099999.0,2336999.67733982,2069.0,123.142446,1083043.41980782,0.0,BTCUSDT
2020-01-15 16:35:00,8801.36,8820.0,8793.79,8799.48,214.246983,1579106399999.0,1886318.22594037,2204.0,119.993963,1056650.0566193,0.0,BTCUSDT
2020-01-15 16:40:00,8800.77,8817.84,8787.43,8805.01,252.493497,1579106699999.0,2223878.07218495,2113.0,152.512141,1343177.28933554,0.0,BTCUSDT
2020-01-15 16:45:00,8803.61,8807.76,8781.53,8793.58,121.868169,1579106999999.0,1071743.00551075,1698.0,47.206055,415155.7328568,0.0,BTCUSDT
2020-01-15 16:50:00,8793.7,8808.2,8780.0,8780.71,188.853937,1579107299999.0,1659836.32474172,2193.0,120.750702,1061146.66813278,0.0,BTCUSDT
2020-01-15 16:55:00,8780.71,8793.99,8777.77,8778.68,301.714597,1579107599999.0,2649977.01741214,2387.0,245.455396,2155716.20256643,0.0,BTCUSDT
2020-01-15 17:00:00,8779.43,8779.43,8720.0,8749.81,510.486911,1579107899999.0,4468420.50502794,4174.0,261.72061,2291524.34494033,0.0,BTCUSDT
2020-01-15 17:05:00,8748.93,8753.42,8730.43,8745.08,302.487245,1579108199999.0,2643948.72511535,3193.0,161.181417,1408996.99688471,0.0,BTCUSDT
2020-01-15 17:10:00,8745.08,8769.98,8739.02,8762.06,215.975815,1579108499999.0,1891545.3420287,2869.0,117.114092,1025827.83960911,0.0,BTCUSDT
2020-01-15 17:15:00,8762.89,8781.19,8758.13,8780.44,330.378067,1579108799999.0,2897372.21848958,2426.0,269.37915,2362453.14353305,0.0,BTCUSDT
2020-01-15 17:20:00,8780.0,8782.13,8750.41,8753.77,136.959395,1579109099999.0,1200706.74897949,1415.0,62.780112,550393.65641275,0.0,BTCUSDT
2020-01-15 17:25:00,8752.13,8774.91,8751.1,8770.1,98.920091,1579109399999.0,866303.71546308,1338.0,56.584646,495547.15668561,0.0,BTCUSDT
2020-01-15 17:30:00,8769.81,8770.0,8750.0,8756.02,235.960997,1579109699999.0,2066335.84069872,1383.0,63.726615,558307.15138791,0.0,BTCUSDT
2020-01-15 17:35:00,8755.99,8770.0,8751.59,8768.69,109.755847,1579109999999.0,961408.94316722,1274.0,50.317601,440782.93106292,0.0,BTCUSDT
2020-01-15 17:40:00,8769.02,8795.18,8762.67,8786.45,287.392079,1579110299999.0,2523378.61154345,1937.0,129.025116,1132708.90587722,0.0,BTCUSDT
2020-01-15 17:45:00,8786.48,8795.31,8771.4,8782.84,244.016873,1579110599999.0,2142987.63096554,2098.0,149.915213,1316429.0213268,0.0,BTCUSDT
2020-01-15 17:50:00,8782.89,8791.52,8772.35,8783.92,196.607884,1579110899999.0,1726998.76073236,1456.0,41.127814,361153.94096927,0.0,BTCUSDT
2020-01-15 17:55:00,8783.92,8804.89,8783.92,8797.0,134.007537,1579111199999.0,1178517.38654608,1831.0,72.293096,635814.04261255,0.0,BTCUSDT
2020-01-15 18:00:00,8797.0,8798.19,8775.0,8775.01,247.245299,1579111499999.0,2172537.57666356,2043.0,82.76721,727217.83561988,0.0,BTCUSDT
2020-01-15 18:05:00,8775.3,8782.01,8753.0,8758.18,271.622808,1579111799999.0,2380142.28064783,2148.0,74.376191,651867.62255121,0.0,BTCUSDT
2020-01-15 18:10:00,8761.61,8768.5,8732.82,8738.55,186.183898,1579112099999.0,1629494.20453069,2262.0,85.54734,748971.9820391,0.0,BTCUSDT
2020-01-15 18:15:00,8738.59,8755.0,8733.3,8751.63,123.34183,1579112399999.0,1078549.48707972,1931.0,73.457853,642361.16893261,0.0,BTCUSDT
2020-01-15 18:20:00,8751.64,8757.81,8736.17,8738.15,239.164059,1579112699999.0,2092345.34544536,1773.0,139.585462,1221383.29608942,0.0,BTCUSDT
2020-01-15 18:25:00,8737.89,8738.96,8718.0,8723.37,538.035652,1579112999999.0,4697928.93396859,2632.0,283.807792,2478602.42365441,0.0,BTCUSDT
2020-01-15 18:30:00,8723.63,8750.0,8707.0,8723.73,572.775174,1579113299999.0,5001465.41981645,2791.0,335.895814,2932494.75710372,0.0,BTCUSDT
2020-01-15 18:35:00,8723.93,8749.53,8717.16,8735.45,224.523988,1579113599999.0,1959839.18520836,2208.0,145.856712,1273104.6218463,0.0,BTCUSDT
2020-01-15 18:40:00,8735.55,8770.0,8735.44,8770.0,243.425347,1579113899999.0,2131595.41051255,2015.0,89.87652,787067.87031213,0.0,BTCUSDT
2020-01-15 18:45:00,8769.32,8769.81,8750.0,8762.58,97.761041,1579114199999.0,856393.92694963,1396.0,55.509286,486268.30836518,0.0,BTCUSDT
2020-01-15 18:50:00,8761.79,8767.67,8748.77,8751.23,105.948449,1579114499999.0,927812.89666693,1247.0,72.62455,636026.27833096,0.0,BTCUSDT
2020-01-15 18:55:00,8751.19,8761.94,8746.84,8746.85,92.355504,1579114799999.0,808666.62380786,1186.0,47.838071,418918.0979458,0.0,BTCUSDT
2020-01-15 19:00:00,8746.85,8776.0,8745.0,8768.29,140.930007,1579115099999.0,1234820.54329128,1438.0,79.08144,692869.34306928,0.0,BTCUSDT
2020-01-15 19:05:00,8767.67,8769.52,8757.17,8763.04,87.694159,1579115399999.0,768451.08198442,1242.0,46.024137,403311.42730673,0.0,BTCUSDT
2020-01-15 19:10:00,8763.25,8770.0,8762.04,8766.91,89.87019,1579115699999.0,787866.05331852,871.0,66.399204,582087.06416619,0.0,BTCUSDT
2020-01-15 19:15:00,8766.37,8782.31,8764.55,8774.31,143.070927,1579115999999.0,1255411.18860342,1661.0,75.563846,663158.11181671,0.0,BTCUSDT
2020-01-15 19:20:00,8774.26,8785.0,8770.0,8771.22,127.087556,1579116299999.0,1115666.32319285,1239.0,60.729445,533162.50913884,0.0,BTCUSDT
2020-01-15 19:25:00,8770.75,8775.73,8753.77,8757.05,100.357718,1579116599999.0,879803.0491334,1414.0,48.774805,427593.30559424,0.0,BTCUSDT
2020-01-15 19:30:00,8758.6,8761.32,8742.02,8747.77,118.923735,1579116899999.0,1040879.59280396,1607.0,53.901177,471800.25927444,0.0,BTCUSDT
2020-01-15 19:35:00,8747.5,8754.47,8742.2,8752.76,81.693029,1579117199999.0,714668.17643151,1188.0,44.124482,386046.05346163,0.0,BTCUSDT
2020-01-15 19:40:00,8751.42,8760.59,8745.25,8757.0,81.027689,1579117499999.0,709342.85633967,1070.0,44.950561,393465.09702572,0.0,BTCUSDT
2020-01-15 19:45:00,8757.0,8757.55,8750.27,8752.83,66.554332,1579117799999.0,582638.04558772,1010.0,24.000121,210108.23349639,0.0,BTCUSDT
2020-01-15 19:50:00,8752.83,8778.2,8747.29,8775.17,81.146352,1579118099999.0,710763.24797744,1428.0,36.494546,319752.40964884,0.0,BTCUSDT
2020-01-15 19:55:00,8774.47,8776.91,8760.27,8761.57,60.259073,1579118399999.0,528333.86949043,1021.0,27.121025,237803.96621639,0.0,BTCUSDT
2020-01-15 20:00:00,8761.57,8766.17,8756.78,8764.9,49.032528,1579118699999.0,429623.45176704,862.0,28.843143,252730.90895759,0.0,BTCUSDT
2020-01-15 20:05:00,8764.93,8765.65,8750.18,8750.43,427.836784,1579118999999.0,3748242.6044928,1694.0,33.038139,289327.62409307,0.0,BTCUSDT
2020-01-15 20:10:00,8750.43,8766.51,8750.42,8762.51,69.309382,1579119299999.0,607107.27289194,1189.0,37.860881,331655.0823007,0.0,BTCUSDT
2020-01-15 20:15:00,8762.62,8765.0,8738.37,8740.56,109.758498,1579119599999.0,960535.62988524,1395.0,54.402337,476181.73337303,0.0,BTCUSDT
2020-01-15 20:20:00,8740.59,8752.49,8739.07,8744.92,72.950929,1579119899999.0,638008.47403873,1083.0,42.019978,367514.50779839,0.0,BTCUSDT
2020-01-15 20:25:00,8744.91,8754.0,8742.32,8753.94,84.600585,1579120199999.0,739852.34624834,1166.0,45.832724,400837.03649871,0.0,BTCUSDT
2020-01-15 20:30:00,8753.54,8755.0,8742.0,8742.5,79.330389,1579120499999.0,694096.86659639,1066.0,31.240773,273368.35816055,0.0,BTCUSDT
2020-01-15 20:35:00,8742.23,8799.0,8740.0,8799.0,965.201701,1579120799999.0,8472975.67991537,3846.0,858.157377,7533415.54541599,0.0,BTCUSDT
2020-01-15 20:40:00,8799.0,8807.6,8775.84,8794.3,534.474101,1579121099999.0,4700318.62808633,3359.0,192.823518,1695945.53236898,0.0,BTCUSDT
2020-01-15 20:45:00,8794.36,8800.49,8770.7,8778.11,362.169438,1579121399999.0,3182839.46883179,2126.0,105.449117,926529.20394469,0.0,BTCUSDT
2020-01-15 20:50:00,8779.98,8830.0,8760.0,8829.67,508.709,1579121699999.0,4479024.069015,3538.0,301.230045,2654806.10763569,0.0,BTCUSDT
2020-01-15 20:55:00,8829.67,8842.1,8808.89,8814.21,270.106364,1579121999999.0,2384071.19296025,2329.0,135.57093,1196484.62975413,0.0,BTCUSDT
2020-01-15 21:00:00,8815.21,8839.39,8813.91,8830.08,586.540514,1579122299999.0,5175425.89401333,2549.0,382.489939,3373683.37140183,0.0,BTCUSDT
2020-01-15 21:05:00,8830.07,8839.9,8816.48,8839.33,419.455597,1579122599999.0,3703805.30413102,1919.0,70.948969,626505.03102369,0.0,BTCUSDT
2020-01-15 21:10:00,8838.94,8840.0,8825.55,8835.05,216.328975,1579122899999.0,1910913.33488418,1665.0,134.649162,1189514.78655998,0.0,BTCUSDT
2020-01-15 21:15:00,8835.08,8853.0,8835.0,8852.02,507.452846,1579123199999.0,4486977.01302814,2239.0,435.764831,3852956.51156712,0.0,BTCUSDT
2020-01-15 21:20:00,8852.12,8860.0,8839.25,8846.82,485.046746,1579123499999.0,4292815.07927021,2617.0,160.352096,1419786.70936944,0.0,BTCUSDT
2020-01-15 21:25:00,8846.85,8847.0,8839.25,8839.25,294.283535,1579123799999.0,2601456.40115145,2121.0,48.897531,432297.53495215,0.0,BTCUSDT
2020-01-15 21:30:00,8839.25,8849.0,8816.2,8826.12,509.759065,1579124099999.0,4504048.86604559,3509.0,111.116898,981482.19524181,0.0,BTCUSDT
2020-01-15 21:35:00,8826.13,8828.65,8765.0,8798.7,600.42812,1579124399999.0,5284471.10534727,3404.0,395.342251,3480539.90264092,0.0,BTCUSDT
2020-01-15 21:40:00,8800.0,8811.98,8788.7,8805.44,502.136782,1579124699999.0,4419104.15037263,2609.0,433.011561,3810715.8182374,0.0,BTCUSDT
2020-01-15 21:45:00,8805.44,8817.5,8805.42,8814.48,111.258966,1579124999999.0,980561.57683404,1389.0,80.098433,705933.42432036,0.0,BTCUSDT
2020-01-15 21:50:00,8814.48,8830.0,8814.4,8828.82,146.241641,1579125299999.0,1289878.34152878,1410.0,101.405762,894434.04799475,0.0,BTCUSDT
2020-01-15 21:55:00,8828.82,8860.0,8824.91,8830.73,332.936954,1579125599999.0,2941757.61594185,2150.0,230.043199,2033201.10568949,0.0,BTCUSDT
2020-01-15 22:00:00,8830.61,8835.0,8824.91,8824.91,250.547105,1579125899999.0,2211593.01417009,1916.0,32.550954,287418.40763127,0.0,BTCUSDT
2020-01-15 22:05:00,8824.91,8825.95,8812.66,8813.0,126.659575,1579126199999.0,1117129.96632462,1601.0,33.86859,298665.39902282,0.0,BTCUSDT
2020-01-15 22:10:00,8813.09,8830.0,8803.13,8828.45,252.084347,1579126499999.0,2221332.56034069,2282.0,179.347595,1580414.93578583,0.0,BTCUSDT
2020-01-15 22:15:00,8828.44,8851.0,8827.89,8837.82,121.528053,1579126799999.0,1074543.93748573,2085.0,62.376638,551546.58146939,0.0,BTCUSDT
2020-01-15 22:20:00,8838.31,8852.05,8829.54,8852.05,270.612755,1579127099999.0,2391906.22229122,2997.0,193.029694,1706403.62995448,0.0,BTCUSDT
2020-01-15 22:25:00,8852.02,8860.0,8847.12,8847.78,143.824762,1579127399999.0,1273414.47923907,2063.0,81.066652,717829.10324968,0.0,BTCUSDT
2020-01-15 22:30:00,8847.78,8849.91,8800.0,8841.75,243.265034,1579127699999.0,2148564.80649293,2288.0,81.02775,716417.51697969,0.0,BTCUSDT
2020-01-15 22:35:00,8842.66,8860.0,8841.02,8860.0,176.777464,1579127999999.0,1564921.12533032,1868.0,130.401034,1154481.13880932,0.0,BTCUSDT
2020-01-15 22:40:00,8860.0,8860.0,8850.0,8851.07,137.538043,1579128299999.0,1217897.20522909,1671.0,56.638478,501635.66945962,0.0,BTCUSDT
2020-01-15 22:45:00,8852.28,8852.32,8820.0,8835.41,301.417703,1579128599999.0,2664786.66486331,2078.0,82.515303,729312.35030729,0.0,BTCUSDT
2020-01-15 22:50:00,8833.52,8849.91,8830.68,8848.72,154.582507,1579128899999.0,1366643.03343352,1816.0,97.772563,864418.53303424,0.0,BTCUSDT
2020-01-15 22:55:00,8849.11,8869.32,8848.64,8860.01,286.871139,1579129199999.0,2541307.00013569,2300.0,199.458102,1766964.7977831,0.0,BTCUSDT
2020-01-15 23:00:00,8861.91,8876.4,8849.23,8862.74,148.582047,1579129499999.0,1317244.96197735,2404.0,90.42399,801763.54816883,0.0,BTCUSDT
2020-01-15 23:05:00,8863.13,8864.97,8811.0,8839.52,218.040324,1579129799999.0,1926715.58372646,2996.0,106.800379,943910.63188839,0.0,BTCUSDT
2020-01-15 23:10:00,8841.85,8856.0,8830.05,8835.31,119.039725,1579130099999.0,1052918.6269423,1604.0,54.352256,480737.25629757,0.0,BTCUSDT
2020-01-15 23:15:00,8835.3,8842.99,8815.01,8815.05,127.133146,1579130399999.0,1122465.27558495,1830.0,62.019622,547805.69467507,0.0,BTCUSDT
2020-01-15 23:20:00,8815.09,8840.31,8815.0,8838.43,82.746802,1579130699999.0,730661.76152993,1723.0,53.938642,476314.91753892,0.0,BTCUSDT
2020-01-15 23:25:00,8838.58,8849.0,8837.11,8840.13,59.417471,1579130999999.0,525468.33574564,1012.0,33.158801,293252.54582129,0.0,BTCUSDT
2020-01-15 23:30:00,8840.13,8849.94,8807.0,8818.72,306.228357,1579131299999.0,2701694.86952397,2292.0,95.06184,838922.08417953,0.0,BTCUSDT
2020-01-15 23:35:00,8818.8,8820.08,8800.0,8800.14,283.645105,1579131599999.0,2497797.75040039,2344.0,86.660796,763251.20169595,0.0,BTCUSDT
2020-01-15 23:40:00,8800.23,8826.29,8790.76,8814.5,466.271748,1579131899999.0,4105653.14898183,2574.0,120.671473,1063600.42619856,0.0,BTCUSDT
2020-01-15 23:45:00,8814.48,8824.73,8801.02,8804.88,75.289047,1579132199999.0,663469.71591834,1377.0,35.140121,309697.09709392,0.0,BTCUSDT
2020-01-15 23:50:00,8805.07,8826.0,8804.94,8822.94,70.298393,1579132499999.0,619706.71601804,1200.0,35.334292,311512.61460138,0.0,BTCUSDT
2020-01-15 23:55:00,8822.41,8835.0,8819.81,8821.41,107.600968,1579132799999.0,949928.92649085,1527.0,60.866206,537379.10801671,0.0,BTCUSDT
2020-01-16 00:00:00,8820.01,8859.0,8820.0,8856.72,277.957237,1579133099999.0,2459073.55933214,3071.0,170.282741,1506466.79548283,0.0,BTCUSDT
2020-01-16 00:05:00,8856.71,8859.81,8848.67,8849.87,241.154979,1579133399999.0,2135741.31508329,1748.0,94.31398,835246.11411697,0.0,BTCUSDT
2020-01-16 00:10:00,8849.87,8849.88,8815.0,8819.17,180.853925,1579133699999.0,1597376.8873087,1658.0,64.338609,568479.76562525,0.0,BTCUSDT
2020-01-16 00:15:00,8819.47,8822.29,8794.42,8806.16,415.941659,1579133999999.0,3662991.91652292,3255.0,242.586809,2136441.77489935,0.0,BTCUSDT
2020-01-16 00:20:00,8806.17,8806.17,8751.0,8753.24,425.690001,1579134299999.0,3734191.8647831,4175.0,148.109096,1299321.72346896,0.0,BTCUSDT
2020-01-16 00:25:00,8756.12,8779.82,8727.01,8734.32,427.524313,1579134599999.0,3742860.85480515,4336.0,157.69307,1381086.05828492,0.0,BTCUSDT
2020-01-16 00:30:00,8732.63,8756.88,8722.0,8734.87,236.843615,1579134899999.0,2069339.86321719,2739.0,111.923654,977882.82758667,0.0,BTCUSDT
2020-01-16 00:35:00,8734.57,8747.0,8713.29,8731.47,293.586919,1579135199999.0,2562653.74281182,2594.0,175.170574,1528933.48002126,0.0,BTCUSDT
2020-01-16 00:40:00,8736.52,8755.0,8712.27,8735.54,261.874454,1579135499999.0,2288706.14781677,2304.0,117.267781,1025434.46592844,0.0,BTCUSDT
2020-01-16 00:45:00,8738.17,8762.68,8736.68,8759.65,145.365711,1579135799999.0,1272533.23560021,1854.0,91.440718,800501.52236548,0.0,BTCUSDT
2020-01-16 00:50:00,8759.63,8773.0,8751.55,8763.37,145.627899,1579136099999.0,1276136.4455209,1725.0,89.426907,783663.98097843,0.0,BTCUSDT
2020-01-16 00:55:00,8764.71,8770.55,8747.79,8761.02,175.229801,1579136399999.0,1535206.9832443,1778.0,61.453673,538492.99456139,0.0,BTCUSDT
2020-01-16 01:00:00,8760.67,8771.95,8750.93,8754.59,121.00267,1579136699999.0,1060291.71177867,1337.0,57.760554,506209.20595104,0.0,BTCUSDT
2020-01-16 01:05:00,8754.82,8758.0,8725.0,8735.0,215.45104,1579136999999.0,1883056.91915272,2313.0,60.614016,529806.38016918,0.0,BTCUSDT
2020-01-16 01:10:00,8735.0,8739.24,8726.71,8734.99,164.968371,1579137299999.0,1440478.56743369,1788.0,80.06628,699124.05110775,0.0,BTCUSDT
2020-01-16 01:15:00,8734.79,8745.0,8717.0,8717.0,304.020133,1579137599999.0,2653923.35410855,2278.0,97.438757,850781.93498078,0.0,BTCUSDT
2020-01-16 01:20:00,8717.0,8717.01,8637.0,8659.68,1088.239898,1579137899999.0,9446131.61989004,9291.0,428.788059,3722480.87273233,0.0,BTCUSDT
2020-01-16 01:25:00,8656.68,8701.98,8653.41,8687.38,371.671488,1579138199999.0,3226724.86662883,3531.0,210.844294,1830228.88043425,0.0,BTCUSDT
2020-01-16 01:30:00,8688.33,8690.7,8616.51,8616.73,436.680701,1579138499999.0,3777142.11120051,4395.0,134.668184,1165525.08212249,0.0,BTCUSDT
2020-01-16 01:35:00,8616.84,8650.05,8613.32,8647.77,491.324067,1579138799999.0,4245341.86897472,5385.0,263.693982,2278294.4205511,0.0,BTCUSDT
2020-01-16 01:40:00,8647.79,8653.18,8614.02,8640.28,335.38548,1579139099999.0,2895128.61776333,4034.0,183.673236,1585701.365755,0.0,BTCUSDT
2020-01-16 01:45:00,8640.0,8667.84,8631.86,8660.58,357.842662,1579139399999.0,3095914.42698737,3873.0,189.840215,1642482.14942347,0.0,BTCUSDT
2020-01-16 01:50:00,8661.37,8665.63,8640.15,8646.08,271.78133,1579139699999.0,2351578.19856599,2152.0,108.055186,934960.00750117,0.0,BTCUSDT
2020-01-16 01:55:00,8644.97,8666.83,8642.53,8664.43,210.15055,1579139999999.0,1819342.98483518,2298.0,124.531986,1078098.30364873,0.0,BTCUSDT
2020-01-16 02:00:00,8663.63,8666.81,8608.53,8626.0,450.436829,1579140299999.0,3888717.44778564,4126.0,189.59598,1637204.96520863,0.0,BTCUSDT
2020-01-16 02:05:00,8626.38,8665.0,8623.38,8656.73,264.686898,1579140599999.0,2288697.25542518,3420.0,161.692441,1398157.35165741,0.0,BTCUSDT
2020-01-16 02:10:00,8658.38,8697.79,8657.2,8685.0,307.887415,1579140899999.0,2672699.67766174,3720.0,150.841363,1309504.5932746,0.0,BTCUSDT
2020-01-16 02:15:00,8685.0,8697.42,8670.0,8695.94,137.750682,1579141199999.0,1195698.86668349,1682.0,76.092001,660536.88372387,0.0,BTCUSDT
2020-01-16 02:20:00,8696.42,8697.7,8682.11,8682.74,132.664108,1579141499999.0,1152586.44526761,1494.0,70.024843,608394.85904263,0.0,BTCUSDT
2020-01-16 02:25:00,8682.67,8684.14,8651.88,8659.4,204.322494,1579141799999.0,1770972.75013405,2021.0,67.986772,589407.66676133,0.0,BTCUSDT
2020-01-16 02:30:00,8659.32,8680.04,8657.05,8680.04,144.656424,1579142099999.0,1254432.57335571,1796.0,95.017974,824023.25427693,0.0,BTCUSDT
2020-01-16 02:35:00,8680.04,8681.85,8664.15,8679.46,258.906579,1579142399999.0,2246053.80834265,2034.0,68.461402,593916.43981769,0.0,BTCUSDT
2020-01-16 02:40:00,8679.4,8696.0,8676.14,8680.1,166.654196,1579142699999.0,1447548.17625165,1862.0,96.340195,836881.69310248,0.0,BTCUSDT
2020-01-16 02:45:00,8680.1,8692.0,8670.0,8671.56,149.460927,1579142999999.0,1297181.1448303,1597.0,61.026335,529734.61283222,0.0,BTCUSDT
2020-01-16 02:50:00,8670.74,8675.22,8660.0,8660.35,122.204214,1579143299999.0,1059382.44183159,1531.0,42.575325,369099.60258098,0.0,BTCUSDT
2020-01-16 02:55:00,8660.01,8665.44,8650.0,8650.0,162.374543,1579143599999.0,1405628.13943717,1677.0,61.777559,534864.75930646,0.0,BTCUSDT
2020-01-16 03:00:00,8650.0,8650.01,8634.72,8644.28,204.377499,1579143899999.0,1766327.03725708,2394.0,94.08199,813187.72071121,0.0,BTCUSDT
2020-01-16 03:05:00,8644.54,8658.14,8641.26,8642.85,184.169586,1579144199999.0,1593339.18687542,2376.0,95.807489,828907.76002702,0.0,BTCUSDT
2020-01-16 03:10:00,8642.26,8647.84,8601.0,8602.53,382.122718,1579144499999.0,3292251.61581212,3277.0,135.479437,1167535.88143247,0.0,BTCUSDT
2020-01-16 03:15:00,8602.78,8629.0,8600.48,8626.76,317.664908,1579144799999.0,2737701.13408437,2648.0,162.725651,1402592.66274845,0.0,BTCUSDT
2020-01-16 03:20:00,8626.76,8643.63,8626.43,8630.33,255.762401,1579145099999.0,2208730.51203796,2268.0,79.634244,687667.93072227,0.0,BTCUSDT
2020-01-16 03:25:00,8630.49,8630.49,8586.0,8620.34,455.760754,1579145399999.0,3922335.59736897,3645.0,171.244956,1474144.95849097,0.0,BTCUSDT
2020-01-16 03:30:00,8618.46,8641.87,8612.13,8640.28,157.860929,1579145699999.0,1361409.83333546,2014.0,85.714001,739257.06896052,0.0,BTCUSDT
2020-01-16 03:35:00,8640.28,8645.17,8614.08,8642.75,196.839369,1579145999999.0,1699324.83141353,1940.0,82.792319,714942.7677778,0.0,BTCUSDT
2020-01-16 03:40:00,8642.74,8645.65,8623.01,8625.05,94.154591,1579146299999.0,813289.20161495,1186.0,49.123407,424340.93054987,0.0,BTCUSDT
2020-01-16 03:45:00,8625.59,8633.99,8623.0,8633.99,113.477861,1579146599999.0,978928.10049313,1704.0,63.658444,549176.36861335,0.0,BTCUSDT
2020-01-16 03:50:00,8634.0,8657.42,8627.09,8652.97,190.067855,1579146899999.0,1643427.22429865,2582.0,121.203712,1048062.17548844,0.0,BTCUSDT
2020-01-16 03:55:00,8652.97,8659.0,8640.0,8640.01,133.025992,1579147199999.0,1150674.45938803,2214.0,63.310683,547739.68488848,0.0,BTCUSDT
2020-01-16 04:00:00,8640.01,8641.36,8623.0,8626.66,113.405096,1579147499999.0,978908.57702323,1797.0,38.916061,335939.27881469,0.0,BTCUSDT
2020-01-16 04:05:00,8626.66,8642.05,8615.0,8638.55,157.777771,1579147799999.0,1361099.98139883,1722.0,89.812449,774873.04481967,0.0,BTCUSDT
2020-01-16 04:10:00,8638.32,8659.0,8637.0,8657.18,115.263055,1579148099999.0,996833.10098811,2047.0,55.50553,480033.07925721,0.0,BTCUSDT
2020-01-16 04:15:00,8657.2,8669.81,8652.86,8662.02,146.942979,1579148399999.0,1272728.22195543,2243.0,79.327883,687055.19732439,0.0,BTCUSDT
2020-01-16 04:20:00,8662.02,8665.83,8643.35,8647.0,214.614956,1579148699999.0,1857505.53263638,1781.0,90.947102,787217.11519842,0.0,BTCUSDT
2020-01-16 04:25:00,8647.0,8665.6,8640.01,8665.07,89.256283,1579148999999.0,772033.56122736,1530.0,53.993728,466993.20923765,0.0,BTCUSDT
2020-01-16 04:30:00,8665.68,8730.0,8651.32,8675.49,475.364162,1579149299999.0,4129500.33648503,3705.0,264.330492,2296310.16495276,0.0,BTCUSDT
2020-01-16 04:35:00,8675.5,8679.98,8664.65,8668.31,189.481741,1579149599999.0,1643206.86350128,1983.0,52.517333,455448.71521047,0.0,BTCUSDT
2020-01-16 04:40:00,8667.59,8681.59,8664.69,8671.07,117.343552,1579149899999.0,1018067.72308564,1344.0,74.553441,646883.77795899,0.0,BTCUSDT
2020-01-16 04:45:00,8671.07,8672.82,8648.0,8651.13,189.318108,1579150199999.0,1639260.80500383,1838.0,56.291847,487458.36454756,0.0,BTCUSDT
2020-01-16 04:50:00,8651.04,8666.75,8648.99,8661.35,85.75527,1579150499999.0,742444.87928735,1239.0,41.541826,359645.9794109,0.0,BTCUSDT
2020-01-16 04:55:00,8660.19,8661.7,8648.43,8651.77,74.194514,1579150799999.0,642037.1692483,957.0,39.224388,339467.02140117,0.0,BTCUSDT
2020-01-16 05:00:00,8651.55,8670.0,8649.01,8668.91,53.109912,1579151099999.0,459894.46296773,988.0,31.38934,271808.42824478,0.0,BTCUSDT
2020-01-16 05:05:00,8668.9,8675.82,8663.55,8671.11,63.848273,1579151399999.0,553616.02590066,1074.0,34.057091,295305.82191416,0.0,BTCUSDT
2020-01-16 05:10:00,8671.11,8671.27,8653.19,8656.75,79.697792,1579151699999.0,690411.78803358,1260.0,45.064432,390459.20597051,0.0,BTCUSDT
2020-01-16 05:15:00,8656.72,8673.12,8652.96,8672.12,81.123573,1579151999999.0,702627.74971686,1128.0,42.508198,368156.90794666,0.0,BTCUSDT
2020-01-16 05:20:00,8672.11,8682.3,8670.95,8682.3,85.584912,1579152299999.0,742561.00952592,1204.0,54.864582,476044.46257119,0.0,BTCUSDT
2020-01-16 05:25:00,8682.3,8692.92,8678.99,8690.79,96.16133,1579152599999.0,835141.73413988,1464.0,60.127921,522183.97481019,0.0,BTCUSDT
2020-01-16 05:30:00,8690.8,8708.28,8689.0,8691.0,179.880324,1579152899999.0,1564433.05766614,1795.0,91.703142,797613.97220699,0.0,BTCUSDT
2020-01-16 05:35:00,8692.06,8697.12,8681.01,8681.66,104.374703,1579153199999.0,906718.76634093,1257.0,48.162468,418401.2808023,0.0,BTCUSDT
2020-01-16 05:40:00,8681.56,8700.0,8680.0,8699.45,158.052515,1579153499999.0,1372811.6340807,1350.0,119.708941,1039796.59435923,0.0,BTCUSDT
2020-01-16 05:45:00,8699.98,8711.15,8692.82,8704.6,318.290247,1579153799999.0,2771099.02024622,2573.0,90.139426,784438.25306761,0.0,BTCUSDT
2020-01-16 05:50:00,8703.53,8727.85,8703.53,8717.41,185.504573,1579154099999.0,1617036.20274643,2114.0,112.923652,984495.96160344,0.0,BTCUSDT
2020-01-16 05:55:00,8717.41,8724.75,8700.01,8700.55,202.138313,1579154399999.0,1761402.65315403,1863.0,68.832031,599808.47123661,0.0,BTCUSDT
2020-01-16 06:00:00,8700.66,8707.99,8690.0,8690.08,92.810318,1579154699999.0,807331.41538224,1192.0,48.811155,424615.62397129,0.0,BTCUSDT
2020-01-16 06:05:00,8690.89,8698.42,8685.0,8685.0,137.425304,1579154999999.0,1194653.54198222,1468.0,85.16255,740404.78069314,0.0,BTCUSDT
2020-01-16 06:10:00,8685.0,8697.0,8675.0,8694.0,125.361082,1579155299999.0,1088365.99709463,1600.0,73.645901,639448.18920728,0.0,BTCUSDT
2020-01-16 06:15:00,8694.15,8706.67,8693.04,8695.09,72.693041,1579155599999.0,632343.56049069,1132.0,33.66483,292866.76897564,0.0,BTCUSDT
2020-01-16 06:20:00,8695.0,8701.85,8695.0,8700.0,80.554135,1579155899999.0,700657.45540445,925.0,28.544274,248287.31098999,0.0,BTCUSDT
2020-01-16 06:25:00,8700.84,8713.16,8700.45,8710.0,128.586149,1579156199999.0,1119747.91120557,1089.0,54.612271,475530.10704275,0.0,BTCUSDT
2020-01-16 06:30:00,8710.4,8713.73,8707.56,8707.56,176.779103,1579156499999.0,1539749.20141662,1322.0,25.428119,221515.66171757,0.0,BTCUSDT
2020-01-16 06:35:00,8707.56,8707.57,8700.0,8702.17,193.656235,1579156799999.0,1685590.39943663,1795.0,36.475236,317410.06494109,0.0,BTCUSDT
2020-01-16 06:40:00,8702.42,8720.0,8695.76,8718.54,116.109475,1579157099999.0,1011289.04748512,1685.0,62.420509,543765.21834891,0.0,BTCUSDT
2020-01-16 06:45:00,8718.55,8724.59,8712.0,8715.61,122.476853,1579157399999.0,1067757.94120294,1591.0,51.788864,451554.82843504,0.0,BTCUSDT
2020-01-16 06:50:00,8714.95,8718.16,8711.01,8714.0,76.650571,1579157699999.0,667972.32446379,1223.0,22.865988,199281.9154332,0.0,BTCUSDT
2020-01-16 06:55:00,8714.0,8727.24,8714.0,8721.22,106.32756,1579157999999.0,927279.99780356,1336.0,53.519324,466740.09819034,0.0,BTCUSDT
2020-01-16 07:00:00,8721.37,8723.27,8708.0,8708.0,324.365966,1579158299999.0,2825563.78959039,2190.0,33.350233,290598.29906839,0.0,BTCUSDT
2020-01-16 07:05:00,8708.01,8708.01,8695.52,8697.65,259.740981,1579158599999.0,2261073.45362546,1759.0,51.560743,448620.56226481,0.0,BTCUSDT
2020-01-16 07:10:00,8697.64,8708.63,8695.52,8704.77,121.643856,1579158899999.0,1058652.04798337,1712.0,80.638855,701772.15172848,0.0,BTCUSDT
2020-01-16 07:15:00,8705.45,8706.42,8693.2,8693.53,104.999792,1579159199999.0,913491.54537991,1474.0,50.768313,441729.90080776,0.0,BTCUSDT
2020-01-16 07:20:00,8693.52,8693.53,8675.0,8678.73,380.292626,1579159499999.0,3302805.5142657,3049.0,155.364173,1349438.28813774,0.0,BTCUSDT
2020-01-16 07:25:00,8679.31,8683.9,8661.01,8665.67,208.154114,1579159799999.0,1805054.23484492,2463.0,91.49101,793452.76913676,0.0,BTCUSDT
2020-01-16 07:30:00,8664.49,8680.0,8658.8,8677.13,239.5762,1579160099999.0,2076870.30746527,2185.0,164.565084,1426705.90039989,0.0,BTCUSDT
2020-01-16 07:35:00,8677.11,8682.88,8670.54,8671.72,82.926155,1579160399999.0,719672.29475327,1249.0,55.108246,478261.94561656,0.0,BTCUSDT
2020-01-16 07:40:00,8671.71,8673.33,8654.69,8669.44,174.419309,1579160699999.0,1511304.49590909,1710.0,56.735609,491621.02856827,0.0,BTCUSDT
2020-01-16 07:45:00,8669.43,8685.52,8665.31,8683.92,87.037258,1579160999999.0,755410.84710902,1168.0,52.704949,457428.40959214,0.0,BTCUSDT
2020-01-16 07:50:00,8683.92,8683.92,8675.0,8675.09,71.851515,1579161299999.0,623754.46797425,1056.0,35.648691,309455.96538351,0.0,BTCUSDT
2020-01-16 07:55:00,8675.09,8680.0,8672.46,8680.0,81.574023,1579161599999.0,707821.64802004,1008.0,52.926892,459267.5406583,0.0,BTCUSDT
2020-01-16 08:00:00,8679.99,8680.0,8666.32,8667.25,95.488432,1579161899999.0,828154.51008943,1264.0,41.657825,361281.15607,0.0,BTCUSDT
2020-01-16 08:05:00,8667.18,8675.0,8664.95,8665.02,112.055544,1579162199999.0,971558.86032806,1583.0,78.477954,680439.56577151,0.0,BTCUSDT
2020-01-16 08:10:00,8666.36,8680.0,8662.0,8680.0,88.442191,1579162499999.0,766618.54091222,1236.0,52.603009,455986.22578456,0.0,BTCUSDT
2020-01-16 08:15:00,8679.96,8714.58,8675.17,8712.38,1083.494158,1579162799999.0,9407478.54855928,4001.0,992.865432,8619927.34352337,0.0,BTCUSDT
2020-01-16 08:20:00,8712.34,8714.43,8700.75,8701.26,196.896877,1579163099999.0,1714342.53846307,1651.0,97.578728,849667.41097365,0.0,BTCUSDT
2020-01-16 08:25:00,8702.57,8702.57,8687.74,8698.81,163.272836,1579163399999.0,1419777.37400761,1649.0,80.991033,704110.6707857,0.0,BTCUSDT
2020-01-16 08:30:00,8698.75,8715.0,8695.06,8707.31,93.973151,1579163699999.0,818056.05662146,1253.0,55.527065,483416.60004218,0.0,BTCUSDT
2020-01-16 08:35:00,8707.31,8710.0,8701.0,8702.33,110.206747,1579163999999.0,959386.25861,1281.0,43.89749,382128.38410806,0.0,BTCUSDT
2020-01-16 08:40:00,8702.17,8706.24,8687.0,8688.06,134.097619,1579164299999.0,1166405.39388448,1289.0,48.110334,418528.3460867,0.0,BTCUSDT
2020-01-16 08:45:00,8688.36,8698.47,8687.98,8688.93,77.311052,1579164599999.0,672104.75615664,1109.0,50.133832,435851.32099622,0.0,BTCUSDT
2020-01-16 08:50:00,8688.57,8689.39,8663.35,8671.34,157.841591,1579164899999.0,1369583.25255886,1764.0,57.503157,498964.89786072,0.0,BTCUSDT
2020-01-16 08:55:00,8670.34,8675.99,8663.34,8675.44,102.274053,1579165199999.0,886594.08729301,1394.0,54.627163,473555.39790565,0.0,BTCUSDT
2020-01-16 09:00:00,8675.99,8684.58,8671.15,8683.0,111.157043,1579165499999.0,964596.45338276,1540.0,60.69466,526678.97104635,0.0,BTCUSDT
2020-01-16 09:05:00,8683.0,8685.87,8667.71,8669.49,74.598428,1579165799999.0,647182.23621819,1039.0,37.369479,324241.50907875,0.0,BTCUSDT
2020-01-16 09:10:00,8669.52,8670.53,8644.2,8663.78,237.266804,1579166099999.0,2053835.68219526,2485.0,86.171447,745849.28488668,0.0,BTCUSDT
2020-01-16 09:15:00,8663.79,8665.99,8646.02,8651.66,139.782189,1579166399999.0,1209993.06703245,1798.0,68.640108,594335.4112917,0.0,BTCUSDT
2020-01-16 09:20:00,8651.01,8651.66,8628.49,8628.86,216.449346,1579166699999.0,1869556.88555316,2660.0,79.913639,690204.55249914,0.0,BTCUSDT
2020-01-16 09:25:00,8628.49,8632.78,8606.0,8611.59,305.691538,1579166999999.0,2635272.77826899,3231.0,121.122246,1044371.96168537,0.0,BTCUSDT
2020-01-16 09:30:00,8610.17,8635.99,8608.31,8632.2,221.606175,1579167299999.0,1911167.92606559,2312.0,115.866315,999142.77399064,0.0,BTCUSDT
2020-01-16 09:35:00,8632.15,8634.14,8613.55,8616.68,219.800294,1579167599999.0,1894930.974838,1725.0,87.47688,754229.20740936,0.0,BTCUSDT
2020-01-16 09:40:00,8615.89,8631.29,8613.38,8625.11,159.155103,1579167899999.0,1372382.31671261,1391.0,89.675933,773276.28385189,0.0,BTCUSDT
2020-01-16 09:45:00,8624.45,8639.99,8620.07,8639.48,140.974715,1579168199999.0,1217016.65533438,1603.0,74.569994,643693.09260807,0.0,BTCUSDT
2020-01-16 09:50:00,8639.52,8649.71,8635.51,8647.99,170.38182,1579168499999.0,1472586.57258577,2054.0,67.064916,579614.60122498,0.0,BTCUSDT
2020-01-16 09:55:00,8649.56,8656.23,8642.79,8645.41,228.068341,1579168799999.0,1972631.20083079,1573.0,52.895871,457512.45243325,0.0,BTCUSDT
2020-01-16 10:00:00,8645.71,8646.26,8623.67,8627.54,154.919432,1579169099999.0,1337742.44686301,2006.0,85.655235,739633.03321278,0.0,BTCUSDT
2020-01-16 10:05:00,8627.51,8629.53,8620.0,8621.47,320.945271,1579169399999.0,2767151.86870817,1645.0,149.612937,1290078.20647831,0.0,BTCUSDT
2020-01-16 10:10:00,8621.49,8622.1,8600.4,8610.92,285.820202,1579169699999.0,2460466.35352073,2648.0,96.207296,828195.94840677,0.0,BTCUSDT
2020-01-16 10:15:00,8610.91,8640.77,8608.13,8633.52,174.756176,1579169999999.0,1507980.45277836,2044.0,79.011653,681646.51574643,0.0,BTCUSDT
2020-01-16 10:20:00,8634.75,8644.95,8610.0,8620.35,207.144271,1579170299999.0,1787062.60931481,2188.0,83.759898,722484.03885759,0.0,BTCUSDT
2020-01-16 10:25:00,8620.35,8631.87,8613.61,8625.63,135.547186,1579170599999.0,1169042.10495054,1386.0,68.901681,594251.16307018,0.0,BTCUSDT
2020-01-16 10:30:00,8625.63,8653.15,8625.0,8651.62,174.205616,1579170899999.0,1505275.45231252,1904.0,109.025429,942152.79156813,0.0,BTCUSDT
2020-01-16 10:35:00,8651.62,8658.76,8642.74,8644.84,155.296202,1579171199999.0,1343439.28883955,2026.0,80.825772,699223.84890847,0.0,BTCUSDT
2020-01-16 10:40:00,8644.37,8653.0,8632.29,8646.87,148.719481,1579171499999.0,1285466.28694636,1660.0,86.473672,747464.70170212,0.0,BTCUSDT
2020-01-16 10:45:00,8648.02,8648.03,8620.0,8625.92,146.499658,1579171799999.0,1264847.79583227,1444.0,62.700946,541503.54636108,0.0,BTCUSDT
2020-01-16 10:50:00,8625.92,8657.6,8625.92,8648.86,175.398666,1579172099999.0,1515406.38363243,1427.0,128.930722,1114093.72448301,0.0,BTCUSDT
2020-01-16 10:55:00,8648.92,8662.76,8643.03,8658.0,133.643727,1579172399999.0,1156392.39140275,1429.0,75.734538,655337.5806921,0.0,BTCUSDT
2020-01-16 11:00:00,8658.32,8664.77,8645.9,8663.35,127.582766,1579172699999.0,1104554.10435232,1519.0,72.057214,623925.50688278,0.0,BTCUSDT
2020-01-16 11:05:00,8663.42,8667.01,8656.12,8661.83,113.001202,1579172999999.0,978837.48973688,1418.0,60.016313,519894.84315656,0.0,BTCUSDT
2020-01-16 11:10:00,8662.19,8662.19,8638.54,8648.05,144.811961,1579173299999.0,1252479.16895857,1759.0,82.844456,716478.04140445,0.0,BTCUSDT
2020-01-16 11:15:00,8649.16,8649.99,8635.78,8637.0,109.596708,1579173599999.0,947440.40453371,1108.0,43.338576,374704.39513,0.0,BTCUSDT
2020-01-16 11:20:00,8637.13,8642.87,8628.03,8641.55,100.822797,1579173899999.0,870657.93458903,1302.0,59.915896,517439.6502672,0.0,BTCUSDT
2020-01-16 11:25:00,8640.3,8656.87,8640.01,8656.29,108.758876,1579174199999.0,940258.57393519,1195.0,75.877541,655980.64028907,0.0,BTCUSDT
2020-01-16 11:30:00,8656.86,8700.0,8649.78,8697.73,349.798509,1579174499999.0,3035885.23565363,3757.0,194.809427,1691272.84560753,0.0,BTCUSDT
2020-01-16 11:35:00,8696.96,8719.98,8675.43,8714.12,649.486289,1579174799999.0,5651667.4630502,4861.0,426.438568,3710703.75844621,0.0,BTCUSDT
2020-01-16 11:40:00,8710.45,8714.95,8690.38,8701.37,394.496011,1579175099999.0,3432554.69255942,2454.0,93.088103,809950.44939218,0.0,BTCUSDT
2020-01-16 11:45:00,8701.66,8712.82,8685.7,8693.96,213.487811,1579175399999.0,1856690.3163865,2181.0,101.350057,881492.11776294,0.0,BTCUSDT
2020-01-16 11:50:00,8695.27,8702.99,8682.07,8691.95,140.156383,1579175699999.0,1218262.1851552,1751.0,64.069682,556849.97295562,0.0,BTCUSDT
2020-01-16 11:55:00,8691.88,8725.0,8685.82,8724.91,476.172231,1579175999999.0,4149775.06934126,2896.0,357.360319,3114795.95499582,0.0,BTCUSDT
2020-01-16 12:00:00,8724.82,8730.0,8692.35,8726.68,331.291155,1579176299999.0,2886580.69899221,3145.0,192.263006,1675491.74413822,0.0,BTCUSDT
2020-01-16 12:05:00,8724.54,8769.71,8721.92,8769.14,508.578302,1579176599999.0,4449263.26934022,5021.0,299.867311,2623619.8144122,0.0,BTCUSDT
2020-01-16 12:10:00,8769.25,8778.0,8739.19,8755.0,354.025995,1579176899999.0,3101391.28905238,3028.0,172.194918,1508847.98478924,0.0,BTCUSDT
2020-01-16 12:15:00,8755.0,8767.85,8738.97,8760.55,231.354261,1579177199999.0,2025037.60975132,2048.0,139.542171,1221508.96107865,0.0,BTCUSDT
2020-01-16 12:20:00,8760.54,8775.04,8756.62,8764.82,303.25842,1579177499999.0,2659838.73425746,2006.0,88.666044,777621.55886623,0.0,BTCUSDT
2020-01-16 12:25:00,8765.35,8789.0,8762.91,8766.74,262.742336,1579177799999.0,2305705.50616233,2790.0,149.592938,1312765.94129432,0.0,BTCUSDT
2020-01-16 12:30:00,8765.72,8766.66,8738.86,8749.84,288.990567,1579178099999.0,2529648.73747571,2957.0,151.319627,1324701.8140084,0.0,BTCUSDT
2020-01-16 12:35:00,8749.73,8770.76,8746.28,8765.13,173.872905,1579178399999.0,1523089.32443919,2220.0,107.391236,940743.95978031,0.0,BTCUSDT
2020-01-16 12:40:00,8765.13,8769.33,8738.0,8738.84,129.435731,1579178699999.0,1133058.93431729,1481.0,52.391475,458697.21785011,0.0,BTCUSDT
2020-01-16 12:45:00,8738.0,8754.53,8735.43,8746.93,203.941153,1579178999999.0,1783276.31173231,1758.0,139.827232,1222594.76541993,0.0,BTCUSDT
2020-01-16 12:50:00,8746.92,8766.16,8745.04,8761.77,119.68786,1579179299999.0,1048095.94666795,1373.0,77.684999,680342.89943554,0.0,BTCUSDT
2020-01-16 12:55:00,8761.89,8763.37,8705.0,8720.0,261.606121,1579179599999.0,2283665.90762677,2540.0,85.371493,745487.61517237,0.0,BTCUSDT
2020-01-16 13:00:00,8720.0,8727.0,8690.0,8695.45,649.325092,1579179899999.0,5650047.2897345,3680.0,256.718956,2233830.58827218,0.0,BTCUSDT
2020-01-16 13:05:00,8695.45,8709.75,8660.0,8698.43,341.000791,1579180199999.0,2960562.93324116,3916.0,162.099232,1407774.08099634,0.0,BTCUSDT
2020-01-16 13:10:00,8698.43,8706.16,8684.08,8692.53,115.849018,1579180499999.0,1007269.88754706,1484.0,55.452763,482161.05090799,0.0,BTCUSDT
2020-01-16 13:15:00,8692.75,8700.0,8670.63,8681.27,162.95301,1579180799999.0,1415105.40873881,1696.0,73.869428,641463.63004038,0.0,BTCUSDT
2020-01-16 13:20:00,8679.23,8703.87,8679.23,8703.84,123.550642,1579181099999.0,1074292.50148154,1347.0,71.475659,621523.0212436,0.0,BTCUSDT
2020-01-16 13:25:00,8703.85,8710.0,8683.26,8693.99,176.524208,1579181399999.0,1534712.87305911,2061.0,81.647838,709790.19642464,0.0,BTCUSDT
2020-01-16 13:30:00,8694.55,8699.12,8674.84,8679.07,100.547202,1579181699999.0,873335.85349831,1377.0,49.332245,428500.96445184,0.0,BTCUSDT
2020-01-16 13:35:00,8679.11,8711.0,8678.98,8698.12,152.204501,1579181999999.0,1323011.91607583,1381.0,80.407171,698864.1789683,0.0,BTCUSDT
2020-01-16 13:40:00,8698.24,8708.66,8697.61,8706.25,124.755128,1579182299999.0,1085749.15644896,1378.0,58.726926,511120.29244007,0.0,BTCUSDT
2020-01-16 13:45:00,8706.25,8706.52,8686.4,8691.22,118.712299,1579182599999.0,1031997.09582974,1419.0,75.287999,654457.57421846,0.0,BTCUSDT
2020-01-16 13:50:00,8691.84,8698.0,8680.09,8685.14,115.834755,1579182899999.0,1006618.7317949,1447.0,61.605875,535449.79337868,0.0,BTCUSDT
2020-01-16 13:55:00,8684.84,8700.0,8680.12,8695.29,118.500312,1579183199999.0,1029600.64703136,1727.0,51.591405,448297.15982362,0.0,BTCUSDT
2020-01-16 14:00:00,8695.27,8702.52,8672.53,8678.74,185.135012,1579183499999.0,1608897.47810481,2447.0,90.732146,788573.44136442,0.0,BTCUSDT
2020-01-16 14:05:00,8677.84,8685.5,8660.0,8661.66,223.853389,1579183799999.0,1941278.02195756,2525.0,85.285324,739898.17268473,0.0,BTCUSDT
2020-01-16 14:10:00,8661.06,8670.0,8646.0,8653.35,298.224575,1579184099999.0,2581922.85704056,2243.0,180.642372,1564201.21805138,0.0,BTCUSDT
2020-01-16 14:15:00,8654.69,8670.0,8640.35,8668.34,200.936362,1579184399999.0,1738700.56174475,2322.0,101.310799,876732.10936043,0.0,BTCUSDT
2020-01-16 14:20:00,8668.51,8679.23,8659.28,8661.14,144.166174,1579184699999.0,1250091.79351318,1831.0,82.051657,711542.1724355,0.0,BTCUSDT
2020-01-16 14:25:00,8659.31,8690.0,8655.46,8680.19,164.181329,1579184999999.0,1424355.10968861,1644.0,87.77551,761624.45191411,0.0,BTCUSDT
2020-01-16 14:30:00,8681.46,8696.02,8680.0,8692.22,123.304799,1579185299999.0,1070994.57768005,1515.0,62.563865,543386.47914815,0.0,BTCUSDT
2020-01-16 14:35:00,8691.4,8695.89,8681.45,8685.92,148.514342,1579185599999.0,1290121.7985122,1632.0,76.669099,666032.41054997,0.0,BTCUSDT
2020-01-16 14:40:00,8685.99,8695.02,8682.28,8688.36,122.103441,1579185899999.0,1060786.91249228,1058.0,77.844872,676300.71569194,0.0,BTCUSDT
2020-01-16 14:45:00,8688.36,8689.01,8665.88,8666.05,86.006731,1579186199999.0,746285.0365745,1273.0,31.800451,275958.84496489,0.0,BTCUSDT
2020-01-16 14:50:00,8667.33,8672.34,8657.02,8663.99,110.198595,1579186499999.0,954913.01842729,1306.0,57.642897,499528.81180334,0.0,BTCUSDT
2020-01-16 14:55:00,8664.0,8687.95,8657.26,8686.18,122.262563,1579186799999.0,1059958.10392175,1670.0,86.911475,753433.29462624,0.0,BTCUSDT
2020-01-16 15:00:00,8686.57,8701.0,8678.13,8692.4,197.176929,1579187099999.0,1713902.3443078,1806.0,100.780418,876174.02164831,0.0,BTCUSDT
2020-01-16 15:05:00,8692.4,8703.18,8683.57,8689.05,214.742933,1579187399999.0,1867455.79954703,1815.0,97.9336,851833.8310346,0.0,BTCUSDT
2020-01-16 15:10:00,8689.05,8692.7,8675.0,8678.88,102.953232,1579187699999.0,894057.56294237,1310.0,47.274549,410540.78382674,0.0,BTCUSDT
2020-01-16 15:15:00,8678.88,8691.59,8668.33,8688.57,113.550716,1579187999999.0,985475.29328163,1349.0,52.475167,455470.20560124,0.0,BTCUSDT
2020-01-16 15:20:00,8688.26,8698.68,8683.21,8692.32,75.474817,1579188299999.0,656046.96694995,1033.0,39.408738,342543.14035849,0.0,BTCUSDT
2020-01-16 15:25:00,8691.34,8697.98,8681.6,8696.64,123.675785,1579188599999.0,1074608.95757059,1229.0,50.424587,438169.02830699,0.0,BTCUSDT
2020-01-16 15:30:00,8696.49,8707.0,8690.75,8697.36,161.068194,1579188899999.0,1401434.95765636,1663.0,112.13724,975751.17961714,0.0,BTCUSDT
2020-01-16 15:35:00,8697.36,8700.0,8687.48,8688.78,58.291173,1579189199999.0,506915.02609014,1034.0,36.915896,321047.65421264,0.0,BTCUSDT
2020-01-16 15:40:00,8687.86,8694.61,8685.67,8687.19,75.161349,1579189499999.0,653167.71976822,1041.0,46.590291,404889.66044006,0.0,BTCUSDT
2020-01-16 15:45:00,8687.32,8701.0,8687.32,8695.9,72.759984,1579189799999.0,632732.1527496,1000.0,33.163337,288397.64551996,0.0,BTCUSDT
2020-01-16 15:50:00,8695.87,8705.9,8685.0,8705.3,90.553188,1579190099999.0,787137.77392431,1099.0,46.737088,406292.7536361,0.0,BTCUSDT
2020-01-16 15:55:00,8705.3,8725.0,8697.39,8710.02,208.198368,1579190399999.0,1813786.50363256,2368.0,113.556621,989492.39097925,0.0,BTCUSDT
2020-01-16 16:00:00,8710.01,8716.56,8673.0,8702.57,325.609082,1579190699999.0,2830652.3948742,3577.0,194.227093,1688532.76451867,0.0,BTCUSDT
2020-01-16 16:05:00,8702.59,8720.82,8689.58,8707.92,251.587347,1579190999999.0,2190291.24499448,2988.0,97.048182,844627.52024862,0.0,BTCUSDT
2020-01-16 16:10:00,8708.29,8709.93,8684.56,8685.94,238.97686,1579191299999.0,2077678.03844937,2208.0,145.416161,1264092.28408954,0.0,BTCUSDT
2020-01-16 16:15:00,8685.7,8685.7,8658.04,8661.76,264.73011,1579191599999.0,2295568.23084519,3079.0,128.629746,1115574.39342118,0.0,BTCUSDT
2020-01-16 16:20:00,8661.34,8667.98,8646.5,8661.82,316.16821,1579191899999.0,2736795.03832835,2591.0,170.248256,1473737.55330851,0.0,BTCUSDT
2020-01-16 16:25:00,8660.78,8673.79,8655.0,8655.96,127.233002,1579192199999.0,1102314.16057535,1647.0,61.133671,529694.86274156,0.0,BTCUSDT
2020-01-16 16:30:00,8657.33,8658.08,8626.0,8630.56,300.137274,1579192499999.0,2593720.78686769,2829.0,116.234531,1004541.43901932,0.0,BTCUSDT
2020-01-16 16:35:00,8632.21,8659.4,8630.28,8659.12,150.249956,1579192799999.0,1298674.7257119,2357.0,81.067573,700648.37278413,0.0,BTCUSDT
2020-01-16 16:40:00,8659.11,8669.89,8648.95,8664.71,136.336868,1579193099999.0,1180708.06619417,1802.0,61.940685,536441.8576319,0.0,BTCUSDT
2020-01-16 16:45:00,8664.06,8664.84,8644.0,8647.34,131.192051,1579193399999.0,1134872.47728973,1350.0,75.821141,655883.76350208,0.0,BTCUSDT
2020-01-16 16:50:00,8647.09,8657.6,8632.01,8652.99,194.718686,1579193699999.0,1682295.73225382,1802.0,91.516245,790757.28875008,0.0,BTCUSDT
2020-01-16 16:55:00,8652.98,8660.95,8648.16,8660.19,120.132991,1579193999999.0,1039830.46239873,1209.0,60.465912,523394.16641623,0.0,BTCUSDT
2020-01-16 17:00:00,8660.19,8678.95,8651.14,8656.03,141.150395,1579194299999.0,1223110.5801298,2292.0,56.060222,485738.31711224,0.0,BTCUSDT
2020-01-16 17:05:00,8656.04,8675.0,8655.0,8674.72,70.484084,1579194599999.0,610636.81553692,1388.0,34.675604,300426.24940015,0.0,BTCUSDT
2020-01-16 17:10:00,8674.72,8697.9,8668.19,8687.4,228.304051,1579194899999.0,1983059.91062391,3426.0,101.63157,882839.21368762,0.0,BTCUSDT
2020-01-16 17:15:00,8690.05,8698.37,8670.0,8686.77,169.108118,1579195199999.0,1468469.78518775,2867.0,63.496234,551347.66709993,0.0,BTCUSDT
2020-01-16 17:20:00,8687.04,8695.0,8679.84,8685.94,171.685934,1579195499999.0,1491616.06858252,2128.0,70.467945,612266.42151238,0.0,BTCUSDT
2020-01-16 17:25:00,8686.53,8688.0,8670.0,8677.99,149.489387,1579195799999.0,1297396.22182987,1903.0,70.072564,608293.12608373,0.0,BTCUSDT
2020-01-16 17:30:00,8677.99,8696.0,8670.5,8693.54,151.814091,1579196099999.0,1318676.21653045,1581.0,100.900523,876464.96893502,0.0,BTCUSDT
2020-01-16 17:35:00,8693.55,8719.11,8688.0,8703.62,226.209025,1579196399999.0,1969106.7958703,2906.0,128.068413,1114946.43857188,0.0,BTCUSDT
2020-01-16 17:40:00,8702.9,8712.3,8691.29,8692.41,159.549667,1579196699999.0,1388459.25804385,1613.0,73.366484,638636.39487898,0.0,BTCUSDT
2020-01-16 17:45:00,8693.07,8696.62,8680.17,8692.13,130.249938,1579196999999.0,1131697.9944228,1962.0,75.202804,653457.4463866,0.0,BTCUSDT
2020-01-16 17:50:00,8691.34,8700.0,8681.38,8697.37,109.751757,1579197299999.0,953970.59226337,1251.0,51.065871,443931.1689817,0.0,BTCUSDT
2020-01-16 17:55:00,8697.37,8698.07,8675.02,8678.13,97.383063,1579197599999.0,845761.84628358,1401.0,46.45726,403448.13760808,0.0,BTCUSDT
2020-01-16 18:00:00,8678.13,8693.0,8675.37,8690.02,79.92962,1579197899999.0,694145.3819713,1028.0,44.840116,389372.24821907,0.0,BTCUSDT
2020-01-16 18:05:00,8689.56,8692.42,8666.07,8666.75,88.420152,1579198199999.0,767564.70080213,1296.0,36.097128,313416.85942418,0.0,BTCUSDT
2020-01-16 18:10:00,8666.75,8678.02,8657.37,8662.46,197.050582,1579198499999.0,1707437.88171726,2382.0,94.589423,819796.78378207,0.0,BTCUSDT
2020-01-16 18:15:00,8665.84,8679.99,8660.0,8674.7,114.048763,1579198799999.0,988743.04831685,1473.0,59.444859,515370.84126284,0.0,BTCUSDT
2020-01-16 18:20:00,8674.62,8675.69,8660.07,8662.39,106.807591,1579199099999.0,925847.52817733,1439.0,41.309548,358118.10897185,0.0,BTCUSDT
2020-01-16 18:25:00,8661.91,8677.35,8660.07,8676.54,121.663265,1579199399999.0,1054850.34499428,1293.0,72.873071,631835.33495585,0.0,BTCUSDT
2020-01-16 18:30:00,8675.51,8695.0,8673.55,8688.1,143.844096,1579199699999.0,1249286.08146662,1716.0,79.710763,692187.91450604,0.0,BTCUSDT
2020-01-16 18:35:00,8688.0,8694.33,8682.0,8684.8,119.976595,1579199999999.0,1042003.70982587,1511.0,49.963569,433949.86473537,0.0,BTCUSDT
2020-01-16 18:40:00,8684.8,8694.0,8679.04,8688.15,86.079545,1579200299999.0,747651.45542874,1312.0,37.010298,321485.15201299,0.0,BTCUSDT
2020-01-16 18:45:00,8688.16,8704.0,8686.0,8696.32,127.149103,1579200599999.0,1105628.96373814,1728.0,65.481695,569480.7534015,0.0,BTCUSDT
2020-01-16 18:50:00,8696.6,8703.08,8693.3,8695.0,111.680636,1579200899999.0,971419.50683492,1240.0,69.342894,603192.12567452,0.0,BTCUSDT
2020-01-16 18:55:00,8695.01,8699.8,8680.0,8684.19,178.09834,1579201199999.0,1548059.28091956,1369.0,85.49771,743247.62867141,0.0,BTCUSDT
2020-01-16 19:00:00,8684.0,8691.92,8675.0,8687.7,143.959599,1579201499999.0,1249565.66895296,1790.0,58.188374,505094.82779341,0.0,BTCUSDT
2020-01-16 19:05:00,8687.16,8698.67,8685.2,8694.36,62.156223,1579201799999.0,540297.40609124,994.0,31.598863,274680.49627006,0.0,BTCUSDT
2020-01-16 19:10:00,8695.75,8699.0,8690.24,8699.0,83.980492,1579202099999.0,730256.8116027,1123.0,48.861996,424885.27417091,0.0,BTCUSDT
2020-01-16 19:15:00,8699.0,8705.0,8695.69,8700.27,115.923929,1579202399999.0,1008600.24514578,1118.0,74.942182,652002.07974421,0.0,BTCUSDT
2020-01-16 19:20:00,8700.03,8700.77,8687.09,8692.53,99.724389,1579202699999.0,866991.44415317,1240.0,30.848459,268161.60913327,0.0,BTCUSDT
2020-01-16 19:25:00,8693.45,8717.01,8689.54,8710.11,205.22537,1579202999999.0,1787495.76223304,1799.0,82.633548,719505.61978775,0.0,BTCUSDT
2020-01-16 19:30:00,8711.05,8718.0,8696.43,8699.43,103.147929,1579203299999.0,898262.03744859,1379.0,48.476431,422143.49638068,0.0,BTCUSDT
2020-01-16 19:35:00,8699.42,8704.64,8694.09,8699.39,177.020689,1579203599999.0,1539965.94257291,1329.0,118.913043,1034501.73795732,0.0,BTCUSDT
2020-01-16 19:40:00,8699.95,8702.28,8692.84,8695.47,55.879578,1579203899999.0,486050.22025652,893.0,35.967467,312863.54841135,0.0,BTCUSDT
2020-01-16 19:45:00,8695.45,8704.0,8695.27,8701.47,43.862414,1579204199999.0,381596.63281491,711.0,24.031647,209085.45378659,0.0,BTCUSDT
2020-01-16 19:50:00,8703.21,8709.33,8696.74,8698.78,91.732151,1579204499999.0,798424.83918945,1129.0,37.388538,325409.97923526,0.0,BTCUSDT
2020-01-16 19:55:00,8698.9,8705.75,8695.27,8705.0,49.45576,1579204799999.0,430194.87856235,702.0,26.244774,228301.40467672,0.0,BTCUSDT
2020-01-16 20:00:00,8705.01,8715.63,8703.16,8709.9,105.614622,1579205099999.0,920014.55837645,1466.0,55.516778,483628.95075194,0.0,BTCUSDT
2020-01-16 20:05:00,8709.91,8714.92,8701.01,8706.0,64.639515,1579205399999.0,562985.51679375,1090.0,35.240677,306945.19303452,0.0,BTCUSDT
2020-01-16 20:10:00,8706.56,8708.49,8693.38,8696.38,82.748853,1579205699999.0,720201.39744222,932.0,30.52839,265690.0391939,0.0,BTCUSDT
2020-01-16 20:15:00,8695.59,8706.59,8690.0,8701.31,92.595483,1579205999999.0,805353.56205662,1313.0,49.932376,434301.65486315,0.0,BTCUSDT
2020-01-16 20:20:00,8701.3,8721.0,8694.18,8721.0,175.072218,1579206299999.0,1524438.65528903,1326.0,143.319436,1247970.59526078,0.0,BTCUSDT
2020-01-16 20:25:00,8720.42,8721.0,8711.52,8715.66,101.659943,1579206599999.0,886163.7853495,1494.0,54.91698,478732.30635409,0.0,BTCUSDT
2020-01-16 20:30:00,8715.61,8716.8,8710.94,8715.55,102.361587,1579206899999.0,891926.34972962,995.0,66.15057,576409.21222157,0.0,BTCUSDT
2020-01-16 20:35:00,8714.65,8715.24,8701.98,8702.0,80.674605,1579207199999.0,702473.98326806,1087.0,46.675322,406423.4672906,0.0,BTCUSDT
2020-01-16 20:40:00,8703.06,8710.0,8701.12,8709.97,106.767251,1579207499999.0,929429.94191334,1251.0,62.373026,542972.61031994,0.0,BTCUSDT
2020-01-16 20:45:00,8710.0,8715.0,8705.0,8713.24,124.53455,1579207799999.0,1084837.73485608,1095.0,73.038402,636277.94551239,0.0,BTCUSDT
2020-01-16 20:50:00,8713.84,8745.0,8711.01,8739.1,326.280471,1579208099999.0,2849319.63700602,3615.0,196.491049,1715999.47333978,0.0,BTCUSDT
2020-01-16 20:55:00,8737.87,8750.0,8737.52,8744.0,187.134925,1579208399999.0,1636557.1365371,2022.0,114.223368,998982.25018537,0.0,BTCUSDT
2020-01-16 21:00:00,8742.94,8757.0,8730.0,8735.0,240.468803,1579208699999.0,2102719.79477611,2345.0,152.546223,1334076.19729265,0.0,BTCUSDT
2020-01-16 21:05:00,8734.15,8749.99,8731.67,8732.95,136.506081,1579208999999.0,1193379.0586056,1424.0,76.311187,667117.5878145,0.0,BTCUSDT
2020-01-16 21:10:00,8732.99,8739.01,8680.79,8685.0,283.246449,1579209299999.0,2466964.66229648,3661.0,108.770412,947707.31039339,0.0,BTCUSDT
2020-01-16 21:15:00,8685.03,8699.29,8672.0,8680.0,334.924325,1579209599999.0,2908453.90565494,2975.0,115.562849,1004063.40304738,0.0,BTCUSDT
2020-01-16 21:20:00,8680.0,8687.7,8673.3,8678.96,343.913797,1579209899999.0,2985461.30686284,1925.0,274.904843,2386371.58391922,0.0,BTCUSDT
2020-01-16 21:25:00,8678.91,8700.0,8675.0,8690.91,126.659678,1579210199999.0,1100670.94019781,1544.0,62.181182,540351.67730539,0.0,BTCUSDT
2020-01-16 21:30:00,8690.46,8699.71,8685.0,8696.38,111.043608,1579210499999.0,964991.84241561,1171.0,46.608617,405042.056249,0.0,BTCUSDT
2020-01-16 21:35:00,8696.39,8699.56,8688.59,8696.96,93.840729,1579210799999.0,815879.24145852,1220.0,54.824345,476671.72995096,0.0,BTCUSDT
2020-01-16 21:40:00,8696.93,8715.62,8695.82,8710.25,203.458112,1579211099999.0,1770530.64760726,1310.0,169.881246,1478272.97132307,0.0,BTCUSDT
2020-01-16 21:45:00,8710.15,8715.92,8699.0,8702.18,98.260772,1579211399999.0,855729.97858165,1346.0,34.822326,303282.9906327,0.0,BTCUSDT
2020-01-16 21:50:00,8702.18,8702.97,8695.0,8695.01,76.444741,1579211699999.0,664935.02298827,1011.0,47.152734,410140.29928202,0.0,BTCUSDT
2020-01-16 21:55:00,8696.32,8697.01,8685.08,8691.15,81.168528,1579211999999.0,705455.02536106,1270.0,42.171146,366521.40748119,0.0,BTCUSDT
2020-01-16 22:00:00,8691.17,8707.28,8690.15,8703.36,85.915273,1579212299999.0,747636.69623974,1361.0,58.08587,505478.20380666,0.0,BTCUSDT
2020-01-16 22:05:00,8703.49,8708.0,8701.48,8705.77,62.420161,1579212599999.0,543341.49127578,1220.0,27.315969,237782.60211722,0.0,BTCUSDT
2020-01-16 22:10:00,8706.76,8712.0,8704.17,8705.6,91.826226,1579212899999.0,799633.4814223,1643.0,44.555165,387999.65011636,0.0,BTCUSDT
2020-01-16 22:15:00,8706.74,8707.92,8703.73,8703.74,192.757599,1579213199999.0,1677762.57000867,1498.0,25.605667,222898.09109566,0.0,BTCUSDT
2020-01-16 22:20:00,8703.73,8704.33,8692.0,8700.0,359.952608,1579213499999.0,3131370.48621763,1417.0,163.184704,1419076.35510558,0.0,BTCUSDT
2020-01-16 22:25:00,8700.0,8705.0,8699.99,8704.99,151.369248,1579213799999.0,1317192.22297559,1070.0,141.757172,1233531.67010068,0.0,BTCUSDT
2020-01-16 22:30:00,8704.99,8716.0,8703.55,8716.0,305.378703,1579214099999.0,2660075.68327855,1857.0,283.586427,2470242.66292528,0.0,BTCUSDT
2020-01-16 22:35:00,8716.0,8740.0,8714.5,8726.3,126.197458,1579214399999.0,1101482.19966039,2023.0,85.33488,744880.1956001,0.0,BTCUSDT
2020-01-16 22:40:00,8726.75,8743.21,8725.0,8730.0,145.779396,1579214699999.0,1273685.49040385,1689.0,91.989519,803800.84269818,0.0,BTCUSDT
2020-01-16 22:45:00,8730.0,8731.2,8716.13,8721.0,89.152543,1579214999999.0,777460.04921556,1171.0,46.739818,407620.33465219,0.0,BTCUSDT
2020-01-16 22:50:00,8721.01,8737.59,8720.0,8736.0,107.217058,1579215299999.0,935884.18162826,1410.0,57.400846,501011.61213699,0.0,BTCUSDT
2020-01-16 22:55:00,8735.68,8739.0,8720.0,8720.38,65.615664,1579215599999.0,572794.77966495,1032.0,24.481626,213717.59432968,0.0,BTCUSDT
2020-01-16 23:00:00,8720.34,8737.77,8720.12,8737.54,60.591754,1579215899999.0,528892.31449054,1113.0,38.858391,339207.38882047,0.0,BTCUSDT
2020-01-16 23:05:00,8737.36,8746.75,8727.03,8729.3,99.309587,1579216199999.0,867756.09026622,1720.0,62.239687,543886.21778653,0.0,BTCUSDT
2020-01-16 23:10:00,8729.3,8744.0,8724.48,8737.75,90.919906,1579216499999.0,793997.54027865,1380.0,50.942566,444891.75167264,0.0,BTCUSDT
2020-01-16 23:15:00,8737.7,8744.99,8734.0,8737.43,73.319571,1579216799999.0,640760.25184363,1169.0,32.223995,281605.60196743,0.0,BTCUSDT
2020-01-16 23:20:00,8737.57,8738.17,8723.89,8727.92,79.98793,1579217099999.0,698328.46471098,989.0,40.890977,356972.58248032,0.0,BTCUSDT
2020-01-16 23:25:00,8727.91,8735.01,8723.38,8728.79,54.748473,1579217399999.0,477888.44211564,958.0,33.403736,291569.17203946,0.0,BTCUSDT
2020-01-16 23:30:00,8729.31,8731.04,8723.06,8723.71,46.432861,1579217699999.0,405184.89152783,862.0,24.068724,210034.95373459,0.0,BTCUSDT
2020-01-16 23:35:00,8723.71,8723.91,8712.39,8718.61,121.188982,1579217999999.0,1056621.78411427,1361.0,48.031822,418783.59737192,0.0,BTCUSDT
2020-01-16 23:40:00,8718.61,8729.3,8716.44,8726.87,50.925194,1579218299999.0,444139.04377781,945.0,33.582606,292889.89881883,0.0,BTCUSDT
2020-01-16 23:45:00,8725.91,8732.28,8724.08,8728.88,54.509188,1579218599999.0,475714.70446171,779.0,21.334302,186201.19342324,0.0,BTCUSDT
2020-01-16 23:50:00,8728.89,8733.17,8726.23,8729.36,49.143318,1579218899999.0,428943.42177142,937.0,21.749065,189838.8549952,0.0,BTCUSDT
2020-01-16 23:55:00,8728.99,8748.0,8720.0,8720.01,78.983706,1579219199999.0,689925.38377094,1278.0,44.490852,388633.19255248,0.0,BTCUSDT
2020-01-17 00:00:00,8720.15,8743.99,8720.0,8732.67,186.999285,1579219499999.0,1633071.76146707,1834.0,131.563525,1148844.89273971,0.0,BTCUSDT
2020-01-17 00:05:00,8732.65,8738.0,8725.01,8733.19,72.393974,1579219799999.0,632214.52504541,1092.0,39.451195,344573.32433804,0.0,BTCUSDT
2020-01-17 00:10:00,8733.31,8734.0,8720.0,8720.32,85.096729,1579220099999.0,742577.1899013,1200.0,29.687939,259091.52338127,0.0,BTCUSDT
2020-01-17 00:15:00,8720.07,8720.7,8700.0,8700.01,413.999156,1579220399999.0,3603175.06476106,2472.0,65.827371,573104.36088202,0.0,BTCUSDT
2020-01-17 00:20:00,8700.0,8710.88,8700.0,8700.38,210.972794,1579220699999.0,1835760.58662328,1885.0,45.034884,391926.49235967,0.0,BTCUSDT
2020-01-17 00:25:00,8700.38,8704.82,8672.44,8691.14,398.148901,1579220999999.0,3461543.78582369,2982.0,78.102083,678541.32767247,0.0,BTCUSDT
2020-01-17 00:30:00,8691.21,8700.47,8676.5,8698.07,95.158661,1579221299999.0,826703.89745174,1547.0,42.032742,365212.48557421,0.0,BTCUSDT
2020-01-17 00:35:00,8698.07,8704.8,8691.69,8697.23,97.92214,1579221599999.0,851809.61413582,1450.0,49.527074,430843.99840406,0.0,BTCUSDT
2020-01-17 00:40:00,8698.32,8708.1,8690.0,8692.72,145.777995,1579221899999.0,1267648.31774167,1289.0,44.971819,391147.73732569,0.0,BTCUSDT
2020-01-17 00:45:00,8693.33,8693.33,8675.0,8675.02,144.687327,1579222199999.0,1256326.72418455,1444.0,63.275213,549404.07125015,0.0,BTCUSDT
2020-01-17 00:50:00,8675.05,8690.81,8675.0,8683.21,80.14084,1579222499999.0,695726.36512681,1149.0,35.572533,308813.03045815,0.0,BTCUSDT
2020-01-17 00:55:00,8682.41,8693.27,8681.01,8690.31,57.554775,1579222799999.0,499993.24759849,977.0,24.461116,212498.08151039,0.0,BTCUSDT
2020-01-17 01:00:00,8690.25,8697.0,8682.01,8689.99,88.736231,1579223099999.0,771145.78909446,1168.0,45.903713,398908.2516257,0.0,BTCUSDT
2020-01-17 01:05:00,8688.99,8689.99,8678.0,8681.44,103.313154,1579223399999.0,896945.97878324,1290.0,58.648234,509205.76393883,0.0,BTCUSDT
2020-01-17 01:10:00,8681.5,8688.0,8677.01,8680.64,73.122152,1579223699999.0,634883.23973761,1053.0,31.076266,269816.92477159,0.0,BTCUSDT
2020-01-17 01:15:00,8681.71,8700.0,8680.09,8700.0,102.49726,1579223999999.0,890576.95646124,1102.0,79.385369,689754.68853197,0.0,BTCUSDT
2020-01-17 01:20:00,8700.0,8707.04,8694.49,8696.78,87.119764,1579224299999.0,757845.53557438,1150.0,43.758773,380640.83647934,0.0,BTCUSDT
2020-01-17 01:25:00,8695.38,8697.51,8685.07,8695.07,51.752178,1579224599999.0,449798.09970586,906.0,25.65888,223022.65518468,0.0,BTCUSDT
2020-01-17 01:30:00,8694.88,8706.99,8685.65,8704.96,75.63635,1579224899999.0,657846.22949135,930.0,44.006322,382745.48628486,0.0,BTCUSDT
2020-01-17 01:35:00,8706.04,8713.04,8702.02,8708.07,78.619964,1579225199999.0,684639.27430471,1112.0,41.697086,363075.1074909,0.0,BTCUSDT
2020-01-17 01:40:00,8708.07,8713.96,8702.9,8706.91,83.822697,1579225499999.0,730114.63325728,950.0,38.027345,331224.94223008,0.0,BTCUSDT
2020-01-17 01:45:00,8706.91,8721.46,8705.77,8718.48,134.816758,1579225799999.0,1175082.3353893,1186.0,38.120938,332193.64266701,0.0,BTCUSDT
2020-01-17 01:50:00,8717.69,8728.21,8710.0,8727.9,146.624066,1579226099999.0,1278651.05989876,1917.0,54.744817,477507.46947147,0.0,BTCUSDT
2020-01-17 01:55:00,8727.9,8738.8,8727.89,8738.51,130.726768,1579226399999.0,1141771.58416589,1505.0,87.853523,767368.45526228,0.0,BTCUSDT
2020-01-17 02:00:00,8738.8,8749.82,8730.06,8732.24,402.616097,1579226699999.0,3520002.71962458,2641.0,100.799051,880964.88444027,0.0,BTCUSDT
2020-01-17 02:05:00,8732.41,8742.65,8725.01,8742.65,126.546879,1579226999999.0,1105076.89914152,1386.0,77.876973,680101.71523539,0.0,BTCUSDT
2020-01-17 02:10:00,8742.99,8743.52,8722.01,8722.04,120.297716,1579227299999.0,1050650.23722196,1445.0,55.408976,483995.72224573,0.0,BTCUSDT
2020-01-17 02:15:00,8722.05,8738.89,8718.16,8735.0,127.262416,1579227599999.0,1110680.67032527,1309.0,64.595212,563790.96888473,0.0,BTCUSDT
2020-01-17 02:20:00,8734.99,8752.25,8733.5,8749.15,205.862231,1579227899999.0,1800063.1759179,1967.0,133.487586,1167152.39407288,0.0,BTCUSDT
2020-01-17 02:25:00,8749.23,8753.0,8738.0,8738.65,99.948764,1579228199999.0,873966.38655825,1348.0,54.621275,477600.97560101,0.0,BTCUSDT
2020-01-17 02:30:00,8738.65,8748.86,8735.04,8737.92,122.938165,1579228499999.0,1074647.69711356,1220.0,70.817565,619068.46603644,0.0,BTCUSDT
2020-01-17 02:35:00,8736.3,8745.0,8733.78,8741.44,64.280572,1579228799999.0,561717.440632,879.0,38.146037,333362.34815063,0.0,BTCUSDT
2020-01-17 02:40:00,8741.43,8742.66,8732.0,8737.91,70.36547,1579229099999.0,614813.3000387,860.0,34.117199,298107.89517828,0.0,BTCUSDT
2020-01-17 02:45:00,8737.92,8767.0,8735.88,8757.87,278.804384,1579229399999.0,2440549.82579523,2495.0,160.141705,1401815.11976933,0.0,BTCUSDT
2020-01-17 02:50:00,8757.9,8780.0,8753.14,8769.99,250.208908,1579229699999.0,2194315.25070368,2725.0,130.490284,1144458.30964812,0.0,BTCUSDT
2020-01-17 02:55:00,8770.0,8771.0,8747.08,8757.06,213.909472,1579229999999.0,1873816.93168993,1672.0,82.147267,719624.9109482,0.0,BTCUSDT
2020-01-17 03:00:00,8757.29,8766.68,8752.5,8761.29,131.694818,1579230299999.0,1153768.02805841,1421.0,71.687088,627999.84195753,0.0,BTCUSDT
2020-01-17 03:05:00,8762.42,8764.86,8751.05,8762.1,97.267642,1579230599999.0,852034.78376156,1326.0,47.728829,418131.31972159,0.0,BTCUSDT
2020-01-17 03:10:00,8762.14,8810.0,8761.28,8806.95,517.020366,1579230899999.0,4544206.65303192,4577.0,374.125644,3288878.74270262,0.0,BTCUSDT
2020-01-17 03:15:00,8807.07,8824.98,8784.26,8801.94,389.496418,1579231199999.0,3429042.73762934,3511.0,184.845525,1627557.78159971,0.0,BTCUSDT
2020-01-17 03:20:00,8800.39,8808.82,8790.09,8808.05,203.518296,1579231499999.0,1790736.36187402,1799.0,101.495786,893083.42288587,0.0,BTCUSDT
2020-01-17 03:25:00,8808.06,8840.0,8803.03,8836.82,503.326269,1579231799999.0,4442651.01282742,3418.0,289.136588,2551738.25336174,0.0,BTCUSDT
2020-01-17 03:30:00,8837.41,8840.4,8810.28,8815.5,325.452103,1579232099999.0,2872099.55271364,2770.0,129.921463,1146694.3268131,0.0,BTCUSDT
2020-01-17 03:35:00,8815.85,8840.0,8812.79,8818.0,194.911389,1579232399999.0,1719962.72161779,1876.0,110.572426,975838.80694173,0.0,BTCUSDT
2020-01-17 03:40:00,8818.0,8820.81,8796.0,8798.49,183.871009,1579232699999.0,1619770.31012765,1692.0,85.05986,749317.95109946,0.0,BTCUSDT
2020-01-17 03:45:00,8799.05,8814.85,8784.38,8807.66,230.466307,1579232999999.0,2027725.40257826,2015.0,113.583809,999456.39174631,0.0,BTCUSDT
2020-01-17 03:50:00,8807.66,8808.86,8790.29,8795.62,152.482005,1579233299999.0,1341799.46778753,1780.0,74.862682,658795.39770037,0.0,BTCUSDT
2020-01-17 03:55:00,8795.62,8795.63,8779.82,8786.43,173.555633,1579233599999.0,1524959.88291684,1738.0,72.8026,639649.98847688,0.0,BTCUSDT
2020-01-17 04:00:00,8786.43,8808.92,8786.42,8804.71,132.489635,1579233899999.0,1166183.501069,1405.0,73.06885,643098.33050457,0.0,BTCUSDT
2020-01-17 04:05:00,8804.72,8804.74,8774.48,8782.34,209.047955,1579234199999.0,1836139.09420834,1584.0,121.797808,1069631.01362143,0.0,BTCUSDT
2020-01-17 04:10:00,8782.57,8798.69,8775.02,8792.91,207.394015,1579234499999.0,1823181.7280678,1204.0,57.179456,502527.87567534,0.0,BTCUSDT
2020-01-17 04:15:00,8792.91,8799.99,8779.57,8786.76,116.376097,1579234799999.0,1022655.88135879,1560.0,58.454049,513696.95707576,0.0,BTCUSDT
2020-01-17 04:20:00,8788.23,8790.72,8763.71,8764.44,135.469669,1579235099999.0,1188776.65904321,1602.0,61.940195,543551.21161871,0.0,BTCUSDT
2020-01-17 04:25:00,8763.84,8775.72,8760.0,8768.49,335.201347,1579235399999.0,2938763.98219555,2051.0,279.366289,2449288.13419581,0.0,BTCUSDT
2020-01-17 04:30:00,8768.13,8778.45,8766.39,8771.38,93.427254,1579235699999.0,819685.90425664,1231.0,50.481738,442919.26361454,0.0,BTCUSDT
2020-01-17 04:35:00,8771.38,8793.16,8770.76,8788.72,125.426643,1579235999999.0,1101817.02405095,1864.0,72.982858,641144.02877673,0.0,BTCUSDT
2020-01-17 04:40:00,8788.69,8800.0,8785.82,8799.55,176.478227,1579236299999.0,1552535.01645728,1439.0,139.207975,1224735.26937172,0.0,BTCUSDT
2020-01-17 04:45:00,8799.0,8809.69,8792.01,8799.97,270.636139,1579236599999.0,2381754.79292631,1512.0,217.005096,1909771.02066515,0.0,BTCUSDT
2020-01-17 04:50:00,8799.94,8812.61,8798.22,8808.38,132.019788,1579236899999.0,1162467.56455006,1724.0,78.008615,686858.62797478,0.0,BTCUSDT
2020-01-17 04:55:00,8807.93,8815.86,8804.03,8815.29,154.713509,1579237199999.0,1363205.23321325,1784.0,67.121395,591385.37678524,0.0,BTCUSDT
2020-01-17 05:00:00,8815.27,8823.07,8796.49,8797.18,244.824067,1579237499999.0,2158028.81414879,1855.0,113.246309,998241.26790326,0.0,BTCUSDT
2020-01-17 05:05:00,8796.77,8805.42,8793.63,8802.51,220.350215,1579237799999.0,1939674.34895269,1856.0,164.54316,1448524.4366912,0.0,BTCUSDT
2020-01-17 05:10:00,8803.93,8804.72,8791.98,8794.9,150.063158,1579238099999.0,1320378.70473289,1386.0,93.3816,821653.16284514,0.0,BTCUSDT
2020-01-17 05:15:00,8795.68,8817.42,8791.06,8816.22,234.512969,1579238399999.0,2065017.28459306,2160.0,175.678483,1546929.83793221,0.0,BTCUSDT
2020-01-17 05:20:00,8817.25,8852.0,8815.74,8839.99,785.134613,1579238699999.0,6941453.96520638,4885.0,325.881928,2880926.11232945,0.0,BTCUSDT
2020-01-17 05:25:00,8839.99,8870.0,8828.0,8867.93,503.57079,1579238999999.0,4458517.21509601,3510.0,315.109378,2790146.47624663,0.0,BTCUSDT
2020-01-17 05:30:00,8866.75,8866.8,8837.63,8843.85,292.725161,1579239299999.0,2591206.13866022,2822.0,157.397137,1393190.44335852,0.0,BTCUSDT
2020-01-17 05:35:00,8843.85,8856.34,8837.07,8855.0,309.543949,1579239599999.0,2739136.14107574,2119.0,243.323336,2153363.18083333,0.0,BTCUSDT
2020-01-17 05:40:00,8855.0,8855.0,8835.18,8843.39,201.389767,1579239899999.0,1781113.80093277,2687.0,88.921383,786463.67689495,0.0,BTCUSDT
2020-01-17 05:45:00,8843.39,8860.0,8835.0,8860.0,520.847878,1579240199999.0,4612967.11860336,4088.0,432.271879,3828814.88011251,0.0,BTCUSDT
2020-01-17 05:50:00,8860.0,8892.0,8859.99,8886.67,808.913662,1579240499999.0,7183134.18757429,7227.0,608.252299,5401304.99241442,0.0,BTCUSDT
2020-01-17 05:55:00,8886.67,8896.89,8866.24,8891.25,454.16312,1579240799999.0,4033964.48397069,4370.0,275.677789,2449215.73869675,0.0,BTCUSDT
2020-01-17 06:00:00,8891.25,8970.0,8891.24,8935.4,1747.948501,1579241099999.0,15606267.78710059,15255.0,1088.508072,9717765.92150376,0.0,BTCUSDT
2020-01-17 06:05:00,8935.2,8959.07,8925.14,8954.81,498.78833,1579241399999.0,4462227.09528327,5586.0,280.78491,2511950.82633968,0.0,BTCUSDT
2020-01-17 06:10:00,8954.89,8955.0,8929.05,8954.6,492.989997,1579241699999.0,4408131.02508157,4285.0,240.577038,2151266.60998193,0.0,BTCUSDT
2020-01-17 06:15:00,8954.56,8997.0,8945.0,8948.02,840.947918,1579241999999.0,7545842.91092599,9056.0,509.882349,4575905.93342103,0.0,BTCUSDT
2020-01-17 06:20:00,8945.45,8970.79,8922.63,8969.19,723.97009,1579242299999.0,6479820.50016366,6600.0,305.440733,2733976.04342015,0.0,BTCUSDT
2020-01-17 06:25:00,8968.19,8996.69,8958.0,8993.06,492.567654,1579242599999.0,4422026.4617956,4625.0,305.388102,2741870.981398,0.0,BTCUSDT
2020-01-17 06:30:00,8991.92,8993.06,8950.0,8956.28,495.319591,1579242899999.0,4443381.01147993,4063.0,196.25895,1760752.74070043,0.0,BTCUSDT
2020-01-17 06:35:00,8956.83,8956.83,8932.63,8939.77,381.483363,1579243199999.0,3411034.95392921,4327.0,181.497705,1622796.41259338,0.0,BTCUSDT
2020-01-17 06:40:00,8941.29,8960.0,8930.0,8932.26,349.919294,1579243499999.0,3129216.04496553,3931.0,213.59756,1910378.86501188,0.0,BTCUSDT
2020-01-17 06:45:00,8932.26,8955.0,8931.61,8954.82,227.489109,1579243799999.0,2035554.02153466,3191.0,140.138494,1254021.38205597,0.0,BTCUSDT
2020-01-17 06:50:00,8954.82,8965.83,8885.47,8892.27,634.122184,1579244099999.0,5653561.26166135,5693.0,267.525704,2385350.84988153,0.0,BTCUSDT
2020-01-17 06:55:00,8890.61,8905.0,8835.75,8862.7,1101.534921,1579244399999.0,9771913.58371031,7256.0,742.904563,6590970.76557161,0.0,BTCUSDT
2020-01-17 07:00:00,8862.7,8885.45,8860.6,8875.79,313.282942,1579244699999.0,2780291.22377529,3393.0,171.465334,1521710.90289302,0.0,BTCUSDT
2020-01-17 07:05:00,8875.51,8887.0,8843.01,8884.03,231.966174,1579244999999.0,2055706.81225241,2638.0,117.197815,1038826.97773285,0.0,BTCUSDT
2020-01-17 07:10:00,8883.08,8904.76,8876.15,8897.92,244.698296,1579245299999.0,2176048.13360598,2241.0,124.535423,1107587.55542804,0.0,BTCUSDT
2020-01-17 07:15:00,8896.83,8909.09,8886.0,8896.4,165.01491,1579245599999.0,1468352.36541393,1941.0,87.465017,778343.13980117,0.0,BTCUSDT
2020-01-17 07:20:00,8896.7,8926.06,8895.6,8912.55,324.508123,1579245899999.0,2891861.72753624,2266.0,166.982419,1488082.55407648,0.0,BTCUSDT
2020-01-17 07:25:00,8912.94,8921.28,8894.9,8900.71,204.904059,1579246199999.0,1825226.00810742,1861.0,82.71684,736705.09113154,0.0,BTCUSDT
2020-01-17 07:30:00,8901.0,8938.39,8899.0,8929.41,190.763035,1579246499999.0,1701564.25206955,2019.0,118.182757,1054048.28163512,0.0,BTCUSDT
2020-01-17 07:35:00,8930.0,8930.0,8910.12,8914.05,145.973295,1579246799999.0,1301902.27335851,1871.0,66.800439,595739.59378739,0.0,BTCUSDT
2020-01-17 07:40:00,8914.3,8929.0,8905.89,8927.36,174.510481,1579247099999.0,1555803.64101563,1728.0,90.874485,810205.95660727,0.0,BTCUSDT
2020-01-17 07:45:00,8927.36,8936.73,8903.01,8907.18,166.916881,1579247399999.0,1488597.06577524,1878.0,80.076927,714279.4512387,0.0,BTCUSDT
2020-01-17 07:50:00,8907.04,8940.0,8904.47,8938.64,210.872325,1579247699999.0,1881890.46077954,2294.0,119.482991,1066479.03619675,0.0,BTCUSDT
2020-01-17 07:55:00,8938.62,8950.36,8926.39,8933.95,408.746514,1579247999999.0,3655299.31955786,3032.0,109.893131,982647.76295503,0.0,BTCUSDT
2020-01-17 08:00:00,8935.54,8942.73,8922.37,8922.79,227.320644,1579248299999.0,2031317.85820496,2547.0,93.625357,836826.14570588,0.0,BTCUSDT
2020-01-17 08:05:00,8922.8,8942.79,8907.34,8929.26,365.652992,1579248599999.0,3262323.60603734,3831.0,153.388022,1368476.48930918,0.0,BTCUSDT
2020-01-17 08:10:00,8924.98,8994.0,8920.05,8977.98,554.042865,1579248899999.0,4961339.4228993,5581.0,315.201171,2823426.23533588,0.0,BTCUSDT
2020-01-17 08:15:00,8977.7,8999.0,8949.21,8969.75,1072.601191,1579249199999.0,9635269.57797879,7080.0,643.711307,5784318.18452566,0.0,BTCUSDT
2020-01-17 08:20:00,8973.0,8978.05,8944.12,8949.15,332.697928,1579249499999.0,2980536.09880888,3510.0,152.1472,1363076.77267543,0.0,BTCUSDT
2020-01-17 08:25:00,8949.97,8967.61,8949.4,8965.17,205.654785,1579249799999.0,1842233.4714245,1571.0,85.806609,768592.01655823,0.0,BTCUSDT
2020-01-17 08:30:00,8965.2,8967.29,8925.0,8931.71,310.552144,1579250099999.0,2779094.27319337,3106.0,133.309653,1193113.44846556,0.0,BTCUSDT
2020-01-17 08:35:00,8931.59,8949.56,8927.36,8927.36,339.312842,1579250399999.0,3033382.34701905,2604.0,143.166033,1279824.7715965,0.0,BTCUSDT
2020-01-17 08:40:00,8929.62,8936.4,8915.0,8932.2,299.847907,1579250699999.0,2676118.2536746,2750.0,135.14184,1206039.31940143,0.0,BTCUSDT
2020-01-17 08:45:00,8932.2,8944.78,8922.11,8943.12,147.651373,1579250999999.0,1319287.47985097,1839.0,81.169762,725247.28623906,0.0,BTCUSDT
2020-01-17 08:50:00,8943.12,8946.99,8910.21,8913.28,411.493798,1579251299999.0,3673870.76169459,2858.0,126.676664,1131092.64934202,0.0,BTCUSDT
2020-01-17 08:55:00,8913.28,8931.68,8899.26,8928.85,530.157731,1579251599999.0,4724686.8938142,3212.0,256.321535,2284173.01907413,0.0,BTCUSDT
2020-01-17 09:00:00,8927.71,8943.96,8924.3,8926.1,169.495105,1579251899999.0,1514490.0132424,2257.0,90.4042,807872.92120326,0.0,BTCUSDT
2020-01-17 09:05:00,8926.0,8944.06,8925.99,8934.81,169.003369,1579252199999.0,1510022.25475196,2178.0,88.315817,789080.71227383,0.0,BTCUSDT
2020-01-17 09:10:00,8934.9,8945.68,8934.12,8944.15,110.691109,1579252499999.0,989660.43769752,1724.0,56.680334,506754.94913514,0.0,BTCUSDT
2020-01-17 09:15:00,8944.17,8956.12,8943.17,8953.48,146.055483,1579252799999.0,1307266.19953201,2302.0,91.436492,818403.09166197,0.0,BTCUSDT
2020-01-17 09:20:00,8953.04,8966.0,8944.05,8965.94,142.096469,1579253099999.0,1272026.41426838,1822.0,89.694918,802891.03369604,0.0,BTCUSDT
2020-01-17 09:25:00,8965.91,8986.27,8960.7,8972.91,304.443581,1579253399999.0,2731540.45173408,3738.0,145.199655,1302922.54933513,0.0,BTCUSDT
2020-01-17 09:30:00,8972.9,8977.2,8952.7,8953.99,182.6927,1579253699999.0,1637821.94754249,2219.0,89.45596,801868.09182667,0.0,BTCUSDT
2020-01-17 09:35:00,8953.97,8954.0,8933.0,8938.0,181.82914,1579253999999.0,1626198.71557708,2276.0,88.352295,790233.85389976,0.0,BTCUSDT
2020-01-17 09:40:00,8938.13,8952.94,8933.0,8940.76,171.713892,1579254299999.0,1535867.53282939,1721.0,67.305516,602100.56163771,0.0,BTCUSDT
2020-01-17 09:45:00,8940.82,8943.5,8926.0,8935.56,426.544295,1579254599999.0,3809850.91846887,3018.0,88.551786,791223.23780479,0.0,BTCUSDT
2020-01-17 09:50:00,8935.56,8971.14,8934.83,8969.71,190.657534,1579254899999.0,1707523.70274249,2514.0,89.947544,805777.69846225,0.0,BTCUSDT
2020-01-17 09:55:00,8970.02,8971.6,8953.41,8969.0,319.009026,1579255199999.0,2859327.73481499,2404.0,67.430631,604457.56986023,0.0,BTCUSDT
2020-01-17 10:00:00,8969.36,8986.0,8962.88,8982.97,424.185475,1579255499999.0,3808004.42323313,3141.0,209.339968,1879397.86749296,0.0,BTCUSDT
2020-01-17 10:05:00,8982.98,8994.5,8955.28,8955.29,350.880232,1579255799999.0,3149565.43673447,2939.0,233.522549,2096311.11498725,0.0,BTCUSDT
2020-01-17 10:10:00,8956.39,8985.0,8953.41,8982.05,192.46716,1579256099999.0,1725798.30910478,2167.0,104.335938,935560.74163359,0.0,BTCUSDT
2020-01-17 10:15:00,8983.36,9041.65,8934.86,8972.77,1741.100578,1579256399999.0,15654412.83926028,10948.0,932.960134,8391497.21418793,0.0,BTCUSDT
2020-01-17 10:20:00,8972.51,8972.51,8921.0,8939.42,967.883399,1579256699999.0,8651706.30448525,5303.0,444.717649,3975334.69638495,0.0,BTCUSDT
2020-01-17 10:25:00,8939.44,8941.17,8881.01,8920.47,1060.45679,1579256999999.0,9445764.27619541,5864.0,453.711726,4040253.76417692,0.0,BTCUSDT
2020-01-17 10:30:00,8920.67,8933.41,8880.5,8930.47,477.7658,1579257299999.0,4255617.99244932,4455.0,233.645155,2081674.47961863,0.0,BTCUSDT
2020-01-17 10:35:00,8930.58,8941.22,8912.77,8928.64,254.027815,1579257599999.0,2268182.53592057,2716.0,99.42759,887819.92831682,0.0,BTCUSDT
2020-01-17 10:40:00,8928.05,8945.0,8926.37,8939.41,180.547308,1579257899999.0,1613648.34112746,1914.0,96.574167,863119.60854962,0.0,BTCUSDT
2020-01-17 10:45:00,8939.71,8941.99,8915.0,8922.46,202.064019,1579258199999.0,1803626.1877246,2061.0,90.966197,812038.86130982,0.0,BTCUSDT
2020-01-17 10:50:00,8921.58,8932.66,8911.0,8926.41,153.977298,1579258499999.0,1373858.82307069,1630.0,79.456038,708957.737434,0.0,BTCUSDT
2020-01-17 10:55:00,8926.41,8940.28,8926.0,8937.0,157.710668,1579258799999.0,1409008.83543906,1440.0,89.15993,796587.89865657,0.0,BTCUSDT
2020-01-17 11:00:00,8937.0,8944.0,8928.3,8939.12,152.187812,1579259099999.0,1360017.72319773,1732.0,83.614853,747268.60415571,0.0,BTCUSDT
2020-01-17 11:05:00,8939.14,8953.92,8939.0,8948.17,261.971387,1579259399999.0,2343030.92037591,1879.0,108.934799,974609.33982954,0.0,BTCUSDT
2020-01-17 11:10:00,8949.02,8962.28,8942.0,8942.2,276.635376,1579259699999.0,2476835.71470559,2997.0,144.558689,1294467.64820499,0.0,BTCUSDT
2020-01-17 11:15:00,8942.1,8944.48,8924.02,8929.51,188.564644,1579259999999.0,1684579.48714408,1914.0,72.634891,648872.9574805,0.0,BTCUSDT
2020-01-17 11:20:00,8928.35,8947.99,8921.79,8943.0,105.851806,1579260299999.0,945819.74402079,1541.0,55.433152,495363.90412942,0.0,BTCUSDT
2020-01-17 11:25:00,8943.0,8949.95,8936.69,8947.99,95.251982,1579260599999.0,851827.79436263,1306.0,43.523827,389241.69839006,0.0,BTCUSDT
2020-01-17 11:30:00,8947.4,8949.0,8931.68,8939.0,79.242257,1579260899999.0,708259.72732719,1123.0,35.76386,319628.89087215,0.0,BTCUSDT
2020-01-17 11:35:00,8939.01,8939.91,8926.66,8935.0,132.027061,1579261199999.0,1179413.63566351,1253.0,61.190738,546634.2542107,0.0,BTCUSDT
2020-01-17 11:40:00,8935.0,8937.65,8907.49,8911.34,181.513483,1579261499999.0,1619463.33664484,1921.0,47.792973,426487.72670212,0.0,BTCUSDT
2020-01-17 11:45:00,8910.44,8919.5,8901.0,8909.85,227.805193,1579261799999.0,2029664.55434819,2889.0,115.059608,1025199.86355223,0.0,BTCUSDT
2020-01-17 11:50:00,8910.51,8919.05,8890.97,8917.7,667.977285,1579262099999.0,5945886.59762887,3373.0,495.627564,4411296.84297143,0.0,BTCUSDT
2020-01-17 11:55:00,8917.92,8920.9,8900.35,8903.45,114.861411,1579262399999.0,1023020.90115696,2084.0,58.856531,524188.01382238,0.0,BTCUSDT
2020-01-17 12:00:00,8903.53,8919.41,8870.0,8878.08,402.35216,1579262699999.0,3577479.95656525,4041.0,148.864943,1324306.44697546,0.0,BTCUSDT
2020-01-17 12:05:00,8879.73,8884.09,8860.0,8872.81,400.574316,1579262999999.0,3554069.95238054,3015.0,247.805104,2198831.90045276,0.0,BTCUSDT
2020-01-17 12:10:00,8873.18,8874.59,8817.22,8843.17,1303.30093,1579263299999.0,11528052.22865804,6569.0,414.465273,3665780.58914735,0.0,BTCUSDT
2020-01-17 12:15:00,8841.45,8859.86,8840.0,8853.63,212.309499,1579263599999.0,1879126.24623637,2185.0,95.866745,848499.1004947,0.0,BTCUSDT
2020-01-17 12:20:00,8853.63,8857.78,8765.0,8823.65,1195.126843,1579263899999.0,10523405.07445647,5987.0,494.605306,4350781.81825898,0.0,BTCUSDT
2020-01-17 12:25:00,8824.29,8840.24,8809.29,8836.79,277.76955,1579264199999.0,2451826.9611339,2350.0,164.114712,1448681.32443481,0.0,BTCUSDT
2020-01-17 12:30:00,8837.64,8854.63,8832.44,8850.0,158.276822,1579264499999.0,1400419.93118822,1835.0,81.221829,718589.42788071,0.0,BTCUSDT
2020-01-17 12:35:00,8850.72,8854.25,8842.77,8850.23,130.874911,1579264799999.0,1157988.2900105,1373.0,55.834756,494017.66976374,0.0,BTCUSDT
2020-01-17 12:40:00,8849.94,8867.0,8849.23,8860.0,200.186507,1579265099999.0,1773282.56781835,1718.0,155.333192,1375921.92649588,0.0,BTCUSDT
2020-01-17 12:45:00,8860.0,8862.37,8835.05,8836.29,265.202536,1579265399999.0,2345888.33593409,1844.0,91.659993,810837.30169939,0.0,BTCUSDT
2020-01-17 12:50:00,8836.28,8854.86,8835.06,8843.21,166.114273,1579265699999.0,1469208.49479603,1536.0,73.681502,651671.44402344,0.0,BTCUSDT
2020-01-17 12:55:00,8843.14,8846.36,8803.74,8811.54,275.465165,1579265999999.0,2430810.7602188,2402.0,147.058312,1297862.33797617,0.0,BTCUSDT
2020-01-17 13:00:00,8808.17,8835.4,8800.0,8833.42,430.373459,1579266299999.0,3798095.91649812,3087.0,191.414585,1689115.71009577,0.0,BTCUSDT
2020-01-17 13:05:00,8833.7,8840.0,8822.0,8832.75,239.733478,1579266599999.0,2117589.54778075,1571.0,175.581472,1551065.85197086,0.0,BTCUSDT
2020-01-17 13:10:00,8832.93,8839.99,8822.37,8839.97,207.448106,1579266899999.0,1831428.00288848,1625.0,123.796441,1092761.94527795,0.0,BTCUSDT
2020-01-17 13:15:00,8839.97,8853.45,8832.54,8850.65,135.772086,1579267199999.0,1200822.00319379,1679.0,69.099289,611072.97614731,0.0,BTCUSDT
2020-01-17 13:20:00,8852.08,8858.5,8840.0,8856.73,109.883819,1579267499999.0,972062.78021039,1219.0,71.791496,635055.63746891,0.0,BTCUSDT
2020-01-17 13:25:00,8856.78,8858.54,8845.01,8847.02,88.838895,1579267799999.0,786420.87630215,1164.0,43.462754,384746.1836495,0.0,BTCUSDT
2020-01-17 13:30:00,8847.02,8862.92,8845.35,8862.51,119.285267,1579268099999.0,1056361.57305156,1475.0,63.893447,565835.11304224,0.0,BTCUSDT
2020-01-17 13:35:00,8862.68,8865.07,8839.85,8840.0,149.97268,1579268399999.0,1328018.06884835,1643.0,39.282486,347867.30103805,0.0,BTCUSDT
2020-01-17 13:40:00,8840.0,8848.8,8839.61,8843.58,106.0231,1579268699999.0,937662.41343653,1271.0,59.235086,523886.59059467,0.0,BTCUSDT
2020-01-17 13:45:00,8844.04,8844.89,8831.78,8835.33,149.640289,1579268999999.0,1322381.05054981,1500.0,93.841313,829293.53205758,0.0,BTCUSDT
2020-01-17 13:50:00,8835.75,8842.0,8825.08,8834.52,115.183131,1579269299999.0,1017451.04272594,1635.0,67.015731,591971.25613584,0.0,BTCUSDT
2020-01-17 13:55:00,8834.53,8852.9,8834.53,8850.99,159.685907,1579269599999.0,1412837.88583189,1549.0,62.132628,549735.43358424,0.0,BTCUSDT
2020-01-17 14:00:00,8851.0,8852.92,8830.86,8831.9,165.408719,1579269899999.0,1462810.79631652,1510.0,37.91561,335285.14219106,0.0,BTCUSDT
2020-01-17 14:05:00,8831.12,8837.04,8815.44,8827.72,236.43334,1579270199999.0,2086980.96109714,2063.0,167.075983,1474906.49699688,0.0,BTCUSDT
2020-01-17 14:10:00,8827.3,8833.89,8824.22,8829.96,133.318832,1579270499999.0,1177195.91588366,1603.0,97.216743,858416.47371812,0.0,BTCUSDT
2020-01-17 14:15:00,8829.71,8830.1,8792.14,8802.09,267.813746,1579270799999.0,2359255.09946106,2404.0,138.121895,1217081.41737241,0.0,BTCUSDT
2020-01-17 14:20:00,8802.11,8808.66,8769.42,8789.24,617.192828,1579271099999.0,5422543.40804109,4158.0,291.652935,2562802.99921588,0.0,BTCUSDT
2020-01-17 14:25:00,8789.66,8801.74,8784.46,8792.91,158.54749,1579271399999.0,1394300.74556814,2037.0,92.168432,810607.72491676,0.0,BTCUSDT
2020-01-17 14:30:00,8792.84,8815.0,8773.7,8812.85,196.432476,1579271699999.0,1726217.41368618,2325.0,115.697557,1016626.67614473,0.0,BTCUSDT
2020-01-17 14:35:00,8812.85,8830.0,8807.32,8823.66,162.681885,1579271999999.0,1434237.95040185,1782.0,91.800174,809229.24563627,0.0,BTCUSDT
2020-01-17 14:40:00,8823.52,8826.45,8807.45,8810.01,154.723209,1579272299999.0,1363994.35779924,1524.0,54.479541,480341.73387681,0.0,BTCUSDT
2020-01-17 14:45:00,8810.92,8820.0,8807.67,8817.54,110.010842,1579272599999.0,969859.11027623,1360.0,73.217777,645527.49585371,0.0,BTCUSDT
2020-01-17 14:50:00,8817.53,8817.54,8796.09,8806.59,162.578463,1579272899999.0,1431020.96846863,1774.0,69.95873,615808.96623736,0.0,BTCUSDT
2020-01-17 14:55:00,8806.6,8806.61,8777.0,8778.69,197.10341,1579273199999.0,1732425.65066211,1873.0,55.719976,489907.52952191,0.0,BTCUSDT
2020-01-17 15:00:00,8778.69,8798.99,8774.0,8794.3,244.543773,1579273499999.0,2148747.0197786,1714.0,112.278367,986759.21510248,0.0,BTCUSDT
2020-01-17 15:05:00,8794.15,8805.0,8788.0,8802.13,116.558972,1579273799999.0,1025242.85613218,1208.0,52.831551,464761.44145234,0.0,BTCUSDT
2020-01-17 15:10:00,8802.13,8806.6,8796.2,8805.88,88.731348,1579274099999.0,781189.74823922,1022.0,57.343689,504840.85402239,0.0,BTCUSDT
2020-01-17 15:15:00,8805.88,8825.03,8805.53,8821.86,210.380147,1579274399999.0,1855056.27686955,1937.0,132.783289,1170728.69453516,0.0,BTCUSDT
2020-01-17 15:20:00,8821.87,8825.0,8815.2,8824.75,97.532419,1579274699999.0,860067.43861878,1238.0,46.978897,414293.54443612,0.0,BTCUSDT
2020-01-17 15:25:00,8824.78,8836.0,8822.88,8835.94,147.368607,1579274999999.0,1301521.47406066,1860.0,57.262382,505766.04529834,0.0,BTCUSDT
2020-01-17 15:30:00,8835.93,8844.05,8830.52,8833.43,237.469468,1579275299999.0,2098472.78201002,2362.0,98.870033,873706.55472966,0.0,BTCUSDT
2020-01-17 15:35:00,8833.66,8843.98,8832.62,8841.17,145.509647,1579275599999.0,1286058.18224695,1991.0,52.720591,465959.19330862,0.0,BTCUSDT
2020-01-17 15:40:00,8840.17,8848.0,8833.0,8833.58,181.74094,1579275899999.0,1606537.77914815,2417.0,84.111752,743637.73788223,0.0,BTCUSDT
2020-01-17 15:45:00,8834.01,8864.09,8833.0,8862.58,308.735165,1579276199999.0,2733876.4412635,3477.0,134.961081,1195049.05911967,0.0,BTCUSDT
2020-01-17 15:50:00,8862.58,8867.29,8843.38,8851.65,141.124992,1579276499999.0,1249548.25001006,2340.0,50.719394,449143.44775891,0.0,BTCUSDT
2020-01-17 15:55:00,8851.65,8857.91,8845.3,8850.83,121.649956,1579276799999.0,1076566.41444615,1553.0,62.089488,549498.68918496,0.0,BTCUSDT
2020-01-17 16:00:00,8851.39,8877.0,8837.97,8876.28,439.881723,1579277099999.0,3898059.53639464,3781.0,133.092364,1179493.81951166,0.0,BTCUSDT
2020-01-17 16:05:00,8876.28,8883.58,8858.0,8862.84,233.228148,1579277399999.0,2068960.90498113,2506.0,116.193156,1030882.73106186,0.0,BTCUSDT
2020-01-17 16:10:00,8862.84,8870.0,8858.0,8858.56,164.472012,1579277699999.0,1458062.51586389,1789.0,53.376268,473148.26460731,0.0,BTCUSDT
2020-01-17 16:15:00,8858.17,8884.99,8855.52,8874.97,180.807804,1579277999999.0,1604640.96901286,2355.0,94.554781,839162.29795809,0.0,BTCUSDT
2020-01-17 16:20:00,8874.97,8899.9,8874.5,8899.62,298.246,1579278299999.0,2651156.1925468,3279.0,153.115857,1361317.39316368,0.0,BTCUSDT
2020-01-17 16:25:00,8899.71,8905.0,8880.02,8885.97,336.558142,1579278599999.0,2992652.01792825,2887.0,172.993345,1538341.14204951,0.0,BTCUSDT
2020-01-17 16:30:00,8885.97,8898.6,8867.89,8896.56,189.344681,1579278899999.0,1681758.1345586,2422.0,91.682542,814271.06052485,0.0,BTCUSDT
2020-01-17 16:35:00,8896.57,8923.88,8896.14,8915.48,432.416707,1579279199999.0,3852334.90261249,4053.0,262.600794,2339389.50417039,0.0,BTCUSDT
2020-01-17 16:40:00,8915.12,8921.8,8889.99,8919.74,317.052539,1579279499999.0,2825172.99971391,2860.0,183.752961,1637570.76148005,0.0,BTCUSDT
2020-01-17 16:45:00,8919.52,8919.99,8900.0,8903.41,216.265964,1579279799999.0,1926273.33567322,2398.0,74.724389,665539.82843831,0.0,BTCUSDT
2020-01-17 16:50:00,8903.41,8915.0,8885.47,8891.98,195.255592,1579280099999.0,1737897.92212642,2520.0,96.387908,857915.69945319,0.0,BTCUSDT
2020-01-17 16:55:00,8891.63,8891.98,8866.16,8875.96,256.467506,1579280399999.0,2276749.54646927,2759.0,136.066182,1207880.2024097,0.0,BTCUSDT
2020-01-17 17:00:00,8875.96,8880.0,8855.81,8868.11,418.187689,1579280699999.0,3707410.63271778,2844.0,243.516681,2158708.10858329,0.0,BTCUSDT
2020-01-17 17:05:00,8868.1,8894.5,8867.22,8894.5,225.077143,1579280999999.0,1999081.75862351,2388.0,131.355632,1166325.57457867,0.0,BTCUSDT
2020-01-17 17:10:00,8893.28,8906.03,8883.0,8904.09,167.332434,1579281299999.0,1488311.4030359,1656.0,90.614858,806175.5492481,0.0,BTCUSDT
2020-01-17 17:15:00,8904.11,8919.42,8900.42,8905.87,191.151233,1579281599999.0,1702908.33435235,2008.0,97.205663,866017.22210388,0.0,BTCUSDT
2020-01-17 17:20:00,8905.94,8906.53,8882.17,8898.53,290.485715,1579281899999.0,2584819.52073936,2127.0,84.809322,754379.25156053,0.0,BTCUSDT
2020-01-17 17:25:00,8898.53,8900.0,8882.86,8884.17,117.650614,1579282199999.0,1046035.89422351,1622.0,55.702962,495231.20358976,0.0,BTCUSDT
2020-01-17 17:30:00,8883.17,8907.04,8878.56,8906.22,156.646377,1579282499999.0,1393274.40825587,1811.0,86.720233,771430.40119525,0.0,BTCUSDT
2020-01-17 17:35:00,8906.13,8909.78,8893.72,8902.09,100.661508,1579282799999.0,896001.77775234,1512.0,51.978188,462674.1544052,0.0,BTCUSDT
2020-01-17 17:40:00,8902.02,8905.26,8882.34,8883.36,115.909179,1579283099999.0,1031035.76464527,1697.0,51.428835,457489.30960529,0.0,BTCUSDT
2020-01-17 17:45:00,8884.23,8889.62,8878.17,8881.02,87.771774,1579283399999.0,779739.42393491,1612.0,43.179644,383611.44480346,0.0,BTCUSDT
2020-01-17 17:50:00,8881.64,8894.0,8870.0,8870.94,136.035344,1579283699999.0,1208130.4606719,1746.0,68.15854,605342.47025062,0.0,BTCUSDT
2020-01-17 17:55:00,8870.83,8892.81,8870.83,8890.97,112.12397,1579283999999.0,995996.0536548,1809.0,68.773188,610894.82606825,0.0,BTCUSDT
2020-01-17 18:00:00,8890.04,8898.92,8886.17,8889.21,112.038211,1579284299999.0,996272.17963184,1677.0,52.023898,462619.2507196,0.0,BTCUSDT
2020-01-17 18:05:00,8888.65,8907.51,8888.59,8903.45,155.765691,1579284599999.0,1386216.17147211,1970.0,94.331434,839494.64080951,0.0,BTCUSDT
2020-01-17 18:10:00,8903.46,8909.49,8884.29,8891.99,204.58938,1579284899999.0,1821145.66861144,1838.0,77.920458,693651.91541014,0.0,BTCUSDT
2020-01-17 18:15:00,8891.99,8904.77,8891.36,8897.93,75.951431,1579285199999.0,675892.3833778,1352.0,42.790938,380800.40658861,0.0,BTCUSDT
2020-01-17 18:20:00,8898.69,8907.33,8885.92,8907.32,134.676491,1579285499999.0,1198356.72061155,1460.0,104.858966,933140.28925268,0.0,BTCUSDT
2020-01-17 18:25:00,8907.32,8908.72,8896.17,8898.28,123.842292,1579285799999.0,1102563.62480043,1532.0,61.364052,546335.07247564,0.0,BTCUSDT
2020-01-17 18:30:00,8898.28,8907.0,8890.42,8904.8,134.155383,1579286099999.0,1193841.50383234,1607.0,69.008147,614139.83067757,0.0,BTCUSDT
2020-01-17 18:35:00,8904.78,8912.75,8882.59,8897.59,232.291797,1579286399999.0,2067659.86971333,1977.0,119.01184,1059507.54903136,0.0,BTCUSDT
2020-01-17 18:40:00,8896.98,8943.51,8891.45,8930.7,233.505032,1579286699999.0,2082225.85987898,3011.0,132.114811,1178235.33909694,0.0,BTCUSDT
2020-01-17 18:45:00,8930.2,8954.49,8926.51,8945.41,483.975335,1579286999999.0,4327554.05148606,3774.0,269.746354,2412185.89003028,0.0,BTCUSDT
2020-01-17 18:50:00,8945.2,8947.51,8915.61,8915.61,231.658581,1579287299999.0,2069260.9509002,2728.0,79.077599,706389.77454314,0.0,BTCUSDT
2020-01-17 18:55:00,8915.45,8923.58,8900.01,8920.12,163.431565,1579287599999.0,1456379.34177048,1867.0,70.646349,629642.99244289,0.0,BTCUSDT
2020-01-17 19:00:00,8920.5,8927.64,8913.17,8918.0,88.96407,1579287899999.0,793505.52382372,1336.0,47.102581,420130.04512078,0.0,BTCUSDT
2020-01-17 19:05:00,8916.71,8935.2,8916.71,8931.32,132.830836,1579288199999.0,1186055.07342012,1537.0,61.82478,551988.09199777,0.0,BTCUSDT
2020-01-17 19:10:00,8933.0,8952.62,8931.36,8951.0,146.212759,1579288499999.0,1307418.16147964,2082.0,84.267881,753626.76695636,0.0,BTCUSDT
2020-01-17 19:15:00,8950.07,8955.55,8943.49,8949.12,393.646629,1579288799999.0,3523752.06222209,3058.0,205.16446,1836706.80948205,0.0,BTCUSDT
2020-01-17 19:20:00,8949.12,8951.59,8923.18,8930.89,172.839487,1579289099999.0,1544230.51615386,2323.0,77.839454,695414.91366452,0.0,BTCUSDT
2020-01-17 19:25:00,8930.89,8939.93,8920.0,8938.17,131.246272,1579289399999.0,1171747.7371707,2088.0,55.974145,499737.57989859,0.0,BTCUSDT
2020-01-17 19:30:00,8938.3,8953.0,8926.85,8928.2,150.016306,1579289699999.0,1341122.45407137,2194.0,78.394736,700897.61579504,0.0,BTCUSDT
2020-01-17 19:35:00,8928.2,8933.38,8885.38,8888.31,411.266906,1579289999999.0,3662339.74937121,3004.0,266.761922,2375247.29360098,0.0,BTCUSDT
2020-01-17 19:40:00,8888.31,8899.56,8872.01,8880.57,294.001566,1579290299999.0,2612475.65058345,4139.0,137.008813,1217659.65710337,0.0,BTCUSDT
2020-01-17 19:45:00,8881.55,8882.37,8813.0,8850.99,839.173832,1579290599999.0,7422949.47538903,7718.0,338.336154,2992484.98345093,0.0,BTCUSDT
2020-01-17 19:50:00,8848.32,8881.23,8840.0,8867.85,347.58173,1579290899999.0,3079379.12670391,4004.0,181.568332,1608584.69358444,0.0,BTCUSDT
2020-01-17 19:55:00,8867.18,8887.84,8860.94,8879.71,152.27462,1579291199999.0,1351283.57943665,2281.0,64.104793,568783.53331331,0.0,BTCUSDT
2020-01-17 20:00:00,8879.63,8897.9,8861.66,8896.96,227.868036,1579291499999.0,2023568.65762389,2931.0,114.511725,1016771.95090608,0.0,BTCUSDT
2020-01-17 20:05:00,8897.08,8934.77,8894.96,8915.9,331.53584,1579291799999.0,2955941.4672663,4606.0,160.398364,1429904.11833435,0.0,BTCUSDT
2020-01-17 20:10:00,8916.43,8927.55,8906.11,8910.2,184.436415,1579292099999.0,1644263.85993033,2859.0,75.852839,676272.73482773,0.0,BTCUSDT
2020-01-17 20:15:00,8911.88,8920.0,8880.0,8895.32,216.517322,1579292399999.0,1926988.05307133,2575.0,113.998019,1014697.0665588,0.0,BTCUSDT
2020-01-17 20:20:00,8895.49,8912.59,8893.89,8899.0,208.133019,1579292699999.0,1852950.50321616,1807.0,59.546255,530066.68290757,0.0,BTCUSDT
2020-01-17 20:25:00,8899.99,8899.99,8880.0,8889.38,127.41141,1579292999999.0,1132498.93508948,1963.0,52.073637,462872.44637479,0.0,BTCUSDT
2020-01-17 20:30:00,8887.96,8901.15,8884.72,8897.08,118.042309,1579293299999.0,1049751.2662029,1753.0,54.554118,485159.51513319,0.0,BTCUSDT
2020-01-17 20:35:00,8898.31,8909.7,8875.57,8884.09,125.522719,1579293599999.0,1116360.72899195,1809.0,53.1697,473060.2732659,0.0,BTCUSDT
2020-01-17 20:40:00,8884.08,8892.36,8870.0,8883.05,116.373033,1579293899999.0,1033813.91358298,1707.0,60.454662,537055.49158202,0.0,BTCUSDT
2020-01-17 20:45:00,8883.84,8897.9,8872.11,8896.49,108.731583,1579294199999.0,966278.7697848,1336.0,60.260594,535510.64076793,0.0,BTCUSDT
2020-01-17 20:50:00,8896.49,8905.0,8894.93,8902.69,106.015434,1579294499999.0,943448.14923677,1315.0,42.342965,376846.3196525,0.0,BTCUSDT
2020-01-17 20:55:00,8904.0,8904.86,8876.6,8879.64,80.230389,1579294799999.0,713122.65040312,1303.0,37.572544,333925.31583195,0.0,BTCUSDT
2020-01-17 21:00:00,8879.74,8897.98,8874.82,8894.68,83.165042,1579295099999.0,739195.47621574,1358.0,44.450286,395043.95994426,0.0,BTCUSDT
2020-01-17 21:05:00,8894.66,8900.0,8884.58,8888.25,92.13599,1579295399999.0,819310.83982684,1281.0,41.901025,372609.00740302,0.0,BTCUSDT
2020-01-17 21:10:00,8888.25,8899.5,8883.43,8897.32,101.993086,1579295699999.0,906778.84870783,1308.0,57.887199,514674.64602919,0.0,BTCUSDT
2020-01-17 21:15:00,8897.38,8900.0,8892.45,8899.5,85.438976,1579295999999.0,760221.50885146,1094.0,51.637103,459480.01203105,0.0,BTCUSDT
2020-01-17 21:20:00,8899.5,8905.0,8898.96,8900.41,75.450104,1579296299999.0,671662.35720531,989.0,45.893939,408553.28451706,0.0,BTCUSDT
2020-01-17 21:25:00,8900.41,8900.41,8884.0,8890.28,43.671205,1579296599999.0,388438.56775904,887.0,21.713067,193134.77636888,0.0,BTCUSDT
2020-01-17 21:30:00,8890.09,8902.0,8884.43,8897.55,73.968705,1579296899999.0,657674.71517596,1484.0,39.419087,350488.02856664,0.0,BTCUSDT
2020-01-17 21:35:00,8897.55,8902.0,8893.22,8901.0,45.724384,1579297199999.0,406848.64103029,860.0,27.931186,248531.4312321,0.0,BTCUSDT
2020-01-17 21:40:00,8901.17,8902.0,8892.43,8894.17,60.322498,1579297499999.0,536679.08496855,1087.0,32.110153,285694.05379913,0.0,BTCUSDT
2020-01-17 21:45:00,8894.16,8895.0,8890.0,8894.19,44.459991,1579297799999.0,395318.15201688,782.0,27.55616,245015.89554281,0.0,BTCUSDT
2020-01-17 21:50:00,8894.19,8934.89,8893.0,8930.71,133.386697,1579298099999.0,1189071.64883834,2027.0,86.992052,775390.05643551,0.0,BTCUSDT
2020-01-17 21:55:00,8930.58,8932.95,8912.04,8922.34,107.256346,1579298399999.0,956894.78036109,1244.0,53.739605,479407.7510801,0.0,BTCUSDT
2020-01-17 22:00:00,8922.43,8936.18,8911.37,8914.27,85.861133,1579298699999.0,766304.58867303,1272.0,42.759183,381678.02852655,0.0,BTCUSDT
2020-01-17 22:05:00,8915.57,8918.0,8901.0,8910.77,65.204664,1579298999999.0,580964.76331569,1108.0,29.787673,265423.9647986,0.0,BTCUSDT
2020-01-17 22:10:00,8912.14,8918.0,8908.7,8910.38,65.091351,1579299299999.0,580207.77652573,1160.0,32.765481,292065.27464811,0.0,BTCUSDT
2020-01-17 22:15:00,8910.0,8920.44,8907.12,8919.62,60.430504,1579299599999.0,538579.02246082,1291.0,32.184685,286871.11235949,0.0,BTCUSDT
2020-01-17 22:20:00,8920.24,8924.82,8917.27,8922.71,86.886196,1579299899999.0,775107.84469679,1482.0,45.054184,401949.77690783,0.0,BTCUSDT
2020-01-17 22:25:00,8922.74,8924.94,8915.94,8917.09,92.604425,1579300199999.0,826144.15694784,1418.0,37.13907,331333.55404451,0.0,BTCUSDT
2020-01-17 22:30:00,8917.99,8919.29,8903.26,8907.92,63.515002,1579300499999.0,565913.14945431,1106.0,32.678175,291163.22389835,0.0,BTCUSDT
2020-01-17 22:35:00,8907.95,8919.98,8905.08,8917.59,63.734711,1579300799999.0,568100.67764305,1016.0,43.192001,385002.20918295,0.0,BTCUSDT
2020-01-17 22:40:00,8917.6,8940.0,8917.6,8934.66,142.498984,1579301099999.0,1272996.72425543,2068.0,73.170168,653643.18423241,0.0,BTCUSDT
2020-01-17 22:45:00,8935.35,8945.0,8931.35,8944.31,229.223268,1579301399999.0,2049019.59143575,2026.0,165.942921,1483421.41223463,0.0,BTCUSDT
2020-01-17 22:50:00,8945.0,8959.0,8944.32,8955.05,622.192821,1579301699999.0,5568661.7617173,3875.0,548.727834,4910974.18803877,0.0,BTCUSDT
2020-01-17 22:55:00,8955.05,8955.05,8930.19,8939.59,183.122711,1579301999999.0,1637197.22870829,2477.0,96.906006,866410.43738727,0.0,BTCUSDT
2020-01-17 23:00:00,8938.99,8959.0,8938.98,8959.0,144.032202,1579302299999.0,1289169.2565053,1801.0,64.946279,581294.86501621,0.0,BTCUSDT
2020-01-17 23:05:00,8959.0,8959.18,8936.0,8950.0,139.209238,1579302599999.0,1245947.20951697,1508.0,74.395924,665849.849796,0.0,BTCUSDT
2020-01-17 23:10:00,8946.86,8955.21,8944.77,8953.27,94.067513,1579302899999.0,841921.54627238,1205.0,56.312776,504017.48062829,0.0,BTCUSDT
2020-01-17 23:15:00,8953.26,8961.6,8950.0,8955.01,152.331316,1579303199999.0,1364339.99594982,1925.0,80.705345,722873.88078725,0.0,BTCUSDT
2020-01-17 23:20:00,8955.01,8955.89,8932.39,8938.18,140.226333,1579303499999.0,1253662.92722475,1793.0,82.274217,735514.60253683,0.0,BTCUSDT
2020-01-17 23:25:00,8938.0,8938.04,8910.3,8915.52,321.493885,1579303799999.0,2869822.65407686,2634.0,96.592775,861953.342009,0.0,BTCUSDT
2020-01-17 23:30:00,8917.31,8939.28,8915.52,8938.13,84.002246,1579304099999.0,749850.13855185,1268.0,44.145392,394063.32361272,0.0,BTCUSDT
2020-01-17 23:35:00,8938.83,8942.12,8922.16,8939.99,297.836435,1579304399999.0,2659813.80409812,1547.0,176.501805,1575885.49071126,0.0,BTCUSDT
2020-01-17 23:40:00,8938.8,8948.67,8937.56,8941.95,58.256235,1579304699999.0,521052.64646554,982.0,23.800196,212874.87667747,0.0,BTCUSDT
2020-01-17 23:45:00,8941.59,8943.98,8920.0,8922.27,81.601598,1579304999999.0,728730.79382948,1182.0,38.347231,342448.64398859,0.0,BTCUSDT
2020-01-17 23:50:00,8922.32,8933.13,8916.49,8930.92,92.616382,1579305299999.0,826525.42794043,1326.0,44.143399,393958.60882228,0.0,BTCUSDT
2020-01-17 23:55:00,8930.96,8932.58,8905.49,8913.28,232.082284,1579305599999.0,2068858.01742603,2098.0,150.522609,1341549.11328292,0.0,BTCUSDT
2020-01-18 00:00:00,8913.27,8913.27,8855.55,8889.95,405.319185,1579305899999.0,3602206.77617928,3877.0,163.325148,1452085.51996991,0.0,BTCUSDT
2020-01-18 00:05:00,8889.96,8928.14,8889.55,8922.64,161.912462,1579306199999.0,1442922.92833261,2267.0,88.111417,785094.8270672,0.0,BTCUSDT
2020-01-18 00:10:00,8920.93,8944.59,8914.55,8939.99,135.37902,1579306499999.0,1208950.93969546,1700.0,82.262179,734634.78356757,0.0,BTCUSDT
2020-01-18 00:15:00,8938.36,8951.85,8930.27,8942.75,210.032128,1579306799999.0,1877652.88828081,2509.0,122.527277,1095560.94807486,0.0,BTCUSDT
2020-01-18 00:20:00,8942.75,8945.98,8927.4,8939.09,120.288214,1579307099999.0,1075012.53777651,1794.0,58.291863,520978.20724538,0.0,BTCUSDT
2020-01-18 00:25:00,8939.09,8939.37,8925.0,8931.05,65.999152,1579307399999.0,589579.95222406,1211.0,34.149432,305054.1016196,0.0,BTCUSDT
2020-01-18 00:30:00,8932.02,8956.68,8926.38,8955.46,147.633014,1579307699999.0,1320254.32424566,2257.0,80.589432,720581.69807661,0.0,BTCUSDT
2020-01-18 00:35:00,8956.12,8977.77,8953.6,8971.86,339.027146,1579307999999.0,3040517.96476335,3570.0,219.596155,1969544.87555466,0.0,BTCUSDT
2020-01-18 00:40:00,8971.85,8978.0,8956.13,8966.66,203.86185,1579308299999.0,1828912.63399116,2100.0,89.742231,805040.85501843,0.0,BTCUSDT
2020-01-18 00:45:00,8967.2,8987.9,8961.15,8967.09,419.308082,1579308599999.0,3764640.6144649,3202.0,204.370913,1834608.96547822,0.0,BTCUSDT
2020-01-18 00:50:00,8968.44,8978.26,8956.0,8958.9,116.959763,1579308899999.0,1049266.77070418,1861.0,57.77532,518330.30132977,0.0,BTCUSDT
2020-01-18 00:55:00,8958.45,8986.89,8956.2,8978.96,193.191067,1579309199999.0,1733759.73149959,2335.0,97.619688,875959.42655355,0.0,BTCUSDT
2020-01-18 01:00:00,8979.23,8988.88,8964.47,8970.77,205.504117,1579309499999.0,1844819.85657258,2948.0,102.860306,923327.39765936,0.0,BTCUSDT
2020-01-18 01:05:00,8970.0,8971.25,8935.09,8938.44,236.465788,1579309799999.0,2117229.88100535,2278.0,121.097671,1084162.31031853,0.0,BTCUSDT
2020-01-18 01:10:00,8938.16,8960.0,8935.0,8958.4,156.631511,1579310099999.0,1401210.41278302,2222.0,87.451347,782344.85601107,0.0,BTCUSDT
2020-01-18 01:15:00,8958.64,8958.64,8940.81,8943.17,107.872093,1579310399999.0,965067.40689022,1653.0,54.00301,483133.92817096,0.0,BTCUSDT
2020-01-18 01:20:00,8943.17,8971.33,8942.62,8968.05,100.729939,1579310699999.0,902587.21049325,1623.0,56.762079,508655.65901349,0.0,BTCUSDT
2020-01-18 01:25:00,8967.21,8967.88,8957.46,8957.91,76.474033,1579310999999.0,685380.57793442,1082.0,31.479005,282090.49883548,0.0,BTCUSDT
2020-01-18 01:30:00,8958.72,8964.29,8946.25,8963.17,146.793905,1579311299999.0,1314493.10557094,1931.0,75.465361,675812.6390174,0.0,BTCUSDT
2020-01-18 01:35:00,8964.25,8974.61,8953.03,8956.88,198.974303,1579311599999.0,1783307.20051459,2626.0,93.508423,838146.31768491,0.0,BTCUSDT
2020-01-18 01:40:00,8959.61,8959.73,8900.0,8910.43,373.488728,1579311899999.0,3333184.57661837,4511.0,173.29886,1546941.30844629,0.0,BTCUSDT
2020-01-18 01:45:00,8911.75,8931.56,8900.0,8930.06,252.791461,1579312199999.0,2253705.46097369,2619.0,166.180138,1481325.83019288,0.0,BTCUSDT
2020-01-18 01:50:00,8929.09,8932.64,8910.0,8921.61,142.265335,1579312499999.0,1268968.01382602,1963.0,76.238192,680073.5111717,0.0,BTCUSDT
2020-01-18 01:55:00,8922.34,8943.22,8921.61,8941.33,104.754825,1579312799999.0,935599.20857378,1562.0,62.405585,557376.1023133,0.0,BTCUSDT
2020-01-18 02:00:00,8941.47,8947.63,8928.63,8933.06,100.866897,1579313099999.0,901752.01771996,1170.0,54.127575,483983.44905402,0.0,BTCUSDT
2020-01-18 02:05:00,8932.54,8932.92,8920.0,8928.13,104.629658,1579313399999.0,933904.1596864,1148.0,50.940475,454737.57250628,0.0,BTCUSDT
2020-01-18 02:10:00,8928.13,8931.52,8915.87,8919.65,110.35674,1579313699999.0,984756.12130023,1333.0,54.288063,484462.18677093,0.0,BTCUSDT
2020-01-18 02:15:00,8919.21,8919.25,8900.01,8907.25,136.158219,1579313999999.0,1212763.29406003,1748.0,70.687783,629623.15975918,0.0,BTCUSDT
2020-01-18 02:20:00,8905.89,8917.02,8897.4,8914.24,103.624675,1579314299999.0,922780.92733986,1259.0,48.512299,432044.93677107,0.0,BTCUSDT
2020-01-18 02:25:00,8914.97,8925.0,8913.18,8925.0,61.86563,1579314599999.0,551793.02450601,886.0,33.376979,297708.65272383,0.0,BTCUSDT
2020-01-18 02:30:00,8925.0,8925.0,8910.2,8915.75,134.275823,1579314899999.0,1197662.45480389,1295.0,62.458116,557000.80114641,0.0,BTCUSDT
2020-01-18 02:35:00,8915.52,8918.98,8905.0,8913.01,73.618338,1579315199999.0,656058.76737021,995.0,37.742337,336363.71002187,0.0,BTCUSDT
2020-01-18 02:40:00,8913.0,8919.0,8903.03,8904.68,64.839691,1579315499999.0,577782.65548186,797.0,34.965197,311589.78587461,0.0,BTCUSDT
2020-01-18 02:45:00,8904.77,8913.25,8903.0,8910.99,82.674136,1579315799999.0,736478.38685842,836.0,46.467355,413935.04967877,0.0,BTCUSDT
2020-01-18 02:50:00,8910.82,8922.81,8909.34,8919.99,81.823894,1579316099999.0,729669.24390627,1158.0,51.32206,457681.95753212,0.0,BTCUSDT
2020-01-18 02:55:00,8919.99,8923.99,8911.18,8921.21,59.636228,1579316399999.0,531808.01510519,833.0,42.411353,378204.80582406,0.0,BTCUSDT
2020-01-18 03:00:00,8921.17,8921.25,8908.63,8910.01,53.866259,1579316699999.0,480175.72828924,914.0,35.169203,313503.06906327,0.0,BTCUSDT
2020-01-18 03:05:00,8910.65,8913.89,8899.0,8906.86,107.860985,1579316999999.0,960486.28733519,1241.0,48.221377,429452.65846985,0.0,BTCUSDT
2020-01-18 03:10:00,8906.69,8928.51,8906.69,8928.51,113.437266,1579317299999.0,1011848.95775705,1167.0,64.435767,574798.06725426,0.0,BTCUSDT
2020-01-18 03:15:00,8927.96,8939.49,8925.02,8935.47,91.846733,1579317599999.0,820488.24995364,1228.0,60.888588,543919.20904875,0.0,BTCUSDT
2020-01-18 03:20:00,8935.47,8948.57,8927.04,8943.31,141.437631,1579317899999.0,1264430.85138555,1368.0,71.719087,641226.89399832,0.0,BTCUSDT
2020-01-18 03:25:00,8943.29,8946.9,8930.89,8939.16,91.016677,1579318199999.0,813606.97376988,1267.0,41.029507,366761.3535004,0.0,BTCUSDT
2020-01-18 03:30:00,8939.03,8943.99,8933.14,8937.11,83.730002,1579318499999.0,748322.9776757,1158.0,39.766561,355413.41390507,0.0,BTCUSDT
2020-01-18 03:35:00,8937.3,8946.81,8930.31,8932.99,74.228923,1579318799999.0,663519.40367435,1168.0,30.781318,275134.24719389,0.0,BTCUSDT
2020-01-18 03:40:00,8932.81,8936.84,8921.0,8921.0,125.622147,1579319099999.0,1121772.72614713,1404.0,55.346701,494267.43066383,0.0,BTCUSDT
2020-01-18 03:45:00,8921.0,8935.06,8919.85,8933.43,75.431826,1579319399999.0,673408.03286126,1035.0,36.366962,324654.21774426,0.0,BTCUSDT
2020-01-18 03:50:00,8934.15,8938.86,8926.96,8928.99,68.213896,1579319699999.0,609470.62258705,876.0,38.617199,345033.7152297,0.0,BTCUSDT
2020-01-18 03:55:00,8928.6,8929.04,8920.85,8925.99,48.295908,1579319999999.0,431027.3421524,640.0,25.446857,227126.70831293,0.0,BTCUSDT
2020-01-18 04:00:00,8926.07,8926.95,8905.13,8915.06,146.150876,1579320299999.0,1302783.37730669,1604.0,75.769095,675421.85829897,0.0,BTCUSDT
2020-01-18 04:05:00,8915.06,8915.12,8898.0,8911.22,132.201718,1579320599999.0,1177337.26797144,1584.0,56.438695,502671.84834868,0.0,BTCUSDT
2020-01-18 04:10:00,8912.02,8912.17,8890.92,8898.29,121.765404,1579320899999.0,1083721.68507456,1441.0,54.811697,487854.72569213,0.0,BTCUSDT
2020-01-18 04:15:00,8898.14,8909.89,8896.35,8903.45,102.333568,1579321199999.0,911125.85418263,1186.0,48.945029,435720.25098926,0.0,BTCUSDT
2020-01-18 04:20:00,8903.8,8904.72,8880.0,8888.0,152.767028,1579321499999.0,1358015.34419673,1745.0,63.090308,560909.27807068,0.0,BTCUSDT
2020-01-18 04:25:00,8888.0,8888.0,8876.06,8883.04,289.269234,1579321799999.0,2569318.2001936,3016.0,151.286957,1343794.3392003,0.0,BTCUSDT
2020-01-18 04:30:00,8882.98,8884.08,8857.08,8870.0,330.766225,1579322099999.0,2932685.08999199,3619.0,164.184998,1455696.4354816,0.0,BTCUSDT
2020-01-18 04:35:00,8870.0,8878.53,8860.0,8863.86,201.189901,1579322399999.0,1784802.59558886,2481.0,124.38613,1103482.51886444,0.0,BTCUSDT
2020-01-18 04:40:00,8863.55,8864.47,8826.0,8831.79,755.354826,1579322699999.0,6678657.41144468,6435.0,474.18687,4192721.14242038,0.0,BTCUSDT
2020-01-18 04:45:00,8829.53,8855.0,8826.0,8852.53,271.22167,1579322999999.0,2398393.85906461,3682.0,140.720132,1244420.75068367,0.0,BTCUSDT
2020-01-18 04:50:00,8853.69,8868.06,8850.54,8852.55,170.973849,1579323299999.0,1514521.97982052,1677.0,81.783199,724418.95179415,0.0,BTCUSDT
2020-01-18 04:55:00,8852.74,8854.73,8837.01,8843.82,196.888223,1579323599999.0,1741645.82725825,1773.0,115.062125,1017800.91123736,0.0,BTCUSDT
2020-01-18 05:00:00,8842.79,8869.85,8836.82,8868.0,154.612062,1579323899999.0,1368991.46107133,1881.0,78.648939,696342.16387196,0.0,BTCUSDT
2020-01-18 05:05:00,8868.9,8872.3,8847.36,8857.49,279.281807,1579324199999.0,2475988.90944222,1756.0,96.886456,858673.96446253,0.0,BTCUSDT
2020-01-18 05:10:00,8857.49,8858.69,8840.0,8840.0,215.040146,1579324499999.0,1901818.62434944,1650.0,98.149808,868127.10619825,0.0,BTCUSDT
2020-01-18 05:15:00,8840.01,8842.99,8825.0,8836.3,342.033514,1579324799999.0,3021371.64450372,3387.0,96.554347,852779.81701796,0.0,BTCUSDT
2020-01-18 05:20:00,8836.18,8839.17,8825.62,8828.36,169.489816,1579325099999.0,1496906.33446299,1878.0,87.477351,772625.57217369,0.0,BTCUSDT
2020-01-18 05:25:00,8828.6,8836.71,8820.0,8825.01,413.116423,1579325399999.0,3645735.43429361,3141.0,105.743448,933437.78625466,0.0,BTCUSDT
2020-01-18 05:30:00,8825.01,8840.52,8815.0,8835.15,239.449591,1579325699999.0,2113637.70790442,2373.0,112.034385,989199.44248097,0.0,BTCUSDT
2020-01-18 05:35:00,8835.16,8854.93,8833.96,8848.17,107.974478,1579325999999.0,955050.55915343,1390.0,61.262008,541831.93435344,0.0,BTCUSDT
2020-01-18 05:40:00,8847.65,8854.13,8843.0,8852.95,92.915349,1579326299999.0,821971.02095369,1046.0,48.280355,427142.49911931,0.0,BTCUSDT
2020-01-18 05:45:00,8852.95,8860.75,8852.93,8856.18,77.786407,1579326599999.0,688882.86073458,957.0,41.990562,371873.54112702,0.0,BTCUSDT
2020-01-18 05:50:00,8855.71,8858.64,8833.45,8838.67,157.987276,1579326899999.0,1397021.63746717,1581.0,50.940769,450513.93148394,0.0,BTCUSDT
2020-01-18 05:55:00,8838.7,8850.0,8834.51,8845.19,74.890416,1579327199999.0,662258.31449905,1008.0,43.454331,384286.2972265,0.0,BTCUSDT
2020-01-18 06:00:00,8845.53,8849.86,8827.87,8832.1,111.26724,1579327499999.0,983113.88128117,1423.0,53.001576,468342.35297366,0.0,BTCUSDT
2020-01-18 06:05:00,8831.9,8843.37,8827.0,8827.57,72.023205,1579327799999.0,636275.58196698,1124.0,44.263989,391044.466214,0.0,BTCUSDT
2020-01-18 06:10:00,8827.41,8832.17,8812.0,8813.22,142.715643,1579328099999.0,1258713.22061952,1674.0,70.854454,624954.4594242,0.0,BTCUSDT
2020-01-18 06:15:00,8813.19,8845.7,8806.38,8841.01,210.565528,1579328399999.0,1857849.82309175,2401.0,88.425042,780176.47470235,0.0,BTCUSDT
2020-01-18 06:20:00,8841.01,8848.0,8835.07,8845.98,114.913019,1579328699999.0,1016057.2503009,1027.0,71.191552,629509.11655762,0.0,BTCUSDT
2020-01-18 06:25:00,8845.98,8859.98,8841.18,8853.67,91.586402,1579328999999.0,810532.72434369,1158.0,56.211406,497502.08100408,0.0,BTCUSDT
2020-01-18 06:30:00,8853.67,8859.3,8848.08,8852.82,68.255772,1579329299999.0,604292.16893545,875.0,29.73219,263238.79667289,0.0,BTCUSDT
2020-01-18 06:35:00,8852.79,8864.32,8851.12,8864.32,79.849002,1579329599999.0,707429.57103348,935.0,41.722104,369611.00898097,0.0,BTCUSDT
2020-01-18 06:40:00,8864.32,8876.48,8863.78,8867.64,122.769378,1579329899999.0,1088989.31632457,1320.0,75.45599,669364.71237916,0.0,BTCUSDT
2020-01-18 06:45:00,8867.65,8868.61,8860.0,8864.29,139.607055,1579330199999.0,1237617.34106622,1342.0,48.925083,433703.82106853,0.0,BTCUSDT
2020-01-18 06:50:00,8865.23,8870.0,8864.33,8867.13,48.599777,1579330499999.0,430927.67914897,907.0,20.5357,182094.84012408,0.0,BTCUSDT
2020-01-18 06:55:00,8867.3,8868.61,8855.01,8864.72,79.602576,1579330799999.0,705365.42839933,1213.0,44.32837,392800.86409812,0.0,BTCUSDT
2020-01-18 07:00:00,8863.7,8864.6,8853.33,8855.39,98.751241,1579331099999.0,874750.76151455,1229.0,44.374611,393040.10034295,0.0,BTCUSDT
2020-01-18 07:05:00,8855.62,8856.17,8845.04,8853.77,81.826301,1579331399999.0,724241.21411806,1032.0,33.536264,296838.33785675,0.0,BTCUSDT
2020-01-18 07:10:00,8854.11,8867.91,8850.87,8865.7,64.328784,1579331699999.0,569973.59823197,860.0,36.024836,319187.73260243,0.0,BTCUSDT
2020-01-18 07:15:00,8865.71,8875.0,8860.78,8874.14,75.595544,1579331999999.0,670531.05206144,982.0,40.889591,362685.38554234,0.0,BTCUSDT
2020-01-18 07:20:00,8874.99,8879.97,8868.24,8869.01,89.819907,1579332299999.0,797076.76682583,1140.0,39.303562,348795.62280559,0.0,BTCUSDT
2020-01-18 07:25:00,8869.01,8873.31,8862.07,8867.73,76.100991,1579332599999.0,674812.79862112,1063.0,43.494943,385679.20069801,0.0,BTCUSDT
2020-01-18 07:30:00,8868.25,8876.28,8861.36,8862.76,74.872346,1579332899999.0,663983.68631656,866.0,43.110133,382294.24082059,0.0,BTCUSDT
2020-01-18 07:35:00,8862.93,8867.62,8856.16,8866.28,67.042017,1579333199999.0,594068.87468163,866.0,35.542777,314970.90258041,0.0,BTCUSDT
2020-01-18 07:40:00,8866.28,8866.3,8857.24,8858.46,41.352057,1579333499999.0,366409.41349116,776.0,17.970983,159232.43754202,0.0,BTCUSDT
2020-01-18 07:45:00,8858.41,8864.17,8847.45,8859.88,54.530717,1579333799999.0,482874.98687148,1014.0,31.836959,281937.44276252,0.0,BTCUSDT
2020-01-18 07:50:00,8859.79,8860.17,8851.0,8856.44,41.687417,1579334099999.0,369176.06419828,765.0,21.337501,188963.44885047,0.0,BTCUSDT
2020-01-18 07:55:00,8856.46,8857.22,8838.0,8843.63,84.230846,1579334399999.0,745315.30668555,1170.0,46.368311,410271.90120078,0.0,BTCUSDT
2020-01-18 08:00:00,8843.63,8856.99,8838.0,8856.11,60.720285,1579334699999.0,537106.59863656,1064.0,30.996874,274196.13144613,0.0,BTCUSDT
2020-01-18 08:05:00,8855.48,8857.92,8840.03,8840.85,51.321816,1579334999999.0,454275.56510693,879.0,21.753659,192528.08052516,0.0,BTCUSDT
2020-01-18 08:10:00,8840.35,8843.02,8826.71,8833.11,81.581721,1579335299999.0,720766.40321557,1260.0,38.228228,337732.97781831,0.0,BTCUSDT
2020-01-18 08:15:00,8834.74,8834.76,8825.0,8828.75,83.114297,1579335599999.0,733905.1523639,1007.0,38.034892,335831.29952297,0.0,BTCUSDT
2020-01-18 08:20:00,8828.81,8835.45,8818.0,8830.4,189.220868,1579335899999.0,1669799.45729424,1402.0,69.076809,609688.82864996,0.0,BTCUSDT
2020-01-18 08:25:00,8830.44,8850.0,8830.0,8849.6,62.156264,1579336199999.0,549575.14835358,1102.0,40.339614,356695.67795622,0.0,BTCUSDT
2020-01-18 08:30:00,8848.99,8850.0,8831.0,8839.11,86.896969,1579336499999.0,768309.26332921,1094.0,40.904788,361719.57150835,0.0,BTCUSDT
